segment_id,observation_type,value_json,observed_at,source_reliability,verification_state
579424,blocked_sidewalk,"{""blocked"": true}",2026-08-15T06:02:43+00:00,0.7,REPORTED
593483,blocked_sidewalk,"{""blocked"": true}",2026-08-15T06:02:43+00:00,0.7,REPORTED
574990,poor_lighting,"{""poor"": true}",2026-08-15T06:02:43+00:00,0.7,REPORTED
458000,road_hazard,"{""hazard"": true, ""kind"": ""unpaved""}",2026-08-15T06:02:43+00:00,0.7,REPORTED
458001,road_hazard,"{""hazard"": true, ""kind"": ""unpaved""}",2026-08-15T06:02:43+00:00,0.7,REPORTED
571993,blocked_sidewalk,"{""blocked"": true}",2026-08-15T06:02:43+00:00,0.7,REPORTED
490092,blocked_sidewalk,"{""blocked"": true}",2026-08-15T06:02:43+00:00,0.7,REPORTED
495893,blocked_sidewalk,"{""blocked"": true}",2026-08-15T06:02:43+00:00,0.7,REPORTED
581498,blocked_sidewalk,"{""blocked"": true}",2026-08-15T06:02:43+00:00,0.7,REPORTED
493481,blocked_sidewalk,"{""blocked"": true}",2026-08-15T06:02:43+00:00,0.7,REPORTED
490264,blocked_sidewalk,"{""blocked"": true}",2026-08-15T06:02:43+00:00,0.7,REPORTED
490273,blocked_sidewalk,"{""blocked"": true}",2026-08-15T06:02:43+00:00,0.7,REPORTED
490081,blocked_sidewalk,"{""blocked"": true}",2026-08-15T06:02:43+00:00,0.7,REPORTED
579423,blocked_sidewalk,"{""blocked"": true}",2026-08-15T06:02:43+00:00,0.7,REPORTED
533704,road_hazard,"{""hazard"": true, ""kind"": ""unpaved""}",2026-08-15T06:02:43+00:00,0.7,REPORTED
464261,blocked_sidewalk,"{""blocked"": true}",2026-08-15T06:02:43+00:00,0.7,REPORTED
464365,blocked_sidewalk,"{""blocked"": true}",2026-08-15T06:02:43+00:00,0.7,REPORTED
594060,blocked_sidewalk,"{""blocked"": true}",2026-08-15T06:02:43+00:00,0.7,REPORTED
453702,blocked_sidewalk,"{""blocked"": true}",2026-08-15T06:02:43+00:00,0.7,REPORTED
452702,blocked_sidewalk,"{""blocked"": true}",2026-08-15T06:02:43+00:00,0.7,REPORTED
484167,blocked_sidewalk,"{""blocked"": true}",2026-08-15T06:02:43+00:00,0.7,REPORTED
593325,road_hazard,"{""hazard"": true, ""kind"": ""ground""}",2026-08-15T06:02:43+00:00,0.7,REPORTED
593452,road_hazard,"{""hazard"": true, ""kind"": ""unpaved""}",2026-08-15T06:02:43+00:00,0.7,REPORTED
463953,blocked_sidewalk,"{""blocked"": true}",2026-08-15T06:02:43+00:00,0.7,REPORTED
464029,blocked_sidewalk,"{""blocked"": true}",2026-08-15T06:02:43+00:00,0.7,REPORTED
464032,blocked_sidewalk,"{""blocked"": true}",2026-08-15T06:02:43+00:00,0.7,REPORTED
463492,blocked_sidewalk,"{""blocked"": true}",2026-08-15T06:02:43+00:00,0.7,REPORTED
463950,blocked_sidewalk,"{""blocked"": true}",2026-08-15T06:02:43+00:00,0.7,REPORTED
463495,blocked_sidewalk,"{""blocked"": true}",2026-08-15T06:02:43+00:00,0.7,REPORTED
463460,blocked_sidewalk,"{""blocked"": true}",2026-08-15T06:02:43+00:00,0.7,REPORTED
462532,blocked_sidewalk,"{""blocked"": true}",2026-08-15T06:02:43+00:00,0.7,REPORTED
459019,blocked_sidewalk,"{""blocked"": true}",2026-08-15T06:02:43+00:00,0.7,REPORTED
464258,poor_lighting,"{""poor"": true}",2026-08-15T06:02:43+00:00,0.7,REPORTED
464258,blocked_sidewalk,"{""blocked"": true}",2026-08-15T06:02:43+00:00,0.7,REPORTED
464294,poor_lighting,"{""poor"": true}",2026-08-15T06:02:43+00:00,0.7,REPORTED
514639,poor_lighting,"{""poor"": true}",2026-08-15T06:02:43+00:00,0.7,REPORTED
514639,blocked_sidewalk,"{""blocked"": true}",2026-08-15T06:02:43+00:00,0.7,REPORTED
378702,poor_lighting,"{""poor"": true}",2026-08-15T06:02:43+00:00,0.7,REPORTED
378522,blocked_sidewalk,"{""blocked"": true}",2026-08-15T06:02:43+00:00,0.7,REPORTED
378510,road_hazard,"{""hazard"": true, ""kind"": ""dirt""}",2026-08-15T06:02:43+00:00,0.7,REPORTED
513899,road_hazard,"{""hazard"": true, ""kind"": ""dirt""}",2026-08-15T06:02:43+00:00,0.7,REPORTED
460096,blocked_sidewalk,"{""blocked"": true}",2026-08-15T06:02:43+00:00,0.7,REPORTED
495575,blocked_sidewalk,"{""blocked"": true}",2026-08-15T06:02:43+00:00,0.7,REPORTED
495726,blocked_sidewalk,"{""blocked"": true}",2026-08-15T06:02:43+00:00,0.7,REPORTED
495728,blocked_sidewalk,"{""blocked"": true}",2026-08-15T06:02:43+00:00,0.7,REPORTED
467755,blocked_sidewalk,"{""blocked"": true}",2026-08-15T06:02:43+00:00,0.7,REPORTED
495573,blocked_sidewalk,"{""blocked"": true}",2026-08-15T06:02:43+00:00,0.7,REPORTED
408129,blocked_sidewalk,"{""blocked"": true}",2026-08-15T06:02:43+00:00,0.7,REPORTED
371915,blocked_sidewalk,"{""blocked"": true}",2026-08-15T06:02:43+00:00,0.7,REPORTED
401555,blocked_sidewalk,"{""blocked"": true}",2026-08-15T06:02:43+00:00,0.7,REPORTED
411576,blocked_sidewalk,"{""blocked"": true}",2026-08-15T06:02:43+00:00,0.7,REPORTED
411575,blocked_sidewalk,"{""blocked"": true}",2026-08-15T06:02:43+00:00,0.7,REPORTED
374678,blocked_sidewalk,"{""blocked"": true}",2026-08-15T06:02:43+00:00,0.7,REPORTED
375193,blocked_sidewalk,"{""blocked"": true}",2026-08-15T06:02:43+00:00,0.7,REPORTED
362002,blocked_sidewalk,"{""blocked"": true}",2026-08-15T06:02:43+00:00,0.7,REPORTED
375192,blocked_sidewalk,"{""blocked"": true}",2026-08-15T06:02:43+00:00,0.7,REPORTED
374679,blocked_sidewalk,"{""blocked"": true}",2026-08-15T06:02:43+00:00,0.7,REPORTED
371914,blocked_sidewalk,"{""blocked"": true}",2026-08-15T06:02:43+00:00,0.7,REPORTED
374745,blocked_sidewalk,"{""blocked"": true}",2026-08-15T06:02:43+00:00,0.7,REPORTED
374693,blocked_sidewalk,"{""blocked"": true}",2026-08-15T06:02:43+00:00,0.7,REPORTED
464366,blocked_sidewalk,"{""blocked"": true}",2026-08-15T06:02:43+00:00,0.7,REPORTED
496746,road_hazard,"{""hazard"": true, ""kind"": ""gravel""}",2026-08-15T06:02:43+00:00,0.7,REPORTED
496069,road_hazard,"{""hazard"": true, ""kind"": ""ground""}",2026-08-15T06:02:43+00:00,0.7,REPORTED
496031,road_hazard,"{""hazard"": true, ""kind"": ""ground""}",2026-08-15T06:02:43+00:00,0.7,REPORTED
491755,road_hazard,"{""hazard"": true, ""kind"": ""ground""}",2026-08-15T06:02:43+00:00,0.7,REPORTED
491780,road_hazard,"{""hazard"": true, ""kind"": ""ground""}",2026-08-15T06:02:43+00:00,0.7,REPORTED
500695,road_hazard,"{""hazard"": true, ""kind"": ""ground""}",2026-08-15T06:02:43+00:00,0.7,REPORTED
491785,road_hazard,"{""hazard"": true, ""kind"": ""ground""}",2026-08-15T06:02:43+00:00,0.7,REPORTED
500694,road_hazard,"{""hazard"": true, ""kind"": ""ground""}",2026-08-15T06:02:43+00:00,0.7,REPORTED
509167,road_hazard,"{""hazard"": true, ""kind"": ""dirt""}",2026-08-15T06:02:43+00:00,0.7,REPORTED
491918,road_hazard,"{""hazard"": true, ""kind"": ""ground""}",2026-08-15T06:02:43+00:00,0.7,REPORTED
455994,road_hazard,"{""hazard"": true, ""kind"": ""ground""}",2026-08-15T06:02:43+00:00,0.7,REPORTED
592541,blocked_sidewalk,"{""blocked"": true}",2026-08-15T06:02:43+00:00,0.7,REPORTED
592503,blocked_sidewalk,"{""blocked"": true}",2026-08-15T06:02:43+00:00,0.7,REPORTED
552175,blocked_sidewalk,"{""blocked"": true}",2026-08-15T06:02:43+00:00,0.7,REPORTED
507337,blocked_sidewalk,"{""blocked"": true}",2026-08-15T06:02:43+00:00,0.7,REPORTED
507331,blocked_sidewalk,"{""blocked"": true}",2026-08-15T06:02:43+00:00,0.7,REPORTED
469544,road_hazard,"{""hazard"": true, ""kind"": ""ground""}",2026-08-15T06:02:43+00:00,0.7,REPORTED
469545,road_hazard,"{""hazard"": true, ""kind"": ""ground""}",2026-08-15T06:02:43+00:00,0.7,REPORTED
469538,road_hazard,"{""hazard"": true, ""kind"": ""dirt""}",2026-08-15T06:02:43+00:00,0.7,REPORTED
593927,blocked_sidewalk,"{""blocked"": true}",2026-08-15T06:02:43+00:00,0.7,REPORTED
594131,blocked_sidewalk,"{""blocked"": true}",2026-08-15T06:02:43+00:00,0.7,REPORTED
594136,blocked_sidewalk,"{""blocked"": true}",2026-08-15T06:02:43+00:00,0.7,REPORTED
592023,blocked_sidewalk,"{""blocked"": true}",2026-08-15T06:02:43+00:00,0.7,REPORTED
594149,blocked_sidewalk,"{""blocked"": true}",2026-08-15T06:02:43+00:00,0.7,REPORTED
594140,blocked_sidewalk,"{""blocked"": true}",2026-08-15T06:02:43+00:00,0.7,REPORTED
589191,road_hazard,"{""hazard"": true, ""kind"": ""unpaved""}",2026-08-15T06:02:43+00:00,0.7,REPORTED
589357,road_hazard,"{""hazard"": true, ""kind"": ""unpaved""}",2026-08-15T06:02:43+00:00,0.7,REPORTED
589206,road_hazard,"{""hazard"": true, ""kind"": ""unpaved""}",2026-08-15T06:02:43+00:00,0.7,REPORTED
589192,road_hazard,"{""hazard"": true, ""kind"": ""unpaved""}",2026-08-15T06:02:43+00:00,0.7,REPORTED
589197,road_hazard,"{""hazard"": true, ""kind"": ""unpaved""}",2026-08-15T06:02:43+00:00,0.7,REPORTED
589193,road_hazard,"{""hazard"": true, ""kind"": ""unpaved""}",2026-08-15T06:02:43+00:00,0.7,REPORTED
589194,road_hazard,"{""hazard"": true, ""kind"": ""unpaved""}",2026-08-15T06:02:43+00:00,0.7,REPORTED
589198,road_hazard,"{""hazard"": true, ""kind"": ""unpaved""}",2026-08-15T06:02:43+00:00,0.7,REPORTED
589453,road_hazard,"{""hazard"": true, ""kind"": ""unpaved""}",2026-08-15T06:02:43+00:00,0.7,REPORTED
589394,road_hazard,"{""hazard"": true, ""kind"": ""unpaved""}",2026-08-15T06:02:43+00:00,0.7,REPORTED
589393,road_hazard,"{""hazard"": true, ""kind"": ""unpaved""}",2026-08-15T06:02:43+00:00,0.7,REPORTED
592024,blocked_sidewalk,"{""blocked"": true}",2026-08-15T06:02:43+00:00,0.7,REPORTED
500105,road_hazard,"{""hazard"": true, ""kind"": ""ground""}",2026-08-15T06:02:43+00:00,0.7,REPORTED
500096,road_hazard,"{""hazard"": true, ""kind"": ""ground""}",2026-08-15T06:02:43+00:00,0.7,REPORTED
591819,blocked_sidewalk,"{""blocked"": true}",2026-08-15T06:02:43+00:00,0.7,REPORTED
592021,blocked_sidewalk,"{""blocked"": true}",2026-08-15T06:02:43+00:00,0.7,REPORTED
571945,blocked_sidewalk,"{""blocked"": true}",2026-08-15T06:02:43+00:00,0.7,REPORTED
492682,road_hazard,"{""hazard"": true, ""kind"": ""ground""}",2026-08-15T06:02:43+00:00,0.7,REPORTED
592440,blocked_sidewalk,"{""blocked"": true}",2026-08-15T06:02:43+00:00,0.7,REPORTED
592211,blocked_sidewalk,"{""blocked"": true}",2026-08-15T06:02:43+00:00,0.7,REPORTED
573703,road_hazard,"{""hazard"": true, ""kind"": ""unpaved""}",2026-08-15T06:02:43+00:00,0.7,REPORTED
584377,poor_lighting,"{""poor"": true}",2026-08-15T06:02:43+00:00,0.7,REPORTED
455996,road_hazard,"{""hazard"": true, ""kind"": ""ground""}",2026-08-15T06:02:43+00:00,0.7,REPORTED
496092,blocked_sidewalk,"{""blocked"": true}",2026-08-15T06:02:43+00:00,0.7,REPORTED
466877,blocked_sidewalk,"{""blocked"": true}",2026-08-15T06:02:43+00:00,0.7,REPORTED
484296,blocked_sidewalk,"{""blocked"": true}",2026-08-15T06:02:43+00:00,0.7,REPORTED
460969,blocked_sidewalk,"{""blocked"": true}",2026-08-15T06:02:43+00:00,0.7,REPORTED
460915,blocked_sidewalk,"{""blocked"": true}",2026-08-15T06:02:43+00:00,0.7,REPORTED
451084,blocked_sidewalk,"{""blocked"": true}",2026-08-15T06:02:43+00:00,0.7,REPORTED
451087,blocked_sidewalk,"{""blocked"": true}",2026-08-15T06:02:43+00:00,0.7,REPORTED
451086,blocked_sidewalk,"{""blocked"": true}",2026-08-15T06:02:43+00:00,0.7,REPORTED
567137,blocked_sidewalk,"{""blocked"": true}",2026-08-15T06:02:43+00:00,0.7,REPORTED
566076,blocked_sidewalk,"{""blocked"": true}",2026-08-15T06:02:43+00:00,0.7,REPORTED
565968,blocked_sidewalk,"{""blocked"": true}",2026-08-15T06:02:43+00:00,0.7,REPORTED
566121,blocked_sidewalk,"{""blocked"": true}",2026-08-15T06:02:43+00:00,0.7,REPORTED
588918,road_hazard,"{""hazard"": true, ""kind"": ""unpaved""}",2026-08-15T06:02:43+00:00,0.7,REPORTED
589606,blocked_sidewalk,"{""blocked"": true}",2026-08-15T06:02:43+00:00,0.7,REPORTED
588944,blocked_sidewalk,"{""blocked"": true}",2026-08-15T06:02:43+00:00,0.7,REPORTED
515066,blocked_sidewalk,"{""blocked"": true}",2026-08-15T06:02:43+00:00,0.7,REPORTED
553419,road_hazard,"{""hazard"": true, ""kind"": ""unpaved""}",2026-08-15T06:02:43+00:00,0.7,REPORTED
553471,road_hazard,"{""hazard"": true, ""kind"": ""unpaved""}",2026-08-15T06:02:43+00:00,0.7,REPORTED
554272,poor_lighting,"{""poor"": true}",2026-08-15T06:02:43+00:00,0.7,REPORTED
554272,blocked_sidewalk,"{""blocked"": true}",2026-08-15T06:02:43+00:00,0.7,REPORTED
553706,blocked_sidewalk,"{""blocked"": true}",2026-08-15T06:02:43+00:00,0.7,REPORTED
549498,road_hazard,"{""hazard"": true, ""kind"": ""unpaved""}",2026-08-15T06:02:43+00:00,0.7,REPORTED
554108,road_hazard,"{""hazard"": true, ""kind"": ""unpaved""}",2026-08-15T06:02:43+00:00,0.7,REPORTED
503528,blocked_sidewalk,"{""blocked"": true}",2026-08-15T06:02:43+00:00,0.7,REPORTED
506541,road_hazard,"{""hazard"": true, ""kind"": ""dirt""}",2026-08-15T06:02:43+00:00,0.7,REPORTED
506458,road_hazard,"{""hazard"": true, ""kind"": ""dirt""}",2026-08-15T06:02:43+00:00,0.7,REPORTED
589122,poor_lighting,"{""poor"": true}",2026-08-15T06:02:43+00:00,0.7,REPORTED
491779,road_hazard,"{""hazard"": true, ""kind"": ""ground""}",2026-08-15T06:02:43+00:00,0.7,REPORTED
491784,road_hazard,"{""hazard"": true, ""kind"": ""ground""}",2026-08-15T06:02:43+00:00,0.7,REPORTED
491786,road_hazard,"{""hazard"": true, ""kind"": ""ground""}",2026-08-15T06:02:43+00:00,0.7,REPORTED
460836,blocked_sidewalk,"{""blocked"": true}",2026-08-15T06:02:43+00:00,0.7,REPORTED
565025,blocked_sidewalk,"{""blocked"": true}",2026-08-15T06:02:43+00:00,0.7,REPORTED
565971,blocked_sidewalk,"{""blocked"": true}",2026-08-15T06:02:43+00:00,0.7,REPORTED
486801,road_hazard,"{""hazard"": true, ""kind"": ""unpaved""}",2026-08-15T06:02:43+00:00,0.7,REPORTED
490175,blocked_sidewalk,"{""blocked"": true}",2026-08-15T06:02:43+00:00,0.7,REPORTED
490178,blocked_sidewalk,"{""blocked"": true}",2026-08-15T06:02:43+00:00,0.7,REPORTED
490093,blocked_sidewalk,"{""blocked"": true}",2026-08-15T06:02:43+00:00,0.7,REPORTED
490090,blocked_sidewalk,"{""blocked"": true}",2026-08-15T06:02:43+00:00,0.7,REPORTED
493882,blocked_sidewalk,"{""blocked"": true}",2026-08-15T06:02:43+00:00,0.7,REPORTED
510616,blocked_sidewalk,"{""blocked"": true}",2026-08-15T06:02:43+00:00,0.7,REPORTED
510616,road_hazard,"{""hazard"": true, ""kind"": ""dirt""}",2026-08-15T06:02:43+00:00,0.7,REPORTED
509115,blocked_sidewalk,"{""blocked"": true}",2026-08-15T06:02:43+00:00,0.7,REPORTED
475510,poor_lighting,"{""poor"": true}",2026-08-15T06:02:43+00:00,0.7,REPORTED
568849,road_hazard,"{""hazard"": true, ""kind"": ""dirt""}",2026-08-15T06:02:43+00:00,0.7,REPORTED
484176,blocked_sidewalk,"{""blocked"": true}",2026-08-15T06:02:43+00:00,0.7,REPORTED
369900,road_hazard,"{""hazard"": true, ""kind"": ""unpaved""}",2026-08-15T06:02:43+00:00,0.7,REPORTED
418627,road_hazard,"{""hazard"": true, ""kind"": ""unpaved""}",2026-08-15T06:02:43+00:00,0.7,REPORTED
418622,road_hazard,"{""hazard"": true, ""kind"": ""unpaved""}",2026-08-15T06:02:43+00:00,0.7,REPORTED
418636,road_hazard,"{""hazard"": true, ""kind"": ""unpaved""}",2026-08-15T06:02:43+00:00,0.7,REPORTED
416153,road_hazard,"{""hazard"": true, ""kind"": ""unpaved""}",2026-08-15T06:02:43+00:00,0.7,REPORTED
416006,road_hazard,"{""hazard"": true, ""kind"": ""unpaved""}",2026-08-15T06:02:43+00:00,0.7,REPORTED
416003,road_hazard,"{""hazard"": true, ""kind"": ""unpaved""}",2026-08-15T06:02:43+00:00,0.7,REPORTED
418642,road_hazard,"{""hazard"": true, ""kind"": ""unpaved""}",2026-08-15T06:02:43+00:00,0.7,REPORTED
597925,road_hazard,"{""hazard"": true, ""kind"": ""unpaved""}",2026-08-15T06:02:43+00:00,0.7,REPORTED
418641,road_hazard,"{""hazard"": true, ""kind"": ""unpaved""}",2026-08-15T06:02:43+00:00,0.7,REPORTED
418615,road_hazard,"{""hazard"": true, ""kind"": ""unpaved""}",2026-08-15T06:02:43+00:00,0.7,REPORTED
670967,road_hazard,"{""hazard"": true, ""kind"": ""unpaved""}",2026-08-15T06:02:43+00:00,0.7,REPORTED
417379,road_hazard,"{""hazard"": true, ""kind"": ""unpaved""}",2026-08-15T06:02:43+00:00,0.7,REPORTED
364911,road_hazard,"{""hazard"": true, ""kind"": ""unpaved""}",2026-08-15T06:02:43+00:00,0.7,REPORTED
418402,road_hazard,"{""hazard"": true, ""kind"": ""unpaved""}",2026-08-15T06:02:43+00:00,0.7,REPORTED
418507,road_hazard,"{""hazard"": true, ""kind"": ""unpaved""}",2026-08-15T06:02:43+00:00,0.7,REPORTED
550394,road_hazard,"{""hazard"": true, ""kind"": ""unpaved""}",2026-08-15T06:02:43+00:00,0.7,REPORTED
496526,blocked_sidewalk,"{""blocked"": true}",2026-08-15T06:02:43+00:00,0.7,REPORTED
496542,blocked_sidewalk,"{""blocked"": true}",2026-08-15T06:02:43+00:00,0.7,REPORTED
360050,blocked_sidewalk,"{""blocked"": true}",2026-08-15T06:02:43+00:00,0.7,REPORTED
359834,blocked_sidewalk,"{""blocked"": true}",2026-08-15T06:02:43+00:00,0.7,REPORTED
359837,blocked_sidewalk,"{""blocked"": true}",2026-08-15T06:02:43+00:00,0.7,REPORTED
362206,blocked_sidewalk,"{""blocked"": true}",2026-08-15T06:02:43+00:00,0.7,REPORTED
510434,blocked_sidewalk,"{""blocked"": true}",2026-08-15T06:02:43+00:00,0.7,REPORTED
510311,blocked_sidewalk,"{""blocked"": true}",2026-08-15T06:02:43+00:00,0.7,REPORTED
510336,blocked_sidewalk,"{""blocked"": true}",2026-08-15T06:02:43+00:00,0.7,REPORTED
496045,road_hazard,"{""hazard"": true, ""kind"": ""ground""}",2026-08-15T06:02:43+00:00,0.7,REPORTED
496047,road_hazard,"{""hazard"": true, ""kind"": ""ground""}",2026-08-15T06:02:43+00:00,0.7,REPORTED
514277,blocked_sidewalk,"{""blocked"": true}",2026-08-15T06:02:43+00:00,0.7,REPORTED
491115,poor_lighting,"{""poor"": true}",2026-08-15T06:02:43+00:00,0.7,REPORTED
565503,road_hazard,"{""hazard"": true, ""kind"": ""ground""}",2026-08-15T06:02:43+00:00,0.7,REPORTED
503533,blocked_sidewalk,"{""blocked"": true}",2026-08-15T06:02:43+00:00,0.7,REPORTED
507378,blocked_sidewalk,"{""blocked"": true}",2026-08-15T06:02:43+00:00,0.7,REPORTED
509122,blocked_sidewalk,"{""blocked"": true}",2026-08-15T06:02:43+00:00,0.7,REPORTED
508185,road_hazard,"{""hazard"": true, ""kind"": ""gravel""}",2026-08-15T06:02:43+00:00,0.7,REPORTED
508074,road_hazard,"{""hazard"": true, ""kind"": ""gravel""}",2026-08-15T06:02:43+00:00,0.7,REPORTED
476099,blocked_sidewalk,"{""blocked"": true}",2026-08-15T06:02:43+00:00,0.7,REPORTED
681420,road_hazard,"{""hazard"": true, ""kind"": ""unpaved""}",2026-08-15T06:02:43+00:00,0.7,REPORTED
681419,road_hazard,"{""hazard"": true, ""kind"": ""unpaved""}",2026-08-15T06:02:43+00:00,0.7,REPORTED
681418,road_hazard,"{""hazard"": true, ""kind"": ""unpaved""}",2026-08-15T06:02:43+00:00,0.7,REPORTED
680207,road_hazard,"{""hazard"": true, ""kind"": ""unpaved""}",2026-08-15T06:02:43+00:00,0.7,REPORTED
580103,road_hazard,"{""hazard"": true, ""kind"": ""dirt""}",2026-08-15T06:02:43+00:00,0.7,REPORTED
600784,road_hazard,"{""hazard"": true, ""kind"": ""unpaved""}",2026-08-15T06:02:43+00:00,0.7,REPORTED
510312,blocked_sidewalk,"{""blocked"": true}",2026-08-15T06:02:43+00:00,0.7,REPORTED
662279,road_hazard,"{""hazard"": true, ""kind"": ""unpaved""}",2026-08-15T06:02:43+00:00,0.7,REPORTED
465184,blocked_sidewalk,"{""blocked"": true}",2026-08-15T06:02:43+00:00,0.7,REPORTED
464199,poor_lighting,"{""poor"": true}",2026-08-15T06:02:43+00:00,0.7,REPORTED
464199,blocked_sidewalk,"{""blocked"": true}",2026-08-15T06:02:43+00:00,0.7,REPORTED
411557,blocked_sidewalk,"{""blocked"": true}",2026-08-15T06:02:43+00:00,0.7,REPORTED
411583,blocked_sidewalk,"{""blocked"": true}",2026-08-15T06:02:43+00:00,0.7,REPORTED
514352,poor_lighting,"{""poor"": true}",2026-08-15T06:02:43+00:00,0.7,REPORTED
514358,poor_lighting,"{""poor"": true}",2026-08-15T06:02:43+00:00,0.7,REPORTED
514439,poor_lighting,"{""poor"": true}",2026-08-15T06:02:43+00:00,0.7,REPORTED
664621,road_hazard,"{""hazard"": true, ""kind"": ""unpaved""}",2026-08-15T06:02:43+00:00,0.7,REPORTED
664622,road_hazard,"{""hazard"": true, ""kind"": ""unpaved""}",2026-08-15T06:02:43+00:00,0.7,REPORTED
664625,road_hazard,"{""hazard"": true, ""kind"": ""unpaved""}",2026-08-15T06:02:43+00:00,0.7,REPORTED
371607,poor_lighting,"{""poor"": true}",2026-08-15T06:02:43+00:00,0.7,REPORTED
412144,poor_lighting,"{""poor"": true}",2026-08-15T06:02:43+00:00,0.7,REPORTED
415543,road_hazard,"{""hazard"": true, ""kind"": ""unpaved""}",2026-08-15T06:02:43+00:00,0.7,REPORTED
371465,road_hazard,"{""hazard"": true, ""kind"": ""unpaved""}",2026-08-15T06:02:43+00:00,0.7,REPORTED
412418,road_hazard,"{""hazard"": true, ""kind"": ""unpaved""}",2026-08-15T06:02:43+00:00,0.7,REPORTED
371220,road_hazard,"{""hazard"": true, ""kind"": ""unpaved""}",2026-08-15T06:02:43+00:00,0.7,REPORTED
371648,road_hazard,"{""hazard"": true, ""kind"": ""gravel""}",2026-08-15T06:02:43+00:00,0.7,REPORTED
371655,road_hazard,"{""hazard"": true, ""kind"": ""gravel""}",2026-08-15T06:02:43+00:00,0.7,REPORTED
371657,road_hazard,"{""hazard"": true, ""kind"": ""unpaved""}",2026-08-15T06:02:43+00:00,0.7,REPORTED
371656,road_hazard,"{""hazard"": true, ""kind"": ""unpaved""}",2026-08-15T06:02:43+00:00,0.7,REPORTED
494920,road_hazard,"{""hazard"": true, ""kind"": ""unpaved""}",2026-08-15T06:02:43+00:00,0.7,REPORTED
494918,road_hazard,"{""hazard"": true, ""kind"": ""unpaved""}",2026-08-15T06:02:43+00:00,0.7,REPORTED
494543,blocked_sidewalk,"{""blocked"": true}",2026-08-15T06:02:43+00:00,0.7,REPORTED
416009,road_hazard,"{""hazard"": true, ""kind"": ""unpaved""}",2026-08-15T06:02:43+00:00,0.7,REPORTED
415928,road_hazard,"{""hazard"": true, ""kind"": ""unpaved""}",2026-08-15T06:02:43+00:00,0.7,REPORTED
594128,road_hazard,"{""hazard"": true, ""kind"": ""gravel""}",2026-08-15T06:02:43+00:00,0.7,REPORTED
469573,road_hazard,"{""hazard"": true, ""kind"": ""sand""}",2026-08-15T06:02:43+00:00,0.7,REPORTED
469571,road_hazard,"{""hazard"": true, ""kind"": ""sand""}",2026-08-15T06:02:43+00:00,0.7,REPORTED
469591,road_hazard,"{""hazard"": true, ""kind"": ""sand""}",2026-08-15T06:02:43+00:00,0.7,REPORTED
469572,road_hazard,"{""hazard"": true, ""kind"": ""sand""}",2026-08-15T06:02:43+00:00,0.7,REPORTED
426820,poor_lighting,"{""poor"": true}",2026-08-15T06:02:43+00:00,0.7,REPORTED
494767,road_hazard,"{""hazard"": true, ""kind"": ""ground""}",2026-08-15T06:02:43+00:00,0.7,REPORTED
398668,road_hazard,"{""hazard"": true, ""kind"": ""ground""}",2026-08-15T06:02:43+00:00,0.7,REPORTED
495895,blocked_sidewalk,"{""blocked"": true}",2026-08-15T06:02:43+00:00,0.7,REPORTED
495788,blocked_sidewalk,"{""blocked"": true}",2026-08-15T06:02:43+00:00,0.7,REPORTED
532735,blocked_sidewalk,"{""blocked"": true}",2026-08-15T06:02:43+00:00,0.7,REPORTED
581181,road_hazard,"{""hazard"": true, ""kind"": ""unpaved""}",2026-08-15T06:02:43+00:00,0.7,REPORTED
590196,blocked_sidewalk,"{""blocked"": true}",2026-08-15T06:02:43+00:00,0.7,REPORTED
590277,blocked_sidewalk,"{""blocked"": true}",2026-08-15T06:02:43+00:00,0.7,REPORTED
593297,poor_lighting,"{""poor"": true}",2026-08-15T06:02:43+00:00,0.7,REPORTED
541304,road_hazard,"{""hazard"": true, ""kind"": ""unpaved""}",2026-08-15T06:02:43+00:00,0.7,REPORTED
369682,road_hazard,"{""hazard"": true, ""kind"": ""unpaved""}",2026-08-15T06:02:43+00:00,0.7,REPORTED
497194,road_hazard,"{""hazard"": true, ""kind"": ""unpaved""}",2026-08-15T06:02:43+00:00,0.7,REPORTED
506150,road_hazard,"{""hazard"": true, ""kind"": ""ground""}",2026-08-15T06:02:43+00:00,0.7,REPORTED
553389,blocked_sidewalk,"{""blocked"": true}",2026-08-15T06:02:43+00:00,0.7,REPORTED
553456,blocked_sidewalk,"{""blocked"": true}",2026-08-15T06:02:43+00:00,0.7,REPORTED
553462,blocked_sidewalk,"{""blocked"": true}",2026-08-15T06:02:43+00:00,0.7,REPORTED
542327,blocked_sidewalk,"{""blocked"": true}",2026-08-15T06:02:43+00:00,0.7,REPORTED
485357,road_hazard,"{""hazard"": true, ""kind"": ""unpaved""}",2026-08-15T06:02:43+00:00,0.7,REPORTED
566872,blocked_sidewalk,"{""blocked"": true}",2026-08-15T06:02:43+00:00,0.7,REPORTED
459580,poor_lighting,"{""poor"": true}",2026-08-15T06:02:43+00:00,0.7,REPORTED
553006,road_hazard,"{""hazard"": true, ""kind"": ""ground""}",2026-08-15T06:02:43+00:00,0.7,REPORTED
553009,road_hazard,"{""hazard"": true, ""kind"": ""ground""}",2026-08-15T06:02:43+00:00,0.7,REPORTED
553010,road_hazard,"{""hazard"": true, ""kind"": ""ground""}",2026-08-15T06:02:43+00:00,0.7,REPORTED
553008,road_hazard,"{""hazard"": true, ""kind"": ""ground""}",2026-08-15T06:02:43+00:00,0.7,REPORTED
567822,road_hazard,"{""hazard"": true, ""kind"": ""unpaved""}",2026-08-15T06:02:43+00:00,0.7,REPORTED
568622,road_hazard,"{""hazard"": true, ""kind"": ""dirt""}",2026-08-15T06:02:43+00:00,0.7,REPORTED
572756,road_hazard,"{""hazard"": true, ""kind"": ""unpaved""}",2026-08-15T06:02:43+00:00,0.7,REPORTED
564871,road_hazard,"{""hazard"": true, ""kind"": ""unpaved""}",2026-08-15T06:02:43+00:00,0.7,REPORTED
571053,road_hazard,"{""hazard"": true, ""kind"": ""unpaved""}",2026-08-15T06:02:43+00:00,0.7,REPORTED
571274,road_hazard,"{""hazard"": true, ""kind"": ""unpaved""}",2026-08-15T06:02:43+00:00,0.7,REPORTED
571278,road_hazard,"{""hazard"": true, ""kind"": ""unpaved""}",2026-08-15T06:02:43+00:00,0.7,REPORTED
568970,road_hazard,"{""hazard"": true, ""kind"": ""unpaved""}",2026-08-15T06:02:43+00:00,0.7,REPORTED
568973,road_hazard,"{""hazard"": true, ""kind"": ""unpaved""}",2026-08-15T06:02:43+00:00,0.7,REPORTED
573267,road_hazard,"{""hazard"": true, ""kind"": ""unpaved""}",2026-08-15T06:02:43+00:00,0.7,REPORTED
573266,road_hazard,"{""hazard"": true, ""kind"": ""unpaved""}",2026-08-15T06:02:43+00:00,0.7,REPORTED
561953,road_hazard,"{""hazard"": true, ""kind"": ""unpaved""}",2026-08-15T06:02:43+00:00,0.7,REPORTED
372324,road_hazard,"{""hazard"": true, ""kind"": ""unpaved""}",2026-08-15T06:02:43+00:00,0.7,REPORTED
590006,blocked_sidewalk,"{""blocked"": true}",2026-08-15T06:02:43+00:00,0.7,REPORTED
592420,blocked_sidewalk,"{""blocked"": true}",2026-08-15T06:02:43+00:00,0.7,REPORTED
592589,road_hazard,"{""hazard"": true, ""kind"": ""unpaved""}",2026-08-15T06:02:43+00:00,0.7,REPORTED
591889,blocked_sidewalk,"{""blocked"": true}",2026-08-15T06:02:43+00:00,0.7,REPORTED
591892,blocked_sidewalk,"{""blocked"": true}",2026-08-15T06:02:43+00:00,0.7,REPORTED
591895,blocked_sidewalk,"{""blocked"": true}",2026-08-15T06:02:43+00:00,0.7,REPORTED
484640,road_hazard,"{""hazard"": true, ""kind"": ""unpaved""}",2026-08-15T06:02:43+00:00,0.7,REPORTED
599468,road_hazard,"{""hazard"": true, ""kind"": ""unpaved""}",2026-08-15T06:02:43+00:00,0.7,REPORTED
487136,road_hazard,"{""hazard"": true, ""kind"": ""unpaved""}",2026-08-15T06:02:43+00:00,0.7,REPORTED
487135,road_hazard,"{""hazard"": true, ""kind"": ""unpaved""}",2026-08-15T06:02:43+00:00,0.7,REPORTED
581524,blocked_sidewalk,"{""blocked"": true}",2026-08-15T06:02:43+00:00,0.7,REPORTED
581524,road_hazard,"{""hazard"": true, ""kind"": ""ground""}",2026-08-15T06:02:43+00:00,0.7,REPORTED
532673,road_hazard,"{""hazard"": true, ""kind"": ""unpaved""}",2026-08-15T06:02:43+00:00,0.7,REPORTED
532050,road_hazard,"{""hazard"": true, ""kind"": ""dirt""}",2026-08-15T06:02:43+00:00,0.7,REPORTED
532088,blocked_sidewalk,"{""blocked"": true}",2026-08-15T06:02:43+00:00,0.7,REPORTED
609021,road_hazard,"{""hazard"": true, ""kind"": ""unpaved""}",2026-08-15T06:02:43+00:00,0.7,REPORTED
609394,road_hazard,"{""hazard"": true, ""kind"": ""unpaved""}",2026-08-15T06:02:43+00:00,0.7,REPORTED
575959,road_hazard,"{""hazard"": true, ""kind"": ""mud""}",2026-08-15T06:02:43+00:00,0.7,REPORTED
576074,road_hazard,"{""hazard"": true, ""kind"": ""sand""}",2026-08-15T06:02:43+00:00,0.7,REPORTED
607768,road_hazard,"{""hazard"": true, ""kind"": ""unpaved""}",2026-08-15T06:02:43+00:00,0.7,REPORTED
608104,road_hazard,"{""hazard"": true, ""kind"": ""unpaved""}",2026-08-15T06:02:43+00:00,0.7,REPORTED
609616,road_hazard,"{""hazard"": true, ""kind"": ""unpaved""}",2026-08-15T06:02:43+00:00,0.7,REPORTED
599663,road_hazard,"{""hazard"": true, ""kind"": ""unpaved""}",2026-08-15T06:02:43+00:00,0.7,REPORTED
608430,road_hazard,"{""hazard"": true, ""kind"": ""unpaved""}",2026-08-15T06:02:43+00:00,0.7,REPORTED
582707,blocked_sidewalk,"{""blocked"": true}",2026-08-15T06:02:43+00:00,0.7,REPORTED
598880,road_hazard,"{""hazard"": true, ""kind"": ""unpaved""}",2026-08-15T06:02:43+00:00,0.7,REPORTED
598879,road_hazard,"{""hazard"": true, ""kind"": ""unpaved""}",2026-08-15T06:02:43+00:00,0.7,REPORTED
600427,road_hazard,"{""hazard"": true, ""kind"": ""unpaved""}",2026-08-15T06:02:43+00:00,0.7,REPORTED
486274,road_hazard,"{""hazard"": true, ""kind"": ""unpaved""}",2026-08-15T06:02:43+00:00,0.7,REPORTED
600785,road_hazard,"{""hazard"": true, ""kind"": ""unpaved""}",2026-08-15T06:02:43+00:00,0.7,REPORTED
487793,road_hazard,"{""hazard"": true, ""kind"": ""unpaved""}",2026-08-15T06:02:43+00:00,0.7,REPORTED
609235,road_hazard,"{""hazard"": true, ""kind"": ""unpaved""}",2026-08-15T06:02:43+00:00,0.7,REPORTED
598046,road_hazard,"{""hazard"": true, ""kind"": ""unpaved""}",2026-08-15T06:02:43+00:00,0.7,REPORTED
598070,road_hazard,"{""hazard"": true, ""kind"": ""unpaved""}",2026-08-15T06:02:43+00:00,0.7,REPORTED
487438,road_hazard,"{""hazard"": true, ""kind"": ""unpaved""}",2026-08-15T06:02:43+00:00,0.7,REPORTED
488019,road_hazard,"{""hazard"": true, ""kind"": ""unpaved""}",2026-08-15T06:02:43+00:00,0.7,REPORTED
585176,road_hazard,"{""hazard"": true, ""kind"": ""unpaved""}",2026-08-15T06:02:43+00:00,0.7,REPORTED
585448,road_hazard,"{""hazard"": true, ""kind"": ""unpaved""}",2026-08-15T06:02:43+00:00,0.7,REPORTED
594661,road_hazard,"{""hazard"": true, ""kind"": ""unpaved""}",2026-08-15T06:02:43+00:00,0.7,REPORTED
593334,road_hazard,"{""hazard"": true, ""kind"": ""sand""}",2026-08-15T06:02:43+00:00,0.7,REPORTED
580824,road_hazard,"{""hazard"": true, ""kind"": ""unpaved""}",2026-08-15T06:02:43+00:00,0.7,REPORTED
593506,road_hazard,"{""hazard"": true, ""kind"": ""unpaved""}",2026-08-15T06:02:43+00:00,0.7,REPORTED
580437,road_hazard,"{""hazard"": true, ""kind"": ""unpaved""}",2026-08-15T06:02:43+00:00,0.7,REPORTED
588796,poor_lighting,"{""poor"": true}",2026-08-15T06:02:43+00:00,0.7,REPORTED
588865,road_hazard,"{""hazard"": true, ""kind"": ""unpaved""}",2026-08-15T06:02:43+00:00,0.7,REPORTED
588814,poor_lighting,"{""poor"": true}",2026-08-15T06:02:43+00:00,0.7,REPORTED
602788,road_hazard,"{""hazard"": true, ""kind"": ""unpaved""}",2026-08-15T06:02:43+00:00,0.7,REPORTED
487158,road_hazard,"{""hazard"": true, ""kind"": ""unpaved""}",2026-08-15T06:02:43+00:00,0.7,REPORTED
619121,road_hazard,"{""hazard"": true, ""kind"": ""unpaved""}",2026-08-15T06:02:43+00:00,0.7,REPORTED
618433,road_hazard,"{""hazard"": true, ""kind"": ""unpaved""}",2026-08-15T06:02:43+00:00,0.7,REPORTED
620171,road_hazard,"{""hazard"": true, ""kind"": ""unpaved""}",2026-08-15T06:02:43+00:00,0.7,REPORTED
606013,road_hazard,"{""hazard"": true, ""kind"": ""unpaved""}",2026-08-15T06:02:43+00:00,0.7,REPORTED
619265,road_hazard,"{""hazard"": true, ""kind"": ""unpaved""}",2026-08-15T06:02:43+00:00,0.7,REPORTED
618276,road_hazard,"{""hazard"": true, ""kind"": ""unpaved""}",2026-08-15T06:02:43+00:00,0.7,REPORTED
617254,road_hazard,"{""hazard"": true, ""kind"": ""unpaved""}",2026-08-15T06:02:43+00:00,0.7,REPORTED
619246,road_hazard,"{""hazard"": true, ""kind"": ""unpaved""}",2026-08-15T06:02:43+00:00,0.7,REPORTED
618747,road_hazard,"{""hazard"": true, ""kind"": ""unpaved""}",2026-08-15T06:02:43+00:00,0.7,REPORTED
617269,road_hazard,"{""hazard"": true, ""kind"": ""unpaved""}",2026-08-15T06:02:43+00:00,0.7,REPORTED
617247,road_hazard,"{""hazard"": true, ""kind"": ""unpaved""}",2026-08-15T06:02:43+00:00,0.7,REPORTED
617246,road_hazard,"{""hazard"": true, ""kind"": ""unpaved""}",2026-08-15T06:02:43+00:00,0.7,REPORTED
619263,road_hazard,"{""hazard"": true, ""kind"": ""unpaved""}",2026-08-15T06:02:43+00:00,0.7,REPORTED
619261,road_hazard,"{""hazard"": true, ""kind"": ""unpaved""}",2026-08-15T06:02:43+00:00,0.7,REPORTED
593318,road_hazard,"{""hazard"": true, ""kind"": ""dirt""}",2026-08-15T06:02:43+00:00,0.7,REPORTED
593328,road_hazard,"{""hazard"": true, ""kind"": ""ground""}",2026-08-15T06:02:43+00:00,0.7,REPORTED
590524,poor_lighting,"{""poor"": true}",2026-08-15T06:02:43+00:00,0.7,REPORTED
590538,blocked_sidewalk,"{""blocked"": true}",2026-08-15T06:02:43+00:00,0.7,REPORTED
553019,road_hazard,"{""hazard"": true, ""kind"": ""unpaved""}",2026-08-15T06:02:43+00:00,0.7,REPORTED
553016,road_hazard,"{""hazard"": true, ""kind"": ""unpaved""}",2026-08-15T06:02:43+00:00,0.7,REPORTED
577502,road_hazard,"{""hazard"": true, ""kind"": ""unpaved""}",2026-08-15T06:02:43+00:00,0.7,REPORTED
582120,road_hazard,"{""hazard"": true, ""kind"": ""ground""}",2026-08-15T06:02:43+00:00,0.7,REPORTED
579341,road_hazard,"{""hazard"": true, ""kind"": ""unpaved""}",2026-08-15T06:02:43+00:00,0.7,REPORTED
603861,road_hazard,"{""hazard"": true, ""kind"": ""unpaved""}",2026-08-15T06:02:43+00:00,0.7,REPORTED
604042,road_hazard,"{""hazard"": true, ""kind"": ""unpaved""}",2026-08-15T06:02:43+00:00,0.7,REPORTED
617396,road_hazard,"{""hazard"": true, ""kind"": ""unpaved""}",2026-08-15T06:02:43+00:00,0.7,REPORTED
617395,road_hazard,"{""hazard"": true, ""kind"": ""unpaved""}",2026-08-15T06:02:43+00:00,0.7,REPORTED
571705,road_hazard,"{""hazard"": true, ""kind"": ""unpaved""}",2026-08-15T06:02:43+00:00,0.7,REPORTED
571833,road_hazard,"{""hazard"": true, ""kind"": ""unpaved""}",2026-08-15T06:02:43+00:00,0.7,REPORTED
573944,road_hazard,"{""hazard"": true, ""kind"": ""unpaved""}",2026-08-15T06:02:43+00:00,0.7,REPORTED
573980,road_hazard,"{""hazard"": true, ""kind"": ""unpaved""}",2026-08-15T06:02:43+00:00,0.7,REPORTED
589189,road_hazard,"{""hazard"": true, ""kind"": ""unpaved""}",2026-08-15T06:02:43+00:00,0.7,REPORTED
589196,road_hazard,"{""hazard"": true, ""kind"": ""unpaved""}",2026-08-15T06:02:43+00:00,0.7,REPORTED
589345,road_hazard,"{""hazard"": true, ""kind"": ""unpaved""}",2026-08-15T06:02:43+00:00,0.7,REPORTED
575221,road_hazard,"{""hazard"": true, ""kind"": ""unpaved""}",2026-08-15T06:02:43+00:00,0.7,REPORTED
577290,road_hazard,"{""hazard"": true, ""kind"": ""unpaved""}",2026-08-15T06:02:43+00:00,0.7,REPORTED
575253,road_hazard,"{""hazard"": true, ""kind"": ""unpaved""}",2026-08-15T06:02:43+00:00,0.7,REPORTED
575369,road_hazard,"{""hazard"": true, ""kind"": ""unpaved""}",2026-08-15T06:02:43+00:00,0.7,REPORTED
578485,road_hazard,"{""hazard"": true, ""kind"": ""unpaved""}",2026-08-15T06:02:43+00:00,0.7,REPORTED
580129,blocked_sidewalk,"{""blocked"": true}",2026-08-15T06:02:43+00:00,0.7,REPORTED
578459,road_hazard,"{""hazard"": true, ""kind"": ""unpaved""}",2026-08-15T06:02:43+00:00,0.7,REPORTED
578458,road_hazard,"{""hazard"": true, ""kind"": ""unpaved""}",2026-08-15T06:02:43+00:00,0.7,REPORTED
580245,road_hazard,"{""hazard"": true, ""kind"": ""unpaved""}",2026-08-15T06:02:43+00:00,0.7,REPORTED
553017,road_hazard,"{""hazard"": true, ""kind"": ""unpaved""}",2026-08-15T06:02:43+00:00,0.7,REPORTED
553020,road_hazard,"{""hazard"": true, ""kind"": ""unpaved""}",2026-08-15T06:02:43+00:00,0.7,REPORTED
593337,road_hazard,"{""hazard"": true, ""kind"": ""sand""}",2026-08-15T06:02:43+00:00,0.7,REPORTED
565391,road_hazard,"{""hazard"": true, ""kind"": ""unpaved""}",2026-08-15T06:02:43+00:00,0.7,REPORTED
486754,road_hazard,"{""hazard"": true, ""kind"": ""unpaved""}",2026-08-15T06:02:43+00:00,0.7,REPORTED
488689,road_hazard,"{""hazard"": true, ""kind"": ""unpaved""}",2026-08-15T06:02:43+00:00,0.7,REPORTED
486773,road_hazard,"{""hazard"": true, ""kind"": ""unpaved""}",2026-08-15T06:02:43+00:00,0.7,REPORTED
598468,road_hazard,"{""hazard"": true, ""kind"": ""unpaved""}",2026-08-15T06:02:43+00:00,0.7,REPORTED
488531,road_hazard,"{""hazard"": true, ""kind"": ""unpaved""}",2026-08-15T06:02:43+00:00,0.7,REPORTED
598099,road_hazard,"{""hazard"": true, ""kind"": ""unpaved""}",2026-08-15T06:02:43+00:00,0.7,REPORTED
599128,road_hazard,"{""hazard"": true, ""kind"": ""unpaved""}",2026-08-15T06:02:43+00:00,0.7,REPORTED
597709,road_hazard,"{""hazard"": true, ""kind"": ""unpaved""}",2026-08-15T06:02:43+00:00,0.7,REPORTED
679395,road_hazard,"{""hazard"": true, ""kind"": ""unpaved""}",2026-08-15T06:02:43+00:00,0.7,REPORTED
601978,road_hazard,"{""hazard"": true, ""kind"": ""unpaved""}",2026-08-15T06:02:43+00:00,0.7,REPORTED
656409,road_hazard,"{""hazard"": true, ""kind"": ""unpaved""}",2026-08-15T06:02:43+00:00,0.7,REPORTED
656503,road_hazard,"{""hazard"": true, ""kind"": ""unpaved""}",2026-08-15T06:02:43+00:00,0.7,REPORTED
656476,road_hazard,"{""hazard"": true, ""kind"": ""unpaved""}",2026-08-15T06:02:43+00:00,0.7,REPORTED
359147,road_hazard,"{""hazard"": true, ""kind"": ""unpaved""}",2026-08-15T06:02:43+00:00,0.7,REPORTED
364808,road_hazard,"{""hazard"": true, ""kind"": ""unpaved""}",2026-08-15T06:02:43+00:00,0.7,REPORTED
364846,road_hazard,"{""hazard"": true, ""kind"": ""unpaved""}",2026-08-15T06:02:43+00:00,0.7,REPORTED
681023,road_hazard,"{""hazard"": true, ""kind"": ""unpaved""}",2026-08-15T06:02:43+00:00,0.7,REPORTED
364910,road_hazard,"{""hazard"": true, ""kind"": ""unpaved""}",2026-08-15T06:02:43+00:00,0.7,REPORTED
541261,road_hazard,"{""hazard"": true, ""kind"": ""unpaved""}",2026-08-15T06:02:43+00:00,0.7,REPORTED
541295,road_hazard,"{""hazard"": true, ""kind"": ""unpaved""}",2026-08-15T06:02:43+00:00,0.7,REPORTED
510562,poor_lighting,"{""poor"": true}",2026-08-15T06:02:43+00:00,0.7,REPORTED
510562,blocked_sidewalk,"{""blocked"": true}",2026-08-15T06:02:43+00:00,0.7,REPORTED
510559,blocked_sidewalk,"{""blocked"": true}",2026-08-15T06:02:43+00:00,0.7,REPORTED
510547,blocked_sidewalk,"{""blocked"": true}",2026-08-15T06:02:43+00:00,0.7,REPORTED
510563,blocked_sidewalk,"{""blocked"": true}",2026-08-15T06:02:43+00:00,0.7,REPORTED
510566,blocked_sidewalk,"{""blocked"": true}",2026-08-15T06:02:43+00:00,0.7,REPORTED
541244,road_hazard,"{""hazard"": true, ""kind"": ""unpaved""}",2026-08-15T06:02:43+00:00,0.7,REPORTED
657639,road_hazard,"{""hazard"": true, ""kind"": ""unpaved""}",2026-08-15T06:02:43+00:00,0.7,REPORTED
510534,blocked_sidewalk,"{""blocked"": true}",2026-08-15T06:02:43+00:00,0.7,REPORTED
510567,blocked_sidewalk,"{""blocked"": true}",2026-08-15T06:02:43+00:00,0.7,REPORTED
662969,road_hazard,"{""hazard"": true, ""kind"": ""unpaved""}",2026-08-15T06:02:43+00:00,0.7,REPORTED
510659,blocked_sidewalk,"{""blocked"": true}",2026-08-15T06:02:43+00:00,0.7,REPORTED
510648,blocked_sidewalk,"{""blocked"": true}",2026-08-15T06:02:43+00:00,0.7,REPORTED
510660,blocked_sidewalk,"{""blocked"": true}",2026-08-15T06:02:43+00:00,0.7,REPORTED
510541,blocked_sidewalk,"{""blocked"": true}",2026-08-15T06:02:43+00:00,0.7,REPORTED
510653,blocked_sidewalk,"{""blocked"": true}",2026-08-15T06:02:43+00:00,0.7,REPORTED
510535,blocked_sidewalk,"{""blocked"": true}",2026-08-15T06:02:43+00:00,0.7,REPORTED
510661,blocked_sidewalk,"{""blocked"": true}",2026-08-15T06:02:43+00:00,0.7,REPORTED
510190,blocked_sidewalk,"{""blocked"": true}",2026-08-15T06:02:43+00:00,0.7,REPORTED
554462,road_hazard,"{""hazard"": true, ""kind"": ""unpaved""}",2026-08-15T06:02:43+00:00,0.7,REPORTED
510462,blocked_sidewalk,"{""blocked"": true}",2026-08-15T06:02:43+00:00,0.7,REPORTED
563295,road_hazard,"{""hazard"": true, ""kind"": ""unpaved""}",2026-08-15T06:02:43+00:00,0.7,REPORTED
663790,road_hazard,"{""hazard"": true, ""kind"": ""unpaved""}",2026-08-15T06:02:43+00:00,0.7,REPORTED
487133,road_hazard,"{""hazard"": true, ""kind"": ""unpaved""}",2026-08-15T06:02:43+00:00,0.7,REPORTED
663858,road_hazard,"{""hazard"": true, ""kind"": ""unpaved""}",2026-08-15T06:02:43+00:00,0.7,REPORTED
663818,road_hazard,"{""hazard"": true, ""kind"": ""unpaved""}",2026-08-15T06:02:43+00:00,0.7,REPORTED
573608,road_hazard,"{""hazard"": true, ""kind"": ""unpaved""}",2026-08-15T06:02:43+00:00,0.7,REPORTED
663808,road_hazard,"{""hazard"": true, ""kind"": ""unpaved""}",2026-08-15T06:02:43+00:00,0.7,REPORTED
663859,road_hazard,"{""hazard"": true, ""kind"": ""unpaved""}",2026-08-15T06:02:43+00:00,0.7,REPORTED
663814,road_hazard,"{""hazard"": true, ""kind"": ""unpaved""}",2026-08-15T06:02:43+00:00,0.7,REPORTED
663646,road_hazard,"{""hazard"": true, ""kind"": ""unpaved""}",2026-08-15T06:02:43+00:00,0.7,REPORTED
663647,road_hazard,"{""hazard"": true, ""kind"": ""unpaved""}",2026-08-15T06:02:43+00:00,0.7,REPORTED
564470,blocked_sidewalk,"{""blocked"": true}",2026-08-15T06:02:43+00:00,0.7,REPORTED
564356,road_hazard,"{""hazard"": true, ""kind"": ""unpaved""}",2026-08-15T06:02:43+00:00,0.7,REPORTED
564638,road_hazard,"{""hazard"": true, ""kind"": ""unpaved""}",2026-08-15T06:02:43+00:00,0.7,REPORTED
564357,road_hazard,"{""hazard"": true, ""kind"": ""unpaved""}",2026-08-15T06:02:43+00:00,0.7,REPORTED
487134,road_hazard,"{""hazard"": true, ""kind"": ""unpaved""}",2026-08-15T06:02:43+00:00,0.7,REPORTED
573709,road_hazard,"{""hazard"": true, ""kind"": ""unpaved""}",2026-08-15T06:02:43+00:00,0.7,REPORTED
573704,road_hazard,"{""hazard"": true, ""kind"": ""unpaved""}",2026-08-15T06:02:43+00:00,0.7,REPORTED
662604,road_hazard,"{""hazard"": true, ""kind"": ""unpaved""}",2026-08-15T06:02:43+00:00,0.7,REPORTED
549534,road_hazard,"{""hazard"": true, ""kind"": ""unpaved""}",2026-08-15T06:02:43+00:00,0.7,REPORTED
658368,road_hazard,"{""hazard"": true, ""kind"": ""unpaved""}",2026-08-15T06:02:43+00:00,0.7,REPORTED
658369,road_hazard,"{""hazard"": true, ""kind"": ""unpaved""}",2026-08-15T06:02:43+00:00,0.7,REPORTED
658367,road_hazard,"{""hazard"": true, ""kind"": ""unpaved""}",2026-08-15T06:02:43+00:00,0.7,REPORTED
573706,road_hazard,"{""hazard"": true, ""kind"": ""unpaved""}",2026-08-15T06:02:43+00:00,0.7,REPORTED
599230,road_hazard,"{""hazard"": true, ""kind"": ""unpaved""}",2026-08-15T06:02:43+00:00,0.7,REPORTED
498747,blocked_sidewalk,"{""blocked"": true}",2026-08-15T06:02:43+00:00,0.7,REPORTED
560830,road_hazard,"{""hazard"": true, ""kind"": ""unpaved""}",2026-08-15T06:02:43+00:00,0.7,REPORTED
501197,road_hazard,"{""hazard"": true, ""kind"": ""dirt""}",2026-08-15T06:02:43+00:00,0.7,REPORTED
501270,road_hazard,"{""hazard"": true, ""kind"": ""dirt""}",2026-08-15T06:02:43+00:00,0.7,REPORTED
501367,blocked_sidewalk,"{""blocked"": true}",2026-08-15T06:02:43+00:00,0.7,REPORTED
501304,road_hazard,"{""hazard"": true, ""kind"": ""mud""}",2026-08-15T06:02:43+00:00,0.7,REPORTED
501271,road_hazard,"{""hazard"": true, ""kind"": ""unpaved""}",2026-08-15T06:02:43+00:00,0.7,REPORTED
501300,blocked_sidewalk,"{""blocked"": true}",2026-08-15T06:02:43+00:00,0.7,REPORTED
560199,road_hazard,"{""hazard"": true, ""kind"": ""unpaved""}",2026-08-15T06:02:43+00:00,0.7,REPORTED
364927,road_hazard,"{""hazard"": true, ""kind"": ""unpaved""}",2026-08-15T06:02:43+00:00,0.7,REPORTED
589790,road_hazard,"{""hazard"": true, ""kind"": ""unpaved""}",2026-08-15T06:02:43+00:00,0.7,REPORTED
511877,road_hazard,"{""hazard"": true, ""kind"": ""unpaved""}",2026-08-15T06:02:43+00:00,0.7,REPORTED
512162,poor_lighting,"{""poor"": true}",2026-08-15T06:02:43+00:00,0.7,REPORTED
512162,road_hazard,"{""hazard"": true, ""kind"": ""dirt""}",2026-08-15T06:02:43+00:00,0.7,REPORTED
375566,road_hazard,"{""hazard"": true, ""kind"": ""unpaved""}",2026-08-15T06:02:43+00:00,0.7,REPORTED
514308,blocked_sidewalk,"{""blocked"": true}",2026-08-15T06:02:43+00:00,0.7,REPORTED
514385,blocked_sidewalk,"{""blocked"": true}",2026-08-15T06:02:43+00:00,0.7,REPORTED
510971,poor_lighting,"{""poor"": true}",2026-08-15T06:02:43+00:00,0.7,REPORTED
680592,road_hazard,"{""hazard"": true, ""kind"": ""unpaved""}",2026-08-15T06:02:43+00:00,0.7,REPORTED
680285,road_hazard,"{""hazard"": true, ""kind"": ""unpaved""}",2026-08-15T06:02:43+00:00,0.7,REPORTED
680684,road_hazard,"{""hazard"": true, ""kind"": ""unpaved""}",2026-08-15T06:02:43+00:00,0.7,REPORTED
559626,road_hazard,"{""hazard"": true, ""kind"": ""unpaved""}",2026-08-15T06:02:43+00:00,0.7,REPORTED
680477,road_hazard,"{""hazard"": true, ""kind"": ""unpaved""}",2026-08-15T06:02:43+00:00,0.7,REPORTED
575237,road_hazard,"{""hazard"": true, ""kind"": ""unpaved""}",2026-08-15T06:02:43+00:00,0.7,REPORTED
589348,road_hazard,"{""hazard"": true, ""kind"": ""unpaved""}",2026-08-15T06:02:43+00:00,0.7,REPORTED
575238,road_hazard,"{""hazard"": true, ""kind"": ""unpaved""}",2026-08-15T06:02:43+00:00,0.7,REPORTED
575233,road_hazard,"{""hazard"": true, ""kind"": ""unpaved""}",2026-08-15T06:02:43+00:00,0.7,REPORTED
575239,road_hazard,"{""hazard"": true, ""kind"": ""unpaved""}",2026-08-15T06:02:43+00:00,0.7,REPORTED
575230,road_hazard,"{""hazard"": true, ""kind"": ""unpaved""}",2026-08-15T06:02:43+00:00,0.7,REPORTED
575226,road_hazard,"{""hazard"": true, ""kind"": ""unpaved""}",2026-08-15T06:02:43+00:00,0.7,REPORTED
575228,road_hazard,"{""hazard"": true, ""kind"": ""unpaved""}",2026-08-15T06:02:43+00:00,0.7,REPORTED
575231,road_hazard,"{""hazard"": true, ""kind"": ""unpaved""}",2026-08-15T06:02:43+00:00,0.7,REPORTED
575235,road_hazard,"{""hazard"": true, ""kind"": ""unpaved""}",2026-08-15T06:02:43+00:00,0.7,REPORTED
575227,road_hazard,"{""hazard"": true, ""kind"": ""unpaved""}",2026-08-15T06:02:43+00:00,0.7,REPORTED
575236,road_hazard,"{""hazard"": true, ""kind"": ""unpaved""}",2026-08-15T06:02:43+00:00,0.7,REPORTED
575225,road_hazard,"{""hazard"": true, ""kind"": ""unpaved""}",2026-08-15T06:02:43+00:00,0.7,REPORTED
575222,road_hazard,"{""hazard"": true, ""kind"": ""unpaved""}",2026-08-15T06:02:43+00:00,0.7,REPORTED
575232,road_hazard,"{""hazard"": true, ""kind"": ""unpaved""}",2026-08-15T06:02:43+00:00,0.7,REPORTED
575229,road_hazard,"{""hazard"": true, ""kind"": ""unpaved""}",2026-08-15T06:02:43+00:00,0.7,REPORTED
575224,road_hazard,"{""hazard"": true, ""kind"": ""unpaved""}",2026-08-15T06:02:43+00:00,0.7,REPORTED
575234,road_hazard,"{""hazard"": true, ""kind"": ""unpaved""}",2026-08-15T06:02:43+00:00,0.7,REPORTED
589347,road_hazard,"{""hazard"": true, ""kind"": ""unpaved""}",2026-08-15T06:02:43+00:00,0.7,REPORTED
575223,road_hazard,"{""hazard"": true, ""kind"": ""unpaved""}",2026-08-15T06:02:43+00:00,0.7,REPORTED
679391,road_hazard,"{""hazard"": true, ""kind"": ""unpaved""}",2026-08-15T06:02:43+00:00,0.7,REPORTED
679437,road_hazard,"{""hazard"": true, ""kind"": ""unpaved""}",2026-08-15T06:02:43+00:00,0.7,REPORTED
679400,road_hazard,"{""hazard"": true, ""kind"": ""unpaved""}",2026-08-15T06:02:43+00:00,0.7,REPORTED
679258,road_hazard,"{""hazard"": true, ""kind"": ""unpaved""}",2026-08-15T06:02:43+00:00,0.7,REPORTED
578169,road_hazard,"{""hazard"": true, ""kind"": ""unpaved""}",2026-08-15T06:02:43+00:00,0.7,REPORTED
679524,road_hazard,"{""hazard"": true, ""kind"": ""unpaved""}",2026-08-15T06:02:43+00:00,0.7,REPORTED
679525,road_hazard,"{""hazard"": true, ""kind"": ""unpaved""}",2026-08-15T06:02:43+00:00,0.7,REPORTED
679469,road_hazard,"{""hazard"": true, ""kind"": ""unpaved""}",2026-08-15T06:02:43+00:00,0.7,REPORTED
679438,road_hazard,"{""hazard"": true, ""kind"": ""unpaved""}",2026-08-15T06:02:43+00:00,0.7,REPORTED
667149,road_hazard,"{""hazard"": true, ""kind"": ""unpaved""}",2026-08-15T06:02:43+00:00,0.7,REPORTED
667163,road_hazard,"{""hazard"": true, ""kind"": ""unpaved""}",2026-08-15T06:02:43+00:00,0.7,REPORTED
679523,road_hazard,"{""hazard"": true, ""kind"": ""unpaved""}",2026-08-15T06:02:43+00:00,0.7,REPORTED
670866,road_hazard,"{""hazard"": true, ""kind"": ""unpaved""}",2026-08-15T06:02:43+00:00,0.7,REPORTED
670720,road_hazard,"{""hazard"": true, ""kind"": ""unpaved""}",2026-08-15T06:02:43+00:00,0.7,REPORTED
657882,road_hazard,"{""hazard"": true, ""kind"": ""unpaved""}",2026-08-15T06:02:43+00:00,0.7,REPORTED
657886,road_hazard,"{""hazard"": true, ""kind"": ""unpaved""}",2026-08-15T06:02:43+00:00,0.7,REPORTED
657883,road_hazard,"{""hazard"": true, ""kind"": ""unpaved""}",2026-08-15T06:02:43+00:00,0.7,REPORTED
657798,road_hazard,"{""hazard"": true, ""kind"": ""unpaved""}",2026-08-15T06:02:43+00:00,0.7,REPORTED
361333,road_hazard,"{""hazard"": true, ""kind"": ""unpaved""}",2026-08-15T06:02:43+00:00,0.7,REPORTED
361303,road_hazard,"{""hazard"": true, ""kind"": ""unpaved""}",2026-08-15T06:02:43+00:00,0.7,REPORTED
577289,road_hazard,"{""hazard"": true, ""kind"": ""unpaved""}",2026-08-15T06:02:43+00:00,0.7,REPORTED
577288,road_hazard,"{""hazard"": true, ""kind"": ""unpaved""}",2026-08-15T06:02:43+00:00,0.7,REPORTED
577287,road_hazard,"{""hazard"": true, ""kind"": ""unpaved""}",2026-08-15T06:02:43+00:00,0.7,REPORTED
658835,road_hazard,"{""hazard"": true, ""kind"": ""unpaved""}",2026-08-15T06:02:43+00:00,0.7,REPORTED
658779,road_hazard,"{""hazard"": true, ""kind"": ""unpaved""}",2026-08-15T06:02:43+00:00,0.7,REPORTED
658197,road_hazard,"{""hazard"": true, ""kind"": ""unpaved""}",2026-08-15T06:02:43+00:00,0.7,REPORTED
658829,road_hazard,"{""hazard"": true, ""kind"": ""unpaved""}",2026-08-15T06:02:43+00:00,0.7,REPORTED
582349,road_hazard,"{""hazard"": true, ""kind"": ""unpaved""}",2026-08-15T06:02:43+00:00,0.7,REPORTED
670916,road_hazard,"{""hazard"": true, ""kind"": ""unpaved""}",2026-08-15T06:02:43+00:00,0.7,REPORTED
416512,road_hazard,"{""hazard"": true, ""kind"": ""unpaved""}",2026-08-15T06:02:43+00:00,0.7,REPORTED
416525,road_hazard,"{""hazard"": true, ""kind"": ""unpaved""}",2026-08-15T06:02:43+00:00,0.7,REPORTED
670799,road_hazard,"{""hazard"": true, ""kind"": ""unpaved""}",2026-08-15T06:02:43+00:00,0.7,REPORTED
670926,road_hazard,"{""hazard"": true, ""kind"": ""unpaved""}",2026-08-15T06:02:43+00:00,0.7,REPORTED
678906,road_hazard,"{""hazard"": true, ""kind"": ""unpaved""}",2026-08-15T06:02:43+00:00,0.7,REPORTED
588761,poor_lighting,"{""poor"": true}",2026-08-15T06:02:43+00:00,0.7,REPORTED
588794,poor_lighting,"{""poor"": true}",2026-08-15T06:02:43+00:00,0.7,REPORTED
588770,poor_lighting,"{""poor"": true}",2026-08-15T06:02:43+00:00,0.7,REPORTED
588770,blocked_sidewalk,"{""blocked"": true}",2026-08-15T06:02:43+00:00,0.7,REPORTED
588770,road_hazard,"{""hazard"": true, ""kind"": ""dirt""}",2026-08-15T06:02:43+00:00,0.7,REPORTED
361780,road_hazard,"{""hazard"": true, ""kind"": ""unpaved""}",2026-08-15T06:02:43+00:00,0.7,REPORTED
401031,poor_lighting,"{""poor"": true}",2026-08-15T06:02:43+00:00,0.7,REPORTED
588860,road_hazard,"{""hazard"": true, ""kind"": ""unpaved""}",2026-08-15T06:02:43+00:00,0.7,REPORTED
680284,road_hazard,"{""hazard"": true, ""kind"": ""unpaved""}",2026-08-15T06:02:43+00:00,0.7,REPORTED
680280,road_hazard,"{""hazard"": true, ""kind"": ""unpaved""}",2026-08-15T06:02:43+00:00,0.7,REPORTED
658958,road_hazard,"{""hazard"": true, ""kind"": ""unpaved""}",2026-08-15T06:02:43+00:00,0.7,REPORTED
657961,road_hazard,"{""hazard"": true, ""kind"": ""unpaved""}",2026-08-15T06:02:43+00:00,0.7,REPORTED
657962,road_hazard,"{""hazard"": true, ""kind"": ""unpaved""}",2026-08-15T06:02:43+00:00,0.7,REPORTED
657950,road_hazard,"{""hazard"": true, ""kind"": ""unpaved""}",2026-08-15T06:02:43+00:00,0.7,REPORTED
658056,road_hazard,"{""hazard"": true, ""kind"": ""unpaved""}",2026-08-15T06:02:43+00:00,0.7,REPORTED
657964,road_hazard,"{""hazard"": true, ""kind"": ""unpaved""}",2026-08-15T06:02:43+00:00,0.7,REPORTED
658969,road_hazard,"{""hazard"": true, ""kind"": ""unpaved""}",2026-08-15T06:02:43+00:00,0.7,REPORTED
658966,road_hazard,"{""hazard"": true, ""kind"": ""unpaved""}",2026-08-15T06:02:43+00:00,0.7,REPORTED
658964,road_hazard,"{""hazard"": true, ""kind"": ""unpaved""}",2026-08-15T06:02:43+00:00,0.7,REPORTED
658048,road_hazard,"{""hazard"": true, ""kind"": ""unpaved""}",2026-08-15T06:02:43+00:00,0.7,REPORTED
658961,road_hazard,"{""hazard"": true, ""kind"": ""unpaved""}",2026-08-15T06:02:43+00:00,0.7,REPORTED
429067,road_hazard,"{""hazard"": true, ""kind"": ""unpaved""}",2026-08-15T06:02:43+00:00,0.7,REPORTED
432378,poor_lighting,"{""poor"": true}",2026-08-15T06:02:43+00:00,0.7,REPORTED
432378,blocked_sidewalk,"{""blocked"": true}",2026-08-15T06:02:43+00:00,0.7,REPORTED
414731,road_hazard,"{""hazard"": true, ""kind"": ""dirt""}",2026-08-15T06:02:43+00:00,0.7,REPORTED
414670,road_hazard,"{""hazard"": true, ""kind"": ""dirt""}",2026-08-15T06:02:43+00:00,0.7,REPORTED
414733,road_hazard,"{""hazard"": true, ""kind"": ""dirt""}",2026-08-15T06:02:43+00:00,0.7,REPORTED
486048,road_hazard,"{""hazard"": true, ""kind"": ""unpaved""}",2026-08-15T06:02:43+00:00,0.7,REPORTED
432542,road_hazard,"{""hazard"": true, ""kind"": ""unpaved""}",2026-08-15T06:02:43+00:00,0.7,REPORTED
414700,blocked_sidewalk,"{""blocked"": true}",2026-08-15T06:02:43+00:00,0.7,REPORTED
471219,blocked_sidewalk,"{""blocked"": true}",2026-08-15T06:02:43+00:00,0.7,REPORTED
471163,blocked_sidewalk,"{""blocked"": true}",2026-08-15T06:02:43+00:00,0.7,REPORTED
471217,blocked_sidewalk,"{""blocked"": true}",2026-08-15T06:02:43+00:00,0.7,REPORTED
493592,road_hazard,"{""hazard"": true, ""kind"": ""unpaved""}",2026-08-15T06:02:43+00:00,0.7,REPORTED
493583,road_hazard,"{""hazard"": true, ""kind"": ""unpaved""}",2026-08-15T06:02:43+00:00,0.7,REPORTED
372346,road_hazard,"{""hazard"": true, ""kind"": ""unpaved""}",2026-08-15T06:02:43+00:00,0.7,REPORTED
411244,road_hazard,"{""hazard"": true, ""kind"": ""unpaved""}",2026-08-15T06:02:43+00:00,0.7,REPORTED
510471,blocked_sidewalk,"{""blocked"": true}",2026-08-15T06:02:43+00:00,0.7,REPORTED
510647,road_hazard,"{""hazard"": true, ""kind"": ""ground""}",2026-08-15T06:02:43+00:00,0.7,REPORTED
510560,blocked_sidewalk,"{""blocked"": true}",2026-08-15T06:02:43+00:00,0.7,REPORTED
493522,road_hazard,"{""hazard"": true, ""kind"": ""ground""}",2026-08-15T06:02:43+00:00,0.7,REPORTED
493509,road_hazard,"{""hazard"": true, ""kind"": ""ground""}",2026-08-15T06:02:43+00:00,0.7,REPORTED
493514,road_hazard,"{""hazard"": true, ""kind"": ""ground""}",2026-08-15T06:02:43+00:00,0.7,REPORTED
493516,road_hazard,"{""hazard"": true, ""kind"": ""ground""}",2026-08-15T06:02:43+00:00,0.7,REPORTED
464274,blocked_sidewalk,"{""blocked"": true}",2026-08-15T06:02:43+00:00,0.7,REPORTED
464270,blocked_sidewalk,"{""blocked"": true}",2026-08-15T06:02:43+00:00,0.7,REPORTED
466879,blocked_sidewalk,"{""blocked"": true}",2026-08-15T06:02:43+00:00,0.7,REPORTED
466875,blocked_sidewalk,"{""blocked"": true}",2026-08-15T06:02:43+00:00,0.7,REPORTED
464249,blocked_sidewalk,"{""blocked"": true}",2026-08-15T06:02:43+00:00,0.7,REPORTED
466886,blocked_sidewalk,"{""blocked"": true}",2026-08-15T06:02:43+00:00,0.7,REPORTED
466883,blocked_sidewalk,"{""blocked"": true}",2026-08-15T06:02:43+00:00,0.7,REPORTED
466873,blocked_sidewalk,"{""blocked"": true}",2026-08-15T06:02:43+00:00,0.7,REPORTED
466876,blocked_sidewalk,"{""blocked"": true}",2026-08-15T06:02:43+00:00,0.7,REPORTED
466874,blocked_sidewalk,"{""blocked"": true}",2026-08-15T06:02:43+00:00,0.7,REPORTED
466880,blocked_sidewalk,"{""blocked"": true}",2026-08-15T06:02:43+00:00,0.7,REPORTED
494748,road_hazard,"{""hazard"": true, ""kind"": ""unpaved""}",2026-08-15T06:02:43+00:00,0.7,REPORTED
417056,road_hazard,"{""hazard"": true, ""kind"": ""unpaved""}",2026-08-15T06:02:43+00:00,0.7,REPORTED
495908,blocked_sidewalk,"{""blocked"": true}",2026-08-15T06:02:43+00:00,0.7,REPORTED
475823,road_hazard,"{""hazard"": true, ""kind"": ""unpaved""}",2026-08-15T06:02:43+00:00,0.7,REPORTED
496531,blocked_sidewalk,"{""blocked"": true}",2026-08-15T06:02:43+00:00,0.7,REPORTED
496533,blocked_sidewalk,"{""blocked"": true}",2026-08-15T06:02:43+00:00,0.7,REPORTED
445405,blocked_sidewalk,"{""blocked"": true}",2026-08-15T06:02:43+00:00,0.7,REPORTED
533252,poor_lighting,"{""poor"": true}",2026-08-15T06:02:43+00:00,0.7,REPORTED
533252,road_hazard,"{""hazard"": true, ""kind"": ""unpaved""}",2026-08-15T06:02:43+00:00,0.7,REPORTED
578104,poor_lighting,"{""poor"": true}",2026-08-15T06:02:43+00:00,0.7,REPORTED
533246,poor_lighting,"{""poor"": true}",2026-08-15T06:02:43+00:00,0.7,REPORTED
533246,road_hazard,"{""hazard"": true, ""kind"": ""unpaved""}",2026-08-15T06:02:43+00:00,0.7,REPORTED
533249,poor_lighting,"{""poor"": true}",2026-08-15T06:02:43+00:00,0.7,REPORTED
533250,poor_lighting,"{""poor"": true}",2026-08-15T06:02:43+00:00,0.7,REPORTED
578106,poor_lighting,"{""poor"": true}",2026-08-15T06:02:43+00:00,0.7,REPORTED
441229,road_hazard,"{""hazard"": true, ""kind"": ""unpaved""}",2026-08-15T06:02:43+00:00,0.7,REPORTED
443604,road_hazard,"{""hazard"": true, ""kind"": ""unpaved""}",2026-08-15T06:02:43+00:00,0.7,REPORTED
466878,blocked_sidewalk,"{""blocked"": true}",2026-08-15T06:02:43+00:00,0.7,REPORTED
459823,poor_lighting,"{""poor"": true}",2026-08-15T06:02:43+00:00,0.7,REPORTED
511699,poor_lighting,"{""poor"": true}",2026-08-15T06:02:43+00:00,0.7,REPORTED
511691,poor_lighting,"{""poor"": true}",2026-08-15T06:02:43+00:00,0.7,REPORTED
511706,poor_lighting,"{""poor"": true}",2026-08-15T06:02:43+00:00,0.7,REPORTED
511657,poor_lighting,"{""poor"": true}",2026-08-15T06:02:43+00:00,0.7,REPORTED
459816,poor_lighting,"{""poor"": true}",2026-08-15T06:02:43+00:00,0.7,REPORTED
511629,poor_lighting,"{""poor"": true}",2026-08-15T06:02:43+00:00,0.7,REPORTED
511670,poor_lighting,"{""poor"": true}",2026-08-15T06:02:43+00:00,0.7,REPORTED
511648,poor_lighting,"{""poor"": true}",2026-08-15T06:02:43+00:00,0.7,REPORTED
511702,poor_lighting,"{""poor"": true}",2026-08-15T06:02:43+00:00,0.7,REPORTED
511681,poor_lighting,"{""poor"": true}",2026-08-15T06:02:43+00:00,0.7,REPORTED
511684,poor_lighting,"{""poor"": true}",2026-08-15T06:02:43+00:00,0.7,REPORTED
511632,poor_lighting,"{""poor"": true}",2026-08-15T06:02:43+00:00,0.7,REPORTED
511709,poor_lighting,"{""poor"": true}",2026-08-15T06:02:43+00:00,0.7,REPORTED
511639,poor_lighting,"{""poor"": true}",2026-08-15T06:02:43+00:00,0.7,REPORTED
511633,poor_lighting,"{""poor"": true}",2026-08-15T06:02:43+00:00,0.7,REPORTED
511698,poor_lighting,"{""poor"": true}",2026-08-15T06:02:43+00:00,0.7,REPORTED
459825,poor_lighting,"{""poor"": true}",2026-08-15T06:02:43+00:00,0.7,REPORTED
459808,poor_lighting,"{""poor"": true}",2026-08-15T06:02:43+00:00,0.7,REPORTED
511640,poor_lighting,"{""poor"": true}",2026-08-15T06:02:43+00:00,0.7,REPORTED
511701,poor_lighting,"{""poor"": true}",2026-08-15T06:02:43+00:00,0.7,REPORTED
511644,poor_lighting,"{""poor"": true}",2026-08-15T06:02:43+00:00,0.7,REPORTED
511628,poor_lighting,"{""poor"": true}",2026-08-15T06:02:43+00:00,0.7,REPORTED
511656,poor_lighting,"{""poor"": true}",2026-08-15T06:02:43+00:00,0.7,REPORTED
511634,poor_lighting,"{""poor"": true}",2026-08-15T06:02:43+00:00,0.7,REPORTED
511695,poor_lighting,"{""poor"": true}",2026-08-15T06:02:43+00:00,0.7,REPORTED
511652,poor_lighting,"{""poor"": true}",2026-08-15T06:02:43+00:00,0.7,REPORTED
511707,poor_lighting,"{""poor"": true}",2026-08-15T06:02:43+00:00,0.7,REPORTED
511692,poor_lighting,"{""poor"": true}",2026-08-15T06:02:43+00:00,0.7,REPORTED
459824,poor_lighting,"{""poor"": true}",2026-08-15T06:02:43+00:00,0.7,REPORTED
511700,poor_lighting,"{""poor"": true}",2026-08-15T06:02:43+00:00,0.7,REPORTED
511626,poor_lighting,"{""poor"": true}",2026-08-15T06:02:43+00:00,0.7,REPORTED
459819,poor_lighting,"{""poor"": true}",2026-08-15T06:02:43+00:00,0.7,REPORTED
511627,poor_lighting,"{""poor"": true}",2026-08-15T06:02:43+00:00,0.7,REPORTED
511651,poor_lighting,"{""poor"": true}",2026-08-15T06:02:43+00:00,0.7,REPORTED
511708,poor_lighting,"{""poor"": true}",2026-08-15T06:02:43+00:00,0.7,REPORTED
511693,poor_lighting,"{""poor"": true}",2026-08-15T06:02:43+00:00,0.7,REPORTED
511625,poor_lighting,"{""poor"": true}",2026-08-15T06:02:43+00:00,0.7,REPORTED
459795,poor_lighting,"{""poor"": true}",2026-08-15T06:02:43+00:00,0.7,REPORTED
511697,poor_lighting,"{""poor"": true}",2026-08-15T06:02:43+00:00,0.7,REPORTED
459820,poor_lighting,"{""poor"": true}",2026-08-15T06:02:43+00:00,0.7,REPORTED
511694,poor_lighting,"{""poor"": true}",2026-08-15T06:02:43+00:00,0.7,REPORTED
511696,poor_lighting,"{""poor"": true}",2026-08-15T06:02:43+00:00,0.7,REPORTED
511666,poor_lighting,"{""poor"": true}",2026-08-15T06:02:43+00:00,0.7,REPORTED
511687,poor_lighting,"{""poor"": true}",2026-08-15T06:02:43+00:00,0.7,REPORTED
511673,poor_lighting,"{""poor"": true}",2026-08-15T06:02:43+00:00,0.7,REPORTED
511703,poor_lighting,"{""poor"": true}",2026-08-15T06:02:43+00:00,0.7,REPORTED
459780,poor_lighting,"{""poor"": true}",2026-08-15T06:02:43+00:00,0.7,REPORTED
511704,poor_lighting,"{""poor"": true}",2026-08-15T06:02:43+00:00,0.7,REPORTED
459818,poor_lighting,"{""poor"": true}",2026-08-15T06:02:43+00:00,0.7,REPORTED
511650,poor_lighting,"{""poor"": true}",2026-08-15T06:02:43+00:00,0.7,REPORTED
511647,poor_lighting,"{""poor"": true}",2026-08-15T06:02:43+00:00,0.7,REPORTED
459817,poor_lighting,"{""poor"": true}",2026-08-15T06:02:43+00:00,0.7,REPORTED
511645,poor_lighting,"{""poor"": true}",2026-08-15T06:02:43+00:00,0.7,REPORTED
511649,poor_lighting,"{""poor"": true}",2026-08-15T06:02:43+00:00,0.7,REPORTED
511630,poor_lighting,"{""poor"": true}",2026-08-15T06:02:43+00:00,0.7,REPORTED
511631,poor_lighting,"{""poor"": true}",2026-08-15T06:02:43+00:00,0.7,REPORTED
459826,poor_lighting,"{""poor"": true}",2026-08-15T06:02:43+00:00,0.7,REPORTED
459822,poor_lighting,"{""poor"": true}",2026-08-15T06:02:43+00:00,0.7,REPORTED
459827,poor_lighting,"{""poor"": true}",2026-08-15T06:02:43+00:00,0.7,REPORTED
459821,poor_lighting,"{""poor"": true}",2026-08-15T06:02:43+00:00,0.7,REPORTED
511660,poor_lighting,"{""poor"": true}",2026-08-15T06:02:43+00:00,0.7,REPORTED
511661,poor_lighting,"{""poor"": true}",2026-08-15T06:02:43+00:00,0.7,REPORTED
511680,poor_lighting,"{""poor"": true}",2026-08-15T06:02:43+00:00,0.7,REPORTED
511641,poor_lighting,"{""poor"": true}",2026-08-15T06:02:43+00:00,0.7,REPORTED
511665,poor_lighting,"{""poor"": true}",2026-08-15T06:02:43+00:00,0.7,REPORTED
511664,poor_lighting,"{""poor"": true}",2026-08-15T06:02:43+00:00,0.7,REPORTED
459778,poor_lighting,"{""poor"": true}",2026-08-15T06:02:43+00:00,0.7,REPORTED
459779,poor_lighting,"{""poor"": true}",2026-08-15T06:02:43+00:00,0.7,REPORTED
511710,poor_lighting,"{""poor"": true}",2026-08-15T06:02:43+00:00,0.7,REPORTED
511711,poor_lighting,"{""poor"": true}",2026-08-15T06:02:43+00:00,0.7,REPORTED
459619,poor_lighting,"{""poor"": true}",2026-08-15T06:02:43+00:00,0.7,REPORTED
459782,poor_lighting,"{""poor"": true}",2026-08-15T06:02:43+00:00,0.7,REPORTED
557584,blocked_sidewalk,"{""blocked"": true}",2026-08-15T06:02:43+00:00,0.7,REPORTED
553605,blocked_sidewalk,"{""blocked"": true}",2026-08-15T06:02:43+00:00,0.7,REPORTED
542792,blocked_sidewalk,"{""blocked"": true}",2026-08-15T06:02:43+00:00,0.7,REPORTED
552007,blocked_sidewalk,"{""blocked"": true}",2026-08-15T06:02:43+00:00,0.7,REPORTED
507684,road_hazard,"{""hazard"": true, ""kind"": ""ground""}",2026-08-15T06:02:43+00:00,0.7,REPORTED
514160,road_hazard,"{""hazard"": true, ""kind"": ""dirt""}",2026-08-15T06:02:43+00:00,0.7,REPORTED
602847,road_hazard,"{""hazard"": true, ""kind"": ""unpaved""}",2026-08-15T06:02:43+00:00,0.7,REPORTED
599472,road_hazard,"{""hazard"": true, ""kind"": ""unpaved""}",2026-08-15T06:02:43+00:00,0.7,REPORTED
510995,road_hazard,"{""hazard"": true, ""kind"": ""unpaved""}",2026-08-15T06:02:43+00:00,0.7,REPORTED
511526,road_hazard,"{""hazard"": true, ""kind"": ""dirt""}",2026-08-15T06:02:43+00:00,0.7,REPORTED
593484,blocked_sidewalk,"{""blocked"": true}",2026-08-15T06:02:43+00:00,0.7,REPORTED
593484,road_hazard,"{""hazard"": true, ""kind"": ""dirt""}",2026-08-15T06:02:43+00:00,0.7,REPORTED
592788,road_hazard,"{""hazard"": true, ""kind"": ""mud""}",2026-08-15T06:02:43+00:00,0.7,REPORTED
593281,road_hazard,"{""hazard"": true, ""kind"": ""mud""}",2026-08-15T06:02:43+00:00,0.7,REPORTED
593294,road_hazard,"{""hazard"": true, ""kind"": ""dirt""}",2026-08-15T06:02:43+00:00,0.7,REPORTED
593304,road_hazard,"{""hazard"": true, ""kind"": ""dirt""}",2026-08-15T06:02:43+00:00,0.7,REPORTED
593285,road_hazard,"{""hazard"": true, ""kind"": ""dirt""}",2026-08-15T06:02:43+00:00,0.7,REPORTED
509232,poor_lighting,"{""poor"": true}",2026-08-15T06:02:43+00:00,0.7,REPORTED
509232,road_hazard,"{""hazard"": true, ""kind"": ""ground""}",2026-08-15T06:02:43+00:00,0.7,REPORTED
509226,poor_lighting,"{""poor"": true}",2026-08-15T06:02:43+00:00,0.7,REPORTED
509226,road_hazard,"{""hazard"": true, ""kind"": ""ground""}",2026-08-15T06:02:43+00:00,0.7,REPORTED
509249,road_hazard,"{""hazard"": true, ""kind"": ""ground""}",2026-08-15T06:02:43+00:00,0.7,REPORTED
592540,blocked_sidewalk,"{""blocked"": true}",2026-08-15T06:02:43+00:00,0.7,REPORTED
592987,blocked_sidewalk,"{""blocked"": true}",2026-08-15T06:02:43+00:00,0.7,REPORTED
592986,blocked_sidewalk,"{""blocked"": true}",2026-08-15T06:02:43+00:00,0.7,REPORTED
592950,blocked_sidewalk,"{""blocked"": true}",2026-08-15T06:02:43+00:00,0.7,REPORTED
592951,blocked_sidewalk,"{""blocked"": true}",2026-08-15T06:02:43+00:00,0.7,REPORTED
404198,poor_lighting,"{""poor"": true}",2026-08-15T06:02:43+00:00,0.7,REPORTED
496039,road_hazard,"{""hazard"": true, ""kind"": ""ground""}",2026-08-15T06:02:43+00:00,0.7,REPORTED
494520,poor_lighting,"{""poor"": true}",2026-08-15T06:02:43+00:00,0.7,REPORTED
495689,poor_lighting,"{""poor"": true}",2026-08-15T06:02:43+00:00,0.7,REPORTED
494883,road_hazard,"{""hazard"": true, ""kind"": ""gravel""}",2026-08-15T06:02:43+00:00,0.7,REPORTED
494887,road_hazard,"{""hazard"": true, ""kind"": ""gravel""}",2026-08-15T06:02:43+00:00,0.7,REPORTED
494919,road_hazard,"{""hazard"": true, ""kind"": ""gravel""}",2026-08-15T06:02:43+00:00,0.7,REPORTED
494884,road_hazard,"{""hazard"": true, ""kind"": ""gravel""}",2026-08-15T06:02:43+00:00,0.7,REPORTED
494876,road_hazard,"{""hazard"": true, ""kind"": ""sand""}",2026-08-15T06:02:43+00:00,0.7,REPORTED
494917,road_hazard,"{""hazard"": true, ""kind"": ""sand""}",2026-08-15T06:02:43+00:00,0.7,REPORTED
494879,road_hazard,"{""hazard"": true, ""kind"": ""unpaved""}",2026-08-15T06:02:43+00:00,0.7,REPORTED
494882,road_hazard,"{""hazard"": true, ""kind"": ""sand""}",2026-08-15T06:02:43+00:00,0.7,REPORTED
498474,poor_lighting,"{""poor"": true}",2026-08-15T06:02:43+00:00,0.7,REPORTED
498479,poor_lighting,"{""poor"": true}",2026-08-15T06:02:43+00:00,0.7,REPORTED
589603,blocked_sidewalk,"{""blocked"": true}",2026-08-15T06:02:43+00:00,0.7,REPORTED
589124,poor_lighting,"{""poor"": true}",2026-08-15T06:02:43+00:00,0.7,REPORTED
494312,blocked_sidewalk,"{""blocked"": true}",2026-08-15T06:02:43+00:00,0.7,REPORTED
476135,blocked_sidewalk,"{""blocked"": true}",2026-08-15T06:02:43+00:00,0.7,REPORTED
594045,blocked_sidewalk,"{""blocked"": true}",2026-08-15T06:02:43+00:00,0.7,REPORTED
594037,blocked_sidewalk,"{""blocked"": true}",2026-08-15T06:02:43+00:00,0.7,REPORTED
459571,blocked_sidewalk,"{""blocked"": true}",2026-08-15T06:02:43+00:00,0.7,REPORTED
495910,blocked_sidewalk,"{""blocked"": true}",2026-08-15T06:02:43+00:00,0.7,REPORTED
495909,blocked_sidewalk,"{""blocked"": true}",2026-08-15T06:02:43+00:00,0.7,REPORTED
495920,blocked_sidewalk,"{""blocked"": true}",2026-08-15T06:02:43+00:00,0.7,REPORTED
555691,road_hazard,"{""hazard"": true, ""kind"": ""unpaved""}",2026-08-15T06:02:43+00:00,0.7,REPORTED
496935,road_hazard,"{""hazard"": true, ""kind"": ""dirt""}",2026-08-15T06:02:43+00:00,0.7,REPORTED
498438,road_hazard,"{""hazard"": true, ""kind"": ""dirt""}",2026-08-15T06:02:43+00:00,0.7,REPORTED
497081,road_hazard,"{""hazard"": true, ""kind"": ""dirt""}",2026-08-15T06:02:43+00:00,0.7,REPORTED
496938,road_hazard,"{""hazard"": true, ""kind"": ""dirt""}",2026-08-15T06:02:43+00:00,0.7,REPORTED
497007,road_hazard,"{""hazard"": true, ""kind"": ""dirt""}",2026-08-15T06:02:43+00:00,0.7,REPORTED
497082,road_hazard,"{""hazard"": true, ""kind"": ""dirt""}",2026-08-15T06:02:43+00:00,0.7,REPORTED
497091,road_hazard,"{""hazard"": true, ""kind"": ""dirt""}",2026-08-15T06:02:43+00:00,0.7,REPORTED
496922,road_hazard,"{""hazard"": true, ""kind"": ""dirt""}",2026-08-15T06:02:43+00:00,0.7,REPORTED
495520,road_hazard,"{""hazard"": true, ""kind"": ""mud""}",2026-08-15T06:02:43+00:00,0.7,REPORTED
495519,road_hazard,"{""hazard"": true, ""kind"": ""mud""}",2026-08-15T06:02:43+00:00,0.7,REPORTED
496937,road_hazard,"{""hazard"": true, ""kind"": ""dirt""}",2026-08-15T06:02:43+00:00,0.7,REPORTED
498450,road_hazard,"{""hazard"": true, ""kind"": ""dirt""}",2026-08-15T06:02:43+00:00,0.7,REPORTED
498455,road_hazard,"{""hazard"": true, ""kind"": ""dirt""}",2026-08-15T06:02:43+00:00,0.7,REPORTED
496921,road_hazard,"{""hazard"": true, ""kind"": ""dirt""}",2026-08-15T06:02:43+00:00,0.7,REPORTED
496931,road_hazard,"{""hazard"": true, ""kind"": ""dirt""}",2026-08-15T06:02:43+00:00,0.7,REPORTED
496932,road_hazard,"{""hazard"": true, ""kind"": ""dirt""}",2026-08-15T06:02:43+00:00,0.7,REPORTED
496915,road_hazard,"{""hazard"": true, ""kind"": ""dirt""}",2026-08-15T06:02:43+00:00,0.7,REPORTED
495522,road_hazard,"{""hazard"": true, ""kind"": ""dirt""}",2026-08-15T06:02:43+00:00,0.7,REPORTED
498451,road_hazard,"{""hazard"": true, ""kind"": ""dirt""}",2026-08-15T06:02:43+00:00,0.7,REPORTED
498449,road_hazard,"{""hazard"": true, ""kind"": ""dirt""}",2026-08-15T06:02:43+00:00,0.7,REPORTED
507384,blocked_sidewalk,"{""blocked"": true}",2026-08-15T06:02:43+00:00,0.7,REPORTED
507383,blocked_sidewalk,"{""blocked"": true}",2026-08-15T06:02:43+00:00,0.7,REPORTED
557942,blocked_sidewalk,"{""blocked"": true}",2026-08-15T06:02:43+00:00,0.7,REPORTED
558039,blocked_sidewalk,"{""blocked"": true}",2026-08-15T06:02:43+00:00,0.7,REPORTED
558040,blocked_sidewalk,"{""blocked"": true}",2026-08-15T06:02:43+00:00,0.7,REPORTED
557944,blocked_sidewalk,"{""blocked"": true}",2026-08-15T06:02:43+00:00,0.7,REPORTED
467643,blocked_sidewalk,"{""blocked"": true}",2026-08-15T06:02:43+00:00,0.7,REPORTED
496923,road_hazard,"{""hazard"": true, ""kind"": ""dirt""}",2026-08-15T06:02:43+00:00,0.7,REPORTED
496925,road_hazard,"{""hazard"": true, ""kind"": ""dirt""}",2026-08-15T06:02:43+00:00,0.7,REPORTED
496933,road_hazard,"{""hazard"": true, ""kind"": ""dirt""}",2026-08-15T06:02:43+00:00,0.7,REPORTED
496927,road_hazard,"{""hazard"": true, ""kind"": ""dirt""}",2026-08-15T06:02:43+00:00,0.7,REPORTED
496928,road_hazard,"{""hazard"": true, ""kind"": ""dirt""}",2026-08-15T06:02:43+00:00,0.7,REPORTED
496014,poor_lighting,"{""poor"": true}",2026-08-15T06:02:43+00:00,0.7,REPORTED
496014,road_hazard,"{""hazard"": true, ""kind"": ""dirt""}",2026-08-15T06:02:43+00:00,0.7,REPORTED
553526,road_hazard,"{""hazard"": true, ""kind"": ""unpaved""}",2026-08-15T06:02:43+00:00,0.7,REPORTED
462244,blocked_sidewalk,"{""blocked"": true}",2026-08-15T06:02:43+00:00,0.7,REPORTED
462243,blocked_sidewalk,"{""blocked"": true}",2026-08-15T06:02:43+00:00,0.7,REPORTED
501407,road_hazard,"{""hazard"": true, ""kind"": ""mud""}",2026-08-15T06:02:43+00:00,0.7,REPORTED
462528,blocked_sidewalk,"{""blocked"": true}",2026-08-15T06:02:43+00:00,0.7,REPORTED
463718,blocked_sidewalk,"{""blocked"": true}",2026-08-15T06:02:43+00:00,0.7,REPORTED
462553,blocked_sidewalk,"{""blocked"": true}",2026-08-15T06:02:43+00:00,0.7,REPORTED
463959,blocked_sidewalk,"{""blocked"": true}",2026-08-15T06:02:43+00:00,0.7,REPORTED
500952,road_hazard,"{""hazard"": true, ""kind"": ""unpaved""}",2026-08-15T06:02:43+00:00,0.7,REPORTED
504474,blocked_sidewalk,"{""blocked"": true}",2026-08-15T06:02:43+00:00,0.7,REPORTED
503643,blocked_sidewalk,"{""blocked"": true}",2026-08-15T06:02:43+00:00,0.7,REPORTED
463973,blocked_sidewalk,"{""blocked"": true}",2026-08-15T06:02:43+00:00,0.7,REPORTED
464326,blocked_sidewalk,"{""blocked"": true}",2026-08-15T06:02:43+00:00,0.7,REPORTED
491058,poor_lighting,"{""poor"": true}",2026-08-15T06:02:43+00:00,0.7,REPORTED
491061,poor_lighting,"{""poor"": true}",2026-08-15T06:02:43+00:00,0.7,REPORTED
501350,blocked_sidewalk,"{""blocked"": true}",2026-08-15T06:02:43+00:00,0.7,REPORTED
510121,blocked_sidewalk,"{""blocked"": true}",2026-08-15T06:02:43+00:00,0.7,REPORTED
464055,blocked_sidewalk,"{""blocked"": true}",2026-08-15T06:02:43+00:00,0.7,REPORTED
497512,road_hazard,"{""hazard"": true, ""kind"": ""dirt""}",2026-08-15T06:02:43+00:00,0.7,REPORTED
484446,blocked_sidewalk,"{""blocked"": true}",2026-08-15T06:02:43+00:00,0.7,REPORTED
501322,blocked_sidewalk,"{""blocked"": true}",2026-08-15T06:02:43+00:00,0.7,REPORTED
359036,road_hazard,"{""hazard"": true, ""kind"": ""unpaved""}",2026-08-15T06:02:43+00:00,0.7,REPORTED
508901,road_hazard,"{""hazard"": true, ""kind"": ""unpaved""}",2026-08-15T06:02:43+00:00,0.7,REPORTED
445290,blocked_sidewalk,"{""blocked"": true}",2026-08-15T06:02:43+00:00,0.7,REPORTED
483888,blocked_sidewalk,"{""blocked"": true}",2026-08-15T06:02:43+00:00,0.7,REPORTED
464010,blocked_sidewalk,"{""blocked"": true}",2026-08-15T06:02:43+00:00,0.7,REPORTED
464054,blocked_sidewalk,"{""blocked"": true}",2026-08-15T06:02:43+00:00,0.7,REPORTED
500698,road_hazard,"{""hazard"": true, ""kind"": ""dirt""}",2026-08-15T06:02:43+00:00,0.7,REPORTED
493508,road_hazard,"{""hazard"": true, ""kind"": ""ground""}",2026-08-15T06:02:43+00:00,0.7,REPORTED
493510,road_hazard,"{""hazard"": true, ""kind"": ""ground""}",2026-08-15T06:02:43+00:00,0.7,REPORTED
493513,road_hazard,"{""hazard"": true, ""kind"": ""ground""}",2026-08-15T06:02:43+00:00,0.7,REPORTED
493518,road_hazard,"{""hazard"": true, ""kind"": ""ground""}",2026-08-15T06:02:43+00:00,0.7,REPORTED
493267,blocked_sidewalk,"{""blocked"": true}",2026-08-15T06:02:43+00:00,0.7,REPORTED
501223,road_hazard,"{""hazard"": true, ""kind"": ""ground""}",2026-08-15T06:02:43+00:00,0.7,REPORTED
460725,poor_lighting,"{""poor"": true}",2026-08-15T06:02:43+00:00,0.7,REPORTED
460715,poor_lighting,"{""poor"": true}",2026-08-15T06:02:43+00:00,0.7,REPORTED
460719,poor_lighting,"{""poor"": true}",2026-08-15T06:02:43+00:00,0.7,REPORTED
361965,blocked_sidewalk,"{""blocked"": true}",2026-08-15T06:02:43+00:00,0.7,REPORTED
361964,blocked_sidewalk,"{""blocked"": true}",2026-08-15T06:02:43+00:00,0.7,REPORTED
375035,blocked_sidewalk,"{""blocked"": true}",2026-08-15T06:02:43+00:00,0.7,REPORTED
362060,blocked_sidewalk,"{""blocked"": true}",2026-08-15T06:02:43+00:00,0.7,REPORTED
591888,blocked_sidewalk,"{""blocked"": true}",2026-08-15T06:02:43+00:00,0.7,REPORTED
501246,road_hazard,"{""hazard"": true, ""kind"": ""dirt""}",2026-08-15T06:02:43+00:00,0.7,REPORTED
501316,road_hazard,"{""hazard"": true, ""kind"": ""unpaved""}",2026-08-15T06:02:43+00:00,0.7,REPORTED
468229,blocked_sidewalk,"{""blocked"": true}",2026-08-15T06:02:43+00:00,0.7,REPORTED
589966,blocked_sidewalk,"{""blocked"": true}",2026-08-15T06:02:43+00:00,0.7,REPORTED
588381,blocked_sidewalk,"{""blocked"": true}",2026-08-15T06:02:43+00:00,0.7,REPORTED
501225,road_hazard,"{""hazard"": true, ""kind"": ""ground""}",2026-08-15T06:02:43+00:00,0.7,REPORTED
501226,road_hazard,"{""hazard"": true, ""kind"": ""ground""}",2026-08-15T06:02:43+00:00,0.7,REPORTED
501222,road_hazard,"{""hazard"": true, ""kind"": ""ground""}",2026-08-15T06:02:43+00:00,0.7,REPORTED
501221,road_hazard,"{""hazard"": true, ""kind"": ""ground""}",2026-08-15T06:02:43+00:00,0.7,REPORTED
501329,road_hazard,"{""hazard"": true, ""kind"": ""dirt""}",2026-08-15T06:02:43+00:00,0.7,REPORTED
510123,blocked_sidewalk,"{""blocked"": true}",2026-08-15T06:02:43+00:00,0.7,REPORTED
402293,blocked_sidewalk,"{""blocked"": true}",2026-08-15T06:02:43+00:00,0.7,REPORTED
402292,blocked_sidewalk,"{""blocked"": true}",2026-08-15T06:02:43+00:00,0.7,REPORTED
402289,blocked_sidewalk,"{""blocked"": true}",2026-08-15T06:02:43+00:00,0.7,REPORTED
591896,blocked_sidewalk,"{""blocked"": true}",2026-08-15T06:02:43+00:00,0.7,REPORTED
372782,road_hazard,"{""hazard"": true, ""kind"": ""unpaved""}",2026-08-15T06:02:43+00:00,0.7,REPORTED
372777,road_hazard,"{""hazard"": true, ""kind"": ""unpaved""}",2026-08-15T06:02:43+00:00,0.7,REPORTED
372493,road_hazard,"{""hazard"": true, ""kind"": ""unpaved""}",2026-08-15T06:02:43+00:00,0.7,REPORTED
372669,road_hazard,"{""hazard"": true, ""kind"": ""unpaved""}",2026-08-15T06:02:43+00:00,0.7,REPORTED
509783,blocked_sidewalk,"{""blocked"": true}",2026-08-15T06:02:43+00:00,0.7,REPORTED
617051,road_hazard,"{""hazard"": true, ""kind"": ""unpaved""}",2026-08-15T06:02:43+00:00,0.7,REPORTED
607176,road_hazard,"{""hazard"": true, ""kind"": ""unpaved""}",2026-08-15T06:02:43+00:00,0.7,REPORTED
501409,blocked_sidewalk,"{""blocked"": true}",2026-08-15T06:02:43+00:00,0.7,REPORTED
500753,road_hazard,"{""hazard"": true, ""kind"": ""dirt""}",2026-08-15T06:02:43+00:00,0.7,REPORTED
500754,road_hazard,"{""hazard"": true, ""kind"": ""dirt""}",2026-08-15T06:02:43+00:00,0.7,REPORTED
500758,road_hazard,"{""hazard"": true, ""kind"": ""dirt""}",2026-08-15T06:02:43+00:00,0.7,REPORTED
500757,road_hazard,"{""hazard"": true, ""kind"": ""dirt""}",2026-08-15T06:02:43+00:00,0.7,REPORTED
500789,road_hazard,"{""hazard"": true, ""kind"": ""mud""}",2026-08-15T06:02:43+00:00,0.7,REPORTED
501314,road_hazard,"{""hazard"": true, ""kind"": ""dirt""}",2026-08-15T06:02:43+00:00,0.7,REPORTED
461149,blocked_sidewalk,"{""blocked"": true}",2026-08-15T06:02:43+00:00,0.7,REPORTED
582794,blocked_sidewalk,"{""blocked"": true}",2026-08-15T06:02:43+00:00,0.7,REPORTED
590200,blocked_sidewalk,"{""blocked"": true}",2026-08-15T06:02:43+00:00,0.7,REPORTED
594001,blocked_sidewalk,"{""blocked"": true}",2026-08-15T06:02:43+00:00,0.7,REPORTED
593971,blocked_sidewalk,"{""blocked"": true}",2026-08-15T06:02:43+00:00,0.7,REPORTED
593971,road_hazard,"{""hazard"": true, ""kind"": ""dirt""}",2026-08-15T06:02:43+00:00,0.7,REPORTED
463461,blocked_sidewalk,"{""blocked"": true}",2026-08-15T06:02:43+00:00,0.7,REPORTED
370958,road_hazard,"{""hazard"": true, ""kind"": ""unpaved""}",2026-08-15T06:02:43+00:00,0.7,REPORTED
415085,road_hazard,"{""hazard"": true, ""kind"": ""unpaved""}",2026-08-15T06:02:43+00:00,0.7,REPORTED
464011,blocked_sidewalk,"{""blocked"": true}",2026-08-15T06:02:43+00:00,0.7,REPORTED
508805,poor_lighting,"{""poor"": true}",2026-08-15T06:02:43+00:00,0.7,REPORTED
501244,road_hazard,"{""hazard"": true, ""kind"": ""dirt""}",2026-08-15T06:02:43+00:00,0.7,REPORTED
467372,road_hazard,"{""hazard"": true, ""kind"": ""dirt""}",2026-08-15T06:02:43+00:00,0.7,REPORTED
467373,road_hazard,"{""hazard"": true, ""kind"": ""dirt""}",2026-08-15T06:02:43+00:00,0.7,REPORTED
496544,blocked_sidewalk,"{""blocked"": true}",2026-08-15T06:02:43+00:00,0.7,REPORTED
462894,road_hazard,"{""hazard"": true, ""kind"": ""unpaved""}",2026-08-15T06:02:43+00:00,0.7,REPORTED
582028,road_hazard,"{""hazard"": true, ""kind"": ""ground""}",2026-08-15T06:02:43+00:00,0.7,REPORTED
582012,road_hazard,"{""hazard"": true, ""kind"": ""ground""}",2026-08-15T06:02:43+00:00,0.7,REPORTED
369922,road_hazard,"{""hazard"": true, ""kind"": ""unpaved""}",2026-08-15T06:02:43+00:00,0.7,REPORTED
369700,road_hazard,"{""hazard"": true, ""kind"": ""unpaved""}",2026-08-15T06:02:43+00:00,0.7,REPORTED
507291,blocked_sidewalk,"{""blocked"": true}",2026-08-15T06:02:43+00:00,0.7,REPORTED
504476,blocked_sidewalk,"{""blocked"": true}",2026-08-15T06:02:43+00:00,0.7,REPORTED
397760,poor_lighting,"{""poor"": true}",2026-08-15T06:02:43+00:00,0.7,REPORTED
460821,blocked_sidewalk,"{""blocked"": true}",2026-08-15T06:02:43+00:00,0.7,REPORTED
462552,blocked_sidewalk,"{""blocked"": true}",2026-08-15T06:02:43+00:00,0.7,REPORTED
491624,road_hazard,"{""hazard"": true, ""kind"": ""dirt""}",2026-08-15T06:02:43+00:00,0.7,REPORTED
591698,blocked_sidewalk,"{""blocked"": true}",2026-08-15T06:02:43+00:00,0.7,REPORTED
575536,road_hazard,"{""hazard"": true, ""kind"": ""unpaved""}",2026-08-15T06:02:43+00:00,0.7,REPORTED
604385,road_hazard,"{""hazard"": true, ""kind"": ""unpaved""}",2026-08-15T06:02:43+00:00,0.7,REPORTED
381029,blocked_sidewalk,"{""blocked"": true}",2026-08-15T06:02:43+00:00,0.7,REPORTED
381030,blocked_sidewalk,"{""blocked"": true}",2026-08-15T06:02:43+00:00,0.7,REPORTED
475145,road_hazard,"{""hazard"": true, ""kind"": ""ground""}",2026-08-15T06:02:43+00:00,0.7,REPORTED
495702,blocked_sidewalk,"{""blocked"": true}",2026-08-15T06:02:43+00:00,0.7,REPORTED
495911,blocked_sidewalk,"{""blocked"": true}",2026-08-15T06:02:43+00:00,0.7,REPORTED
501332,road_hazard,"{""hazard"": true, ""kind"": ""dirt""}",2026-08-15T06:02:43+00:00,0.7,REPORTED
465733,road_hazard,"{""hazard"": true, ""kind"": ""dirt""}",2026-08-15T06:02:43+00:00,0.7,REPORTED
497226,road_hazard,"{""hazard"": true, ""kind"": ""dirt""}",2026-08-15T06:02:43+00:00,0.7,REPORTED
497313,road_hazard,"{""hazard"": true, ""kind"": ""dirt""}",2026-08-15T06:02:43+00:00,0.7,REPORTED
497322,road_hazard,"{""hazard"": true, ""kind"": ""dirt""}",2026-08-15T06:02:43+00:00,0.7,REPORTED
497316,road_hazard,"{""hazard"": true, ""kind"": ""dirt""}",2026-08-15T06:02:43+00:00,0.7,REPORTED
497317,road_hazard,"{""hazard"": true, ""kind"": ""dirt""}",2026-08-15T06:02:43+00:00,0.7,REPORTED
497225,road_hazard,"{""hazard"": true, ""kind"": ""dirt""}",2026-08-15T06:02:43+00:00,0.7,REPORTED
512176,poor_lighting,"{""poor"": true}",2026-08-15T06:02:43+00:00,0.7,REPORTED
491215,poor_lighting,"{""poor"": true}",2026-08-15T06:02:43+00:00,0.7,REPORTED
465201,blocked_sidewalk,"{""blocked"": true}",2026-08-15T06:02:43+00:00,0.7,REPORTED
564693,blocked_sidewalk,"{""blocked"": true}",2026-08-15T06:02:43+00:00,0.7,REPORTED
564700,blocked_sidewalk,"{""blocked"": true}",2026-08-15T06:02:43+00:00,0.7,REPORTED
553636,blocked_sidewalk,"{""blocked"": true}",2026-08-15T06:02:43+00:00,0.7,REPORTED
553604,blocked_sidewalk,"{""blocked"": true}",2026-08-15T06:02:43+00:00,0.7,REPORTED
552216,blocked_sidewalk,"{""blocked"": true}",2026-08-15T06:02:43+00:00,0.7,REPORTED
553635,blocked_sidewalk,"{""blocked"": true}",2026-08-15T06:02:43+00:00,0.7,REPORTED
411582,blocked_sidewalk,"{""blocked"": true}",2026-08-15T06:02:43+00:00,0.7,REPORTED
509438,blocked_sidewalk,"{""blocked"": true}",2026-08-15T06:02:43+00:00,0.7,REPORTED
452507,blocked_sidewalk,"{""blocked"": true}",2026-08-15T06:02:43+00:00,0.7,REPORTED
510138,blocked_sidewalk,"{""blocked"": true}",2026-08-15T06:02:43+00:00,0.7,REPORTED
466809,blocked_sidewalk,"{""blocked"": true}",2026-08-15T06:02:43+00:00,0.7,REPORTED
366752,road_hazard,"{""hazard"": true, ""kind"": ""unpaved""}",2026-08-15T06:02:43+00:00,0.7,REPORTED
569425,poor_lighting,"{""poor"": true}",2026-08-15T06:02:43+00:00,0.7,REPORTED
512353,road_hazard,"{""hazard"": true, ""kind"": ""dirt""}",2026-08-15T06:02:43+00:00,0.7,REPORTED
589059,blocked_sidewalk,"{""blocked"": true}",2026-08-15T06:02:43+00:00,0.7,REPORTED
512395,road_hazard,"{""hazard"": true, ""kind"": ""dirt""}",2026-08-15T06:02:43+00:00,0.7,REPORTED
513098,road_hazard,"{""hazard"": true, ""kind"": ""dirt""}",2026-08-15T06:02:43+00:00,0.7,REPORTED
513035,road_hazard,"{""hazard"": true, ""kind"": ""dirt""}",2026-08-15T06:02:43+00:00,0.7,REPORTED
513034,road_hazard,"{""hazard"": true, ""kind"": ""dirt""}",2026-08-15T06:02:43+00:00,0.7,REPORTED
513043,road_hazard,"{""hazard"": true, ""kind"": ""dirt""}",2026-08-15T06:02:43+00:00,0.7,REPORTED
513037,road_hazard,"{""hazard"": true, ""kind"": ""dirt""}",2026-08-15T06:02:43+00:00,0.7,REPORTED
512939,road_hazard,"{""hazard"": true, ""kind"": ""dirt""}",2026-08-15T06:02:43+00:00,0.7,REPORTED
468786,road_hazard,"{""hazard"": true, ""kind"": ""unpaved""}",2026-08-15T06:02:43+00:00,0.7,REPORTED
491150,poor_lighting,"{""poor"": true}",2026-08-15T06:02:43+00:00,0.7,REPORTED
491150,blocked_sidewalk,"{""blocked"": true}",2026-08-15T06:02:43+00:00,0.7,REPORTED
657188,road_hazard,"{""hazard"": true, ""kind"": ""unpaved""}",2026-08-15T06:02:43+00:00,0.7,REPORTED
657064,road_hazard,"{""hazard"": true, ""kind"": ""unpaved""}",2026-08-15T06:02:43+00:00,0.7,REPORTED
657258,road_hazard,"{""hazard"": true, ""kind"": ""unpaved""}",2026-08-15T06:02:43+00:00,0.7,REPORTED
490547,road_hazard,"{""hazard"": true, ""kind"": ""unpaved""}",2026-08-15T06:02:43+00:00,0.7,REPORTED
531757,road_hazard,"{""hazard"": true, ""kind"": ""unpaved""}",2026-08-15T06:02:43+00:00,0.7,REPORTED
531795,road_hazard,"{""hazard"": true, ""kind"": ""unpaved""}",2026-08-15T06:02:43+00:00,0.7,REPORTED
607558,road_hazard,"{""hazard"": true, ""kind"": ""unpaved""}",2026-08-15T06:02:43+00:00,0.7,REPORTED
618436,road_hazard,"{""hazard"": true, ""kind"": ""unpaved""}",2026-08-15T06:02:43+00:00,0.7,REPORTED
531883,road_hazard,"{""hazard"": true, ""kind"": ""unpaved""}",2026-08-15T06:02:43+00:00,0.7,REPORTED
531848,road_hazard,"{""hazard"": true, ""kind"": ""unpaved""}",2026-08-15T06:02:43+00:00,0.7,REPORTED
531850,road_hazard,"{""hazard"": true, ""kind"": ""unpaved""}",2026-08-15T06:02:43+00:00,0.7,REPORTED
531849,road_hazard,"{""hazard"": true, ""kind"": ""unpaved""}",2026-08-15T06:02:43+00:00,0.7,REPORTED
619254,road_hazard,"{""hazard"": true, ""kind"": ""unpaved""}",2026-08-15T06:02:43+00:00,0.7,REPORTED
620265,road_hazard,"{""hazard"": true, ""kind"": ""unpaved""}",2026-08-15T06:02:43+00:00,0.7,REPORTED
657793,road_hazard,"{""hazard"": true, ""kind"": ""unpaved""}",2026-08-15T06:02:43+00:00,0.7,REPORTED
606925,road_hazard,"{""hazard"": true, ""kind"": ""unpaved""}",2026-08-15T06:02:43+00:00,0.7,REPORTED
574451,road_hazard,"{""hazard"": true, ""kind"": ""unpaved""}",2026-08-15T06:02:43+00:00,0.7,REPORTED
598452,road_hazard,"{""hazard"": true, ""kind"": ""unpaved""}",2026-08-15T06:02:43+00:00,0.7,REPORTED
487132,road_hazard,"{""hazard"": true, ""kind"": ""unpaved""}",2026-08-15T06:02:43+00:00,0.7,REPORTED
657658,road_hazard,"{""hazard"": true, ""kind"": ""unpaved""}",2026-08-15T06:02:43+00:00,0.7,REPORTED
570835,road_hazard,"{""hazard"": true, ""kind"": ""unpaved""}",2026-08-15T06:02:43+00:00,0.7,REPORTED
489603,road_hazard,"{""hazard"": true, ""kind"": ""unpaved""}",2026-08-15T06:02:43+00:00,0.7,REPORTED
598546,road_hazard,"{""hazard"": true, ""kind"": ""unpaved""}",2026-08-15T06:02:43+00:00,0.7,REPORTED
598547,road_hazard,"{""hazard"": true, ""kind"": ""unpaved""}",2026-08-15T06:02:43+00:00,0.7,REPORTED
598113,road_hazard,"{""hazard"": true, ""kind"": ""unpaved""}",2026-08-15T06:02:43+00:00,0.7,REPORTED
590154,blocked_sidewalk,"{""blocked"": true}",2026-08-15T06:02:43+00:00,0.7,REPORTED
606444,road_hazard,"{""hazard"": true, ""kind"": ""unpaved""}",2026-08-15T06:02:43+00:00,0.7,REPORTED
592717,road_hazard,"{""hazard"": true, ""kind"": ""unpaved""}",2026-08-15T06:02:43+00:00,0.7,REPORTED
592716,road_hazard,"{""hazard"": true, ""kind"": ""unpaved""}",2026-08-15T06:02:43+00:00,0.7,REPORTED
592715,road_hazard,"{""hazard"": true, ""kind"": ""unpaved""}",2026-08-15T06:02:43+00:00,0.7,REPORTED
606139,road_hazard,"{""hazard"": true, ""kind"": ""unpaved""}",2026-08-15T06:02:43+00:00,0.7,REPORTED
606096,road_hazard,"{""hazard"": true, ""kind"": ""unpaved""}",2026-08-15T06:02:43+00:00,0.7,REPORTED
606033,road_hazard,"{""hazard"": true, ""kind"": ""unpaved""}",2026-08-15T06:02:43+00:00,0.7,REPORTED
606097,road_hazard,"{""hazard"": true, ""kind"": ""unpaved""}",2026-08-15T06:02:43+00:00,0.7,REPORTED
606098,road_hazard,"{""hazard"": true, ""kind"": ""unpaved""}",2026-08-15T06:02:43+00:00,0.7,REPORTED
618744,road_hazard,"{""hazard"": true, ""kind"": ""unpaved""}",2026-08-15T06:02:43+00:00,0.7,REPORTED
576082,road_hazard,"{""hazard"": true, ""kind"": ""mud""}",2026-08-15T06:02:43+00:00,0.7,REPORTED
599123,road_hazard,"{""hazard"": true, ""kind"": ""unpaved""}",2026-08-15T06:02:43+00:00,0.7,REPORTED
599153,road_hazard,"{""hazard"": true, ""kind"": ""unpaved""}",2026-08-15T06:02:43+00:00,0.7,REPORTED
599461,road_hazard,"{""hazard"": true, ""kind"": ""unpaved""}",2026-08-15T06:02:43+00:00,0.7,REPORTED
599756,road_hazard,"{""hazard"": true, ""kind"": ""unpaved""}",2026-08-15T06:02:43+00:00,0.7,REPORTED
576498,road_hazard,"{""hazard"": true, ""kind"": ""unpaved""}",2026-08-15T06:02:43+00:00,0.7,REPORTED
576497,road_hazard,"{""hazard"": true, ""kind"": ""unpaved""}",2026-08-15T06:02:43+00:00,0.7,REPORTED
531855,road_hazard,"{""hazard"": true, ""kind"": ""unpaved""}",2026-08-15T06:02:43+00:00,0.7,REPORTED
620169,road_hazard,"{""hazard"": true, ""kind"": ""unpaved""}",2026-08-15T06:02:43+00:00,0.7,REPORTED
620295,road_hazard,"{""hazard"": true, ""kind"": ""unpaved""}",2026-08-15T06:02:43+00:00,0.7,REPORTED
620160,road_hazard,"{""hazard"": true, ""kind"": ""unpaved""}",2026-08-15T06:02:43+00:00,0.7,REPORTED
580947,road_hazard,"{""hazard"": true, ""kind"": ""unpaved""}",2026-08-15T06:02:43+00:00,0.7,REPORTED
603307,road_hazard,"{""hazard"": true, ""kind"": ""unpaved""}",2026-08-15T06:02:43+00:00,0.7,REPORTED
657305,road_hazard,"{""hazard"": true, ""kind"": ""unpaved""}",2026-08-15T06:02:43+00:00,0.7,REPORTED
600684,road_hazard,"{""hazard"": true, ""kind"": ""unpaved""}",2026-08-15T06:02:43+00:00,0.7,REPORTED
620166,road_hazard,"{""hazard"": true, ""kind"": ""unpaved""}",2026-08-15T06:02:43+00:00,0.7,REPORTED
605793,road_hazard,"{""hazard"": true, ""kind"": ""unpaved""}",2026-08-15T06:02:43+00:00,0.7,REPORTED
606061,road_hazard,"{""hazard"": true, ""kind"": ""unpaved""}",2026-08-15T06:02:43+00:00,0.7,REPORTED
590467,road_hazard,"{""hazard"": true, ""kind"": ""unpaved""}",2026-08-15T06:02:43+00:00,0.7,REPORTED
574955,road_hazard,"{""hazard"": true, ""kind"": ""unpaved""}",2026-08-15T06:02:43+00:00,0.7,REPORTED
577292,road_hazard,"{""hazard"": true, ""kind"": ""unpaved""}",2026-08-15T06:02:43+00:00,0.7,REPORTED
576756,road_hazard,"{""hazard"": true, ""kind"": ""unpaved""}",2026-08-15T06:02:43+00:00,0.7,REPORTED
576749,road_hazard,"{""hazard"": true, ""kind"": ""unpaved""}",2026-08-15T06:02:43+00:00,0.7,REPORTED
489670,road_hazard,"{""hazard"": true, ""kind"": ""unpaved""}",2026-08-15T06:02:43+00:00,0.7,REPORTED
575620,blocked_sidewalk,"{""blocked"": true}",2026-08-15T06:02:43+00:00,0.7,REPORTED
579853,road_hazard,"{""hazard"": true, ""kind"": ""unpaved""}",2026-08-15T06:02:43+00:00,0.7,REPORTED
532642,blocked_sidewalk,"{""blocked"": true}",2026-08-15T06:02:43+00:00,0.7,REPORTED
532643,blocked_sidewalk,"{""blocked"": true}",2026-08-15T06:02:43+00:00,0.7,REPORTED
486768,road_hazard,"{""hazard"": true, ""kind"": ""unpaved""}",2026-08-15T06:02:43+00:00,0.7,REPORTED
486771,road_hazard,"{""hazard"": true, ""kind"": ""unpaved""}",2026-08-15T06:02:43+00:00,0.7,REPORTED
532026,road_hazard,"{""hazard"": true, ""kind"": ""unpaved""}",2026-08-15T06:02:43+00:00,0.7,REPORTED
531985,road_hazard,"{""hazard"": true, ""kind"": ""unpaved""}",2026-08-15T06:02:43+00:00,0.7,REPORTED
605418,road_hazard,"{""hazard"": true, ""kind"": ""unpaved""}",2026-08-15T06:02:43+00:00,0.7,REPORTED
605143,road_hazard,"{""hazard"": true, ""kind"": ""unpaved""}",2026-08-15T06:02:43+00:00,0.7,REPORTED
599487,road_hazard,"{""hazard"": true, ""kind"": ""unpaved""}",2026-08-15T06:02:43+00:00,0.7,REPORTED
599488,road_hazard,"{""hazard"": true, ""kind"": ""unpaved""}",2026-08-15T06:02:43+00:00,0.7,REPORTED
604247,road_hazard,"{""hazard"": true, ""kind"": ""unpaved""}",2026-08-15T06:02:43+00:00,0.7,REPORTED
598227,road_hazard,"{""hazard"": true, ""kind"": ""unpaved""}",2026-08-15T06:02:43+00:00,0.7,REPORTED
620257,road_hazard,"{""hazard"": true, ""kind"": ""unpaved""}",2026-08-15T06:02:43+00:00,0.7,REPORTED
598123,road_hazard,"{""hazard"": true, ""kind"": ""unpaved""}",2026-08-15T06:02:43+00:00,0.7,REPORTED
581261,road_hazard,"{""hazard"": true, ""kind"": ""unpaved""}",2026-08-15T06:02:43+00:00,0.7,REPORTED
604443,road_hazard,"{""hazard"": true, ""kind"": ""unpaved""}",2026-08-15T06:02:43+00:00,0.7,REPORTED
604235,road_hazard,"{""hazard"": true, ""kind"": ""unpaved""}",2026-08-15T06:02:43+00:00,0.7,REPORTED
583524,road_hazard,"{""hazard"": true, ""kind"": ""unpaved""}",2026-08-15T06:02:43+00:00,0.7,REPORTED
583592,road_hazard,"{""hazard"": true, ""kind"": ""unpaved""}",2026-08-15T06:02:43+00:00,0.7,REPORTED
574988,poor_lighting,"{""poor"": true}",2026-08-15T06:02:43+00:00,0.7,REPORTED
574971,poor_lighting,"{""poor"": true}",2026-08-15T06:02:43+00:00,0.7,REPORTED
463463,blocked_sidewalk,"{""blocked"": true}",2026-08-15T06:02:43+00:00,0.7,REPORTED
360738,road_hazard,"{""hazard"": true, ""kind"": ""unpaved""}",2026-08-15T06:02:43+00:00,0.7,REPORTED
542149,blocked_sidewalk,"{""blocked"": true}",2026-08-15T06:02:43+00:00,0.7,REPORTED
542150,blocked_sidewalk,"{""blocked"": true}",2026-08-15T06:02:43+00:00,0.7,REPORTED
542144,blocked_sidewalk,"{""blocked"": true}",2026-08-15T06:02:43+00:00,0.7,REPORTED
590238,blocked_sidewalk,"{""blocked"": true}",2026-08-15T06:02:43+00:00,0.7,REPORTED
589697,blocked_sidewalk,"{""blocked"": true}",2026-08-15T06:02:43+00:00,0.7,REPORTED
589701,blocked_sidewalk,"{""blocked"": true}",2026-08-15T06:02:43+00:00,0.7,REPORTED
494749,road_hazard,"{""hazard"": true, ""kind"": ""unpaved""}",2026-08-15T06:02:43+00:00,0.7,REPORTED
494833,road_hazard,"{""hazard"": true, ""kind"": ""unpaved""}",2026-08-15T06:02:43+00:00,0.7,REPORTED
496340,road_hazard,"{""hazard"": true, ""kind"": ""gravel""}",2026-08-15T06:02:43+00:00,0.7,REPORTED
496713,road_hazard,"{""hazard"": true, ""kind"": ""gravel""}",2026-08-15T06:02:43+00:00,0.7,REPORTED
496714,road_hazard,"{""hazard"": true, ""kind"": ""gravel""}",2026-08-15T06:02:43+00:00,0.7,REPORTED
496650,road_hazard,"{""hazard"": true, ""kind"": ""gravel""}",2026-08-15T06:02:43+00:00,0.7,REPORTED
496347,road_hazard,"{""hazard"": true, ""kind"": ""gravel""}",2026-08-15T06:02:43+00:00,0.7,REPORTED
496342,road_hazard,"{""hazard"": true, ""kind"": ""gravel""}",2026-08-15T06:02:43+00:00,0.7,REPORTED
496339,road_hazard,"{""hazard"": true, ""kind"": ""gravel""}",2026-08-15T06:02:43+00:00,0.7,REPORTED
496341,road_hazard,"{""hazard"": true, ""kind"": ""gravel""}",2026-08-15T06:02:43+00:00,0.7,REPORTED
496480,road_hazard,"{""hazard"": true, ""kind"": ""gravel""}",2026-08-15T06:02:43+00:00,0.7,REPORTED
363150,blocked_sidewalk,"{""blocked"": true}",2026-08-15T06:02:43+00:00,0.7,REPORTED
363151,blocked_sidewalk,"{""blocked"": true}",2026-08-15T06:02:43+00:00,0.7,REPORTED
566869,blocked_sidewalk,"{""blocked"": true}",2026-08-15T06:02:43+00:00,0.7,REPORTED
511936,road_hazard,"{""hazard"": true, ""kind"": ""unpaved""}",2026-08-15T06:02:43+00:00,0.7,REPORTED
510615,road_hazard,"{""hazard"": true, ""kind"": ""dirt""}",2026-08-15T06:02:43+00:00,0.7,REPORTED
510670,road_hazard,"{""hazard"": true, ""kind"": ""unpaved""}",2026-08-15T06:02:43+00:00,0.7,REPORTED
514300,poor_lighting,"{""poor"": true}",2026-08-15T06:02:43+00:00,0.7,REPORTED
514299,poor_lighting,"{""poor"": true}",2026-08-15T06:02:43+00:00,0.7,REPORTED
514223,blocked_sidewalk,"{""blocked"": true}",2026-08-15T06:02:43+00:00,0.7,REPORTED
382197,road_hazard,"{""hazard"": true, ""kind"": ""dirt""}",2026-08-15T06:02:43+00:00,0.7,REPORTED
514234,poor_lighting,"{""poor"": true}",2026-08-15T06:02:43+00:00,0.7,REPORTED
514084,poor_lighting,"{""poor"": true}",2026-08-15T06:02:43+00:00,0.7,REPORTED
514085,poor_lighting,"{""poor"": true}",2026-08-15T06:02:43+00:00,0.7,REPORTED
475432,road_hazard,"{""hazard"": true, ""kind"": ""dirt""}",2026-08-15T06:02:43+00:00,0.7,REPORTED
478291,road_hazard,"{""hazard"": true, ""kind"": ""gravel""}",2026-08-15T06:02:43+00:00,0.7,REPORTED
512344,road_hazard,"{""hazard"": true, ""kind"": ""dirt""}",2026-08-15T06:02:43+00:00,0.7,REPORTED
512346,road_hazard,"{""hazard"": true, ""kind"": ""dirt""}",2026-08-15T06:02:43+00:00,0.7,REPORTED
512380,road_hazard,"{""hazard"": true, ""kind"": ""dirt""}",2026-08-15T06:02:43+00:00,0.7,REPORTED
512394,road_hazard,"{""hazard"": true, ""kind"": ""dirt""}",2026-08-15T06:02:43+00:00,0.7,REPORTED
573293,blocked_sidewalk,"{""blocked"": true}",2026-08-15T06:02:43+00:00,0.7,REPORTED
573292,blocked_sidewalk,"{""blocked"": true}",2026-08-15T06:02:43+00:00,0.7,REPORTED
363164,blocked_sidewalk,"{""blocked"": true}",2026-08-15T06:02:43+00:00,0.7,REPORTED
362274,blocked_sidewalk,"{""blocked"": true}",2026-08-15T06:02:43+00:00,0.7,REPORTED
362271,blocked_sidewalk,"{""blocked"": true}",2026-08-15T06:02:43+00:00,0.7,REPORTED
532663,blocked_sidewalk,"{""blocked"": true}",2026-08-15T06:02:43+00:00,0.7,REPORTED
532663,road_hazard,"{""hazard"": true, ""kind"": ""ground""}",2026-08-15T06:02:43+00:00,0.7,REPORTED
401891,poor_lighting,"{""poor"": true}",2026-08-15T06:02:43+00:00,0.7,REPORTED
401891,road_hazard,"{""hazard"": true, ""kind"": ""unpaved""}",2026-08-15T06:02:43+00:00,0.7,REPORTED
416609,road_hazard,"{""hazard"": true, ""kind"": ""unpaved""}",2026-08-15T06:02:43+00:00,0.7,REPORTED
555709,road_hazard,"{""hazard"": true, ""kind"": ""unpaved""}",2026-08-15T06:02:43+00:00,0.7,REPORTED
555675,road_hazard,"{""hazard"": true, ""kind"": ""unpaved""}",2026-08-15T06:02:43+00:00,0.7,REPORTED
555711,road_hazard,"{""hazard"": true, ""kind"": ""unpaved""}",2026-08-15T06:02:43+00:00,0.7,REPORTED
555810,road_hazard,"{""hazard"": true, ""kind"": ""unpaved""}",2026-08-15T06:02:43+00:00,0.7,REPORTED
555693,road_hazard,"{""hazard"": true, ""kind"": ""unpaved""}",2026-08-15T06:02:43+00:00,0.7,REPORTED
555809,road_hazard,"{""hazard"": true, ""kind"": ""unpaved""}",2026-08-15T06:02:43+00:00,0.7,REPORTED
555690,road_hazard,"{""hazard"": true, ""kind"": ""unpaved""}",2026-08-15T06:02:43+00:00,0.7,REPORTED
555789,road_hazard,"{""hazard"": true, ""kind"": ""unpaved""}",2026-08-15T06:02:43+00:00,0.7,REPORTED
381033,blocked_sidewalk,"{""blocked"": true}",2026-08-15T06:02:43+00:00,0.7,REPORTED
381042,blocked_sidewalk,"{""blocked"": true}",2026-08-15T06:02:43+00:00,0.7,REPORTED
368416,road_hazard,"{""hazard"": true, ""kind"": ""unpaved""}",2026-08-15T06:02:43+00:00,0.7,REPORTED
413707,road_hazard,"{""hazard"": true, ""kind"": ""ground""}",2026-08-15T06:02:43+00:00,0.7,REPORTED
413708,road_hazard,"{""hazard"": true, ""kind"": ""ground""}",2026-08-15T06:02:43+00:00,0.7,REPORTED
413706,road_hazard,"{""hazard"": true, ""kind"": ""ground""}",2026-08-15T06:02:43+00:00,0.7,REPORTED
591885,poor_lighting,"{""poor"": true}",2026-08-15T06:02:43+00:00,0.7,REPORTED
591885,blocked_sidewalk,"{""blocked"": true}",2026-08-15T06:02:43+00:00,0.7,REPORTED
513421,road_hazard,"{""hazard"": true, ""kind"": ""dirt""}",2026-08-15T06:02:43+00:00,0.7,REPORTED
513020,road_hazard,"{""hazard"": true, ""kind"": ""dirt""}",2026-08-15T06:02:43+00:00,0.7,REPORTED
513022,road_hazard,"{""hazard"": true, ""kind"": ""dirt""}",2026-08-15T06:02:43+00:00,0.7,REPORTED
512399,road_hazard,"{""hazard"": true, ""kind"": ""dirt""}",2026-08-15T06:02:43+00:00,0.7,REPORTED
511095,road_hazard,"{""hazard"": true, ""kind"": ""ground""}",2026-08-15T06:02:43+00:00,0.7,REPORTED
513090,road_hazard,"{""hazard"": true, ""kind"": ""dirt""}",2026-08-15T06:02:43+00:00,0.7,REPORTED
403942,road_hazard,"{""hazard"": true, ""kind"": ""unpaved""}",2026-08-15T06:02:43+00:00,0.7,REPORTED
509241,blocked_sidewalk,"{""blocked"": true}",2026-08-15T06:02:43+00:00,0.7,REPORTED
553854,road_hazard,"{""hazard"": true, ""kind"": ""unpaved""}",2026-08-15T06:02:43+00:00,0.7,REPORTED
552883,road_hazard,"{""hazard"": true, ""kind"": ""unpaved""}",2026-08-15T06:02:43+00:00,0.7,REPORTED
552882,road_hazard,"{""hazard"": true, ""kind"": ""unpaved""}",2026-08-15T06:02:43+00:00,0.7,REPORTED
565505,road_hazard,"{""hazard"": true, ""kind"": ""unpaved""}",2026-08-15T06:02:43+00:00,0.7,REPORTED
565506,road_hazard,"{""hazard"": true, ""kind"": ""unpaved""}",2026-08-15T06:02:43+00:00,0.7,REPORTED
445315,blocked_sidewalk,"{""blocked"": true}",2026-08-15T06:02:43+00:00,0.7,REPORTED
445373,blocked_sidewalk,"{""blocked"": true}",2026-08-15T06:02:43+00:00,0.7,REPORTED
415814,road_hazard,"{""hazard"": true, ""kind"": ""unpaved""}",2026-08-15T06:02:43+00:00,0.7,REPORTED
414557,road_hazard,"{""hazard"": true, ""kind"": ""unpaved""}",2026-08-15T06:02:43+00:00,0.7,REPORTED
414622,road_hazard,"{""hazard"": true, ""kind"": ""unpaved""}",2026-08-15T06:02:43+00:00,0.7,REPORTED
670527,road_hazard,"{""hazard"": true, ""kind"": ""unpaved""}",2026-08-15T06:02:43+00:00,0.7,REPORTED
670532,road_hazard,"{""hazard"": true, ""kind"": ""unpaved""}",2026-08-15T06:02:43+00:00,0.7,REPORTED
670613,road_hazard,"{""hazard"": true, ""kind"": ""unpaved""}",2026-08-15T06:02:43+00:00,0.7,REPORTED
607556,road_hazard,"{""hazard"": true, ""kind"": ""unpaved""}",2026-08-15T06:02:43+00:00,0.7,REPORTED
590495,blocked_sidewalk,"{""blocked"": true}",2026-08-15T06:02:43+00:00,0.7,REPORTED
598596,road_hazard,"{""hazard"": true, ""kind"": ""unpaved""}",2026-08-15T06:02:43+00:00,0.7,REPORTED
461217,poor_lighting,"{""poor"": true}",2026-08-15T06:02:43+00:00,0.7,REPORTED
381034,blocked_sidewalk,"{""blocked"": true}",2026-08-15T06:02:43+00:00,0.7,REPORTED
450827,road_hazard,"{""hazard"": true, ""kind"": ""unpaved""}",2026-08-15T06:02:43+00:00,0.7,REPORTED
590491,blocked_sidewalk,"{""blocked"": true}",2026-08-15T06:02:43+00:00,0.7,REPORTED
564325,road_hazard,"{""hazard"": true, ""kind"": ""unpaved""}",2026-08-15T06:02:43+00:00,0.7,REPORTED
564397,road_hazard,"{""hazard"": true, ""kind"": ""unpaved""}",2026-08-15T06:02:43+00:00,0.7,REPORTED
563549,road_hazard,"{""hazard"": true, ""kind"": ""unpaved""}",2026-08-15T06:02:43+00:00,0.7,REPORTED
563550,road_hazard,"{""hazard"": true, ""kind"": ""unpaved""}",2026-08-15T06:02:43+00:00,0.7,REPORTED
563548,road_hazard,"{""hazard"": true, ""kind"": ""unpaved""}",2026-08-15T06:02:43+00:00,0.7,REPORTED
487749,road_hazard,"{""hazard"": true, ""kind"": ""unpaved""}",2026-08-15T06:02:43+00:00,0.7,REPORTED
352534,road_hazard,"{""hazard"": true, ""kind"": ""unpaved""}",2026-08-15T06:02:43+00:00,0.7,REPORTED
352602,road_hazard,"{""hazard"": true, ""kind"": ""unpaved""}",2026-08-15T06:02:43+00:00,0.7,REPORTED
360334,road_hazard,"{""hazard"": true, ""kind"": ""unpaved""}",2026-08-15T06:02:43+00:00,0.7,REPORTED
361143,road_hazard,"{""hazard"": true, ""kind"": ""unpaved""}",2026-08-15T06:02:43+00:00,0.7,REPORTED
360327,road_hazard,"{""hazard"": true, ""kind"": ""unpaved""}",2026-08-15T06:02:43+00:00,0.7,REPORTED
361182,road_hazard,"{""hazard"": true, ""kind"": ""unpaved""}",2026-08-15T06:02:43+00:00,0.7,REPORTED
360286,road_hazard,"{""hazard"": true, ""kind"": ""unpaved""}",2026-08-15T06:02:43+00:00,0.7,REPORTED
360289,road_hazard,"{""hazard"": true, ""kind"": ""unpaved""}",2026-08-15T06:02:43+00:00,0.7,REPORTED
360288,road_hazard,"{""hazard"": true, ""kind"": ""unpaved""}",2026-08-15T06:02:43+00:00,0.7,REPORTED
361295,road_hazard,"{""hazard"": true, ""kind"": ""unpaved""}",2026-08-15T06:02:43+00:00,0.7,REPORTED
360276,road_hazard,"{""hazard"": true, ""kind"": ""unpaved""}",2026-08-15T06:02:43+00:00,0.7,REPORTED
352576,road_hazard,"{""hazard"": true, ""kind"": ""unpaved""}",2026-08-15T06:02:43+00:00,0.7,REPORTED
360248,road_hazard,"{""hazard"": true, ""kind"": ""unpaved""}",2026-08-15T06:02:43+00:00,0.7,REPORTED
583595,road_hazard,"{""hazard"": true, ""kind"": ""unpaved""}",2026-08-15T06:02:43+00:00,0.7,REPORTED
360285,road_hazard,"{""hazard"": true, ""kind"": ""unpaved""}",2026-08-15T06:02:43+00:00,0.7,REPORTED
362512,road_hazard,"{""hazard"": true, ""kind"": ""unpaved""}",2026-08-15T06:02:43+00:00,0.7,REPORTED
360278,road_hazard,"{""hazard"": true, ""kind"": ""unpaved""}",2026-08-15T06:02:43+00:00,0.7,REPORTED
360280,road_hazard,"{""hazard"": true, ""kind"": ""unpaved""}",2026-08-15T06:02:43+00:00,0.7,REPORTED
360279,road_hazard,"{""hazard"": true, ""kind"": ""unpaved""}",2026-08-15T06:02:43+00:00,0.7,REPORTED
362514,road_hazard,"{""hazard"": true, ""kind"": ""unpaved""}",2026-08-15T06:02:43+00:00,0.7,REPORTED
361211,road_hazard,"{""hazard"": true, ""kind"": ""unpaved""}",2026-08-15T06:02:43+00:00,0.7,REPORTED
361205,road_hazard,"{""hazard"": true, ""kind"": ""unpaved""}",2026-08-15T06:02:43+00:00,0.7,REPORTED
352598,road_hazard,"{""hazard"": true, ""kind"": ""unpaved""}",2026-08-15T06:02:43+00:00,0.7,REPORTED
352601,road_hazard,"{""hazard"": true, ""kind"": ""unpaved""}",2026-08-15T06:02:43+00:00,0.7,REPORTED
352597,road_hazard,"{""hazard"": true, ""kind"": ""unpaved""}",2026-08-15T06:02:43+00:00,0.7,REPORTED
352596,road_hazard,"{""hazard"": true, ""kind"": ""unpaved""}",2026-08-15T06:02:43+00:00,0.7,REPORTED
352594,road_hazard,"{""hazard"": true, ""kind"": ""unpaved""}",2026-08-15T06:02:43+00:00,0.7,REPORTED
361431,road_hazard,"{""hazard"": true, ""kind"": ""unpaved""}",2026-08-15T06:02:43+00:00,0.7,REPORTED
398738,road_hazard,"{""hazard"": true, ""kind"": ""unpaved""}",2026-08-15T06:02:43+00:00,0.7,REPORTED
450826,road_hazard,"{""hazard"": true, ""kind"": ""unpaved""}",2026-08-15T06:02:43+00:00,0.7,REPORTED
361453,road_hazard,"{""hazard"": true, ""kind"": ""unpaved""}",2026-08-15T06:02:43+00:00,0.7,REPORTED
361454,road_hazard,"{""hazard"": true, ""kind"": ""unpaved""}",2026-08-15T06:02:43+00:00,0.7,REPORTED
361455,road_hazard,"{""hazard"": true, ""kind"": ""unpaved""}",2026-08-15T06:02:43+00:00,0.7,REPORTED
361459,road_hazard,"{""hazard"": true, ""kind"": ""unpaved""}",2026-08-15T06:02:43+00:00,0.7,REPORTED
361328,road_hazard,"{""hazard"": true, ""kind"": ""unpaved""}",2026-08-15T06:02:43+00:00,0.7,REPORTED
573946,blocked_sidewalk,"{""blocked"": true}",2026-08-15T06:02:43+00:00,0.7,REPORTED
573947,blocked_sidewalk,"{""blocked"": true}",2026-08-15T06:02:43+00:00,0.7,REPORTED
573932,blocked_sidewalk,"{""blocked"": true}",2026-08-15T06:02:43+00:00,0.7,REPORTED
573933,blocked_sidewalk,"{""blocked"": true}",2026-08-15T06:02:43+00:00,0.7,REPORTED
541903,road_hazard,"{""hazard"": true, ""kind"": ""unpaved""}",2026-08-15T06:02:43+00:00,0.7,REPORTED
533668,road_hazard,"{""hazard"": true, ""kind"": ""dirt""}",2026-08-15T06:02:43+00:00,0.7,REPORTED
533810,road_hazard,"{""hazard"": true, ""kind"": ""unpaved""}",2026-08-15T06:02:43+00:00,0.7,REPORTED
357569,road_hazard,"{""hazard"": true, ""kind"": ""unpaved""}",2026-08-15T06:02:43+00:00,0.7,REPORTED
357571,road_hazard,"{""hazard"": true, ""kind"": ""unpaved""}",2026-08-15T06:02:43+00:00,0.7,REPORTED
533703,road_hazard,"{""hazard"": true, ""kind"": ""unpaved""}",2026-08-15T06:02:43+00:00,0.7,REPORTED
541906,road_hazard,"{""hazard"": true, ""kind"": ""unpaved""}",2026-08-15T06:02:43+00:00,0.7,REPORTED
361362,road_hazard,"{""hazard"": true, ""kind"": ""unpaved""}",2026-08-15T06:02:43+00:00,0.7,REPORTED
411477,blocked_sidewalk,"{""blocked"": true}",2026-08-15T06:02:43+00:00,0.7,REPORTED
372284,blocked_sidewalk,"{""blocked"": true}",2026-08-15T06:02:43+00:00,0.7,REPORTED
411475,blocked_sidewalk,"{""blocked"": true}",2026-08-15T06:02:43+00:00,0.7,REPORTED
372285,blocked_sidewalk,"{""blocked"": true}",2026-08-15T06:02:43+00:00,0.7,REPORTED
560379,road_hazard,"{""hazard"": true, ""kind"": ""unpaved""}",2026-08-15T06:02:43+00:00,0.7,REPORTED
361358,road_hazard,"{""hazard"": true, ""kind"": ""unpaved""}",2026-08-15T06:02:43+00:00,0.7,REPORTED
361349,road_hazard,"{""hazard"": true, ""kind"": ""unpaved""}",2026-08-15T06:02:43+00:00,0.7,REPORTED
560219,road_hazard,"{""hazard"": true, ""kind"": ""unpaved""}",2026-08-15T06:02:43+00:00,0.7,REPORTED
560218,road_hazard,"{""hazard"": true, ""kind"": ""unpaved""}",2026-08-15T06:02:43+00:00,0.7,REPORTED
560261,road_hazard,"{""hazard"": true, ""kind"": ""unpaved""}",2026-08-15T06:02:43+00:00,0.7,REPORTED
361079,road_hazard,"{""hazard"": true, ""kind"": ""unpaved""}",2026-08-15T06:02:43+00:00,0.7,REPORTED
361131,road_hazard,"{""hazard"": true, ""kind"": ""unpaved""}",2026-08-15T06:02:43+00:00,0.7,REPORTED
361119,road_hazard,"{""hazard"": true, ""kind"": ""unpaved""}",2026-08-15T06:02:43+00:00,0.7,REPORTED
361133,road_hazard,"{""hazard"": true, ""kind"": ""unpaved""}",2026-08-15T06:02:43+00:00,0.7,REPORTED
361127,road_hazard,"{""hazard"": true, ""kind"": ""unpaved""}",2026-08-15T06:02:43+00:00,0.7,REPORTED
361129,road_hazard,"{""hazard"": true, ""kind"": ""unpaved""}",2026-08-15T06:02:43+00:00,0.7,REPORTED
361128,road_hazard,"{""hazard"": true, ""kind"": ""unpaved""}",2026-08-15T06:02:43+00:00,0.7,REPORTED
361121,road_hazard,"{""hazard"": true, ""kind"": ""unpaved""}",2026-08-15T06:02:43+00:00,0.7,REPORTED
361082,road_hazard,"{""hazard"": true, ""kind"": ""unpaved""}",2026-08-15T06:02:43+00:00,0.7,REPORTED
360904,road_hazard,"{""hazard"": true, ""kind"": ""unpaved""}",2026-08-15T06:02:43+00:00,0.7,REPORTED
361080,road_hazard,"{""hazard"": true, ""kind"": ""unpaved""}",2026-08-15T06:02:43+00:00,0.7,REPORTED
563630,road_hazard,"{""hazard"": true, ""kind"": ""unpaved""}",2026-08-15T06:02:43+00:00,0.7,REPORTED
361134,road_hazard,"{""hazard"": true, ""kind"": ""unpaved""}",2026-08-15T06:02:43+00:00,0.7,REPORTED
361117,road_hazard,"{""hazard"": true, ""kind"": ""unpaved""}",2026-08-15T06:02:43+00:00,0.7,REPORTED
361095,road_hazard,"{""hazard"": true, ""kind"": ""unpaved""}",2026-08-15T06:02:43+00:00,0.7,REPORTED
361162,road_hazard,"{""hazard"": true, ""kind"": ""unpaved""}",2026-08-15T06:02:43+00:00,0.7,REPORTED
361136,road_hazard,"{""hazard"": true, ""kind"": ""unpaved""}",2026-08-15T06:02:43+00:00,0.7,REPORTED
361135,road_hazard,"{""hazard"": true, ""kind"": ""unpaved""}",2026-08-15T06:02:43+00:00,0.7,REPORTED
361167,road_hazard,"{""hazard"": true, ""kind"": ""unpaved""}",2026-08-15T06:02:43+00:00,0.7,REPORTED
361137,road_hazard,"{""hazard"": true, ""kind"": ""unpaved""}",2026-08-15T06:02:43+00:00,0.7,REPORTED
361074,road_hazard,"{""hazard"": true, ""kind"": ""unpaved""}",2026-08-15T06:02:43+00:00,0.7,REPORTED
361138,road_hazard,"{""hazard"": true, ""kind"": ""unpaved""}",2026-08-15T06:02:43+00:00,0.7,REPORTED
361181,road_hazard,"{""hazard"": true, ""kind"": ""unpaved""}",2026-08-15T06:02:43+00:00,0.7,REPORTED
361132,road_hazard,"{""hazard"": true, ""kind"": ""unpaved""}",2026-08-15T06:02:43+00:00,0.7,REPORTED
361120,road_hazard,"{""hazard"": true, ""kind"": ""unpaved""}",2026-08-15T06:02:43+00:00,0.7,REPORTED
360291,road_hazard,"{""hazard"": true, ""kind"": ""unpaved""}",2026-08-15T06:02:43+00:00,0.7,REPORTED
360292,road_hazard,"{""hazard"": true, ""kind"": ""unpaved""}",2026-08-15T06:02:43+00:00,0.7,REPORTED
361423,road_hazard,"{""hazard"": true, ""kind"": ""unpaved""}",2026-08-15T06:02:43+00:00,0.7,REPORTED
361449,road_hazard,"{""hazard"": true, ""kind"": ""unpaved""}",2026-08-15T06:02:43+00:00,0.7,REPORTED
361304,road_hazard,"{""hazard"": true, ""kind"": ""unpaved""}",2026-08-15T06:02:43+00:00,0.7,REPORTED
361348,road_hazard,"{""hazard"": true, ""kind"": ""unpaved""}",2026-08-15T06:02:43+00:00,0.7,REPORTED
361350,road_hazard,"{""hazard"": true, ""kind"": ""unpaved""}",2026-08-15T06:02:43+00:00,0.7,REPORTED
361341,road_hazard,"{""hazard"": true, ""kind"": ""unpaved""}",2026-08-15T06:02:43+00:00,0.7,REPORTED
560306,road_hazard,"{""hazard"": true, ""kind"": ""unpaved""}",2026-08-15T06:02:43+00:00,0.7,REPORTED
375497,road_hazard,"{""hazard"": true, ""kind"": ""unpaved""}",2026-08-15T06:02:43+00:00,0.7,REPORTED
375496,road_hazard,"{""hazard"": true, ""kind"": ""unpaved""}",2026-08-15T06:02:43+00:00,0.7,REPORTED
375838,road_hazard,"{""hazard"": true, ""kind"": ""unpaved""}",2026-08-15T06:02:43+00:00,0.7,REPORTED
375837,road_hazard,"{""hazard"": true, ""kind"": ""unpaved""}",2026-08-15T06:02:43+00:00,0.7,REPORTED
375835,road_hazard,"{""hazard"": true, ""kind"": ""unpaved""}",2026-08-15T06:02:43+00:00,0.7,REPORTED
375836,road_hazard,"{""hazard"": true, ""kind"": ""unpaved""}",2026-08-15T06:02:43+00:00,0.7,REPORTED
375493,road_hazard,"{""hazard"": true, ""kind"": ""unpaved""}",2026-08-15T06:02:43+00:00,0.7,REPORTED
375573,road_hazard,"{""hazard"": true, ""kind"": ""unpaved""}",2026-08-15T06:02:43+00:00,0.7,REPORTED
361330,road_hazard,"{""hazard"": true, ""kind"": ""unpaved""}",2026-08-15T06:02:43+00:00,0.7,REPORTED
361329,road_hazard,"{""hazard"": true, ""kind"": ""unpaved""}",2026-08-15T06:02:43+00:00,0.7,REPORTED
375834,road_hazard,"{""hazard"": true, ""kind"": ""unpaved""}",2026-08-15T06:02:43+00:00,0.7,REPORTED
375574,road_hazard,"{""hazard"": true, ""kind"": ""unpaved""}",2026-08-15T06:02:43+00:00,0.7,REPORTED
361309,road_hazard,"{""hazard"": true, ""kind"": ""unpaved""}",2026-08-15T06:02:43+00:00,0.7,REPORTED
361265,road_hazard,"{""hazard"": true, ""kind"": ""unpaved""}",2026-08-15T06:02:43+00:00,0.7,REPORTED
361284,road_hazard,"{""hazard"": true, ""kind"": ""unpaved""}",2026-08-15T06:02:43+00:00,0.7,REPORTED
361285,road_hazard,"{""hazard"": true, ""kind"": ""unpaved""}",2026-08-15T06:02:43+00:00,0.7,REPORTED
361263,road_hazard,"{""hazard"": true, ""kind"": ""unpaved""}",2026-08-15T06:02:43+00:00,0.7,REPORTED
361264,road_hazard,"{""hazard"": true, ""kind"": ""unpaved""}",2026-08-15T06:02:43+00:00,0.7,REPORTED
352523,road_hazard,"{""hazard"": true, ""kind"": ""unpaved""}",2026-08-15T06:02:43+00:00,0.7,REPORTED
450823,road_hazard,"{""hazard"": true, ""kind"": ""unpaved""}",2026-08-15T06:02:43+00:00,0.7,REPORTED
450822,road_hazard,"{""hazard"": true, ""kind"": ""unpaved""}",2026-08-15T06:02:43+00:00,0.7,REPORTED
450785,road_hazard,"{""hazard"": true, ""kind"": ""unpaved""}",2026-08-15T06:02:43+00:00,0.7,REPORTED
398743,road_hazard,"{""hazard"": true, ""kind"": ""unpaved""}",2026-08-15T06:02:43+00:00,0.7,REPORTED
398744,road_hazard,"{""hazard"": true, ""kind"": ""unpaved""}",2026-08-15T06:02:43+00:00,0.7,REPORTED
398739,road_hazard,"{""hazard"": true, ""kind"": ""unpaved""}",2026-08-15T06:02:43+00:00,0.7,REPORTED
450786,road_hazard,"{""hazard"": true, ""kind"": ""unpaved""}",2026-08-15T06:02:43+00:00,0.7,REPORTED
450825,road_hazard,"{""hazard"": true, ""kind"": ""unpaved""}",2026-08-15T06:02:43+00:00,0.7,REPORTED
450824,road_hazard,"{""hazard"": true, ""kind"": ""unpaved""}",2026-08-15T06:02:43+00:00,0.7,REPORTED
397112,road_hazard,"{""hazard"": true, ""kind"": ""unpaved""}",2026-08-15T06:02:43+00:00,0.7,REPORTED
395984,road_hazard,"{""hazard"": true, ""kind"": ""unpaved""}",2026-08-15T06:02:43+00:00,0.7,REPORTED
397113,road_hazard,"{""hazard"": true, ""kind"": ""unpaved""}",2026-08-15T06:02:43+00:00,0.7,REPORTED
396940,road_hazard,"{""hazard"": true, ""kind"": ""unpaved""}",2026-08-15T06:02:43+00:00,0.7,REPORTED
352520,road_hazard,"{""hazard"": true, ""kind"": ""unpaved""}",2026-08-15T06:02:43+00:00,0.7,REPORTED
352519,road_hazard,"{""hazard"": true, ""kind"": ""unpaved""}",2026-08-15T06:02:43+00:00,0.7,REPORTED
352518,road_hazard,"{""hazard"": true, ""kind"": ""unpaved""}",2026-08-15T06:02:43+00:00,0.7,REPORTED
361223,road_hazard,"{""hazard"": true, ""kind"": ""unpaved""}",2026-08-15T06:02:43+00:00,0.7,REPORTED
362483,road_hazard,"{""hazard"": true, ""kind"": ""unpaved""}",2026-08-15T06:02:43+00:00,0.7,REPORTED
375489,road_hazard,"{""hazard"": true, ""kind"": ""unpaved""}",2026-08-15T06:02:43+00:00,0.7,REPORTED
361216,road_hazard,"{""hazard"": true, ""kind"": ""unpaved""}",2026-08-15T06:02:43+00:00,0.7,REPORTED
568751,road_hazard,"{""hazard"": true, ""kind"": ""unpaved""}",2026-08-15T06:02:43+00:00,0.7,REPORTED
514292,blocked_sidewalk,"{""blocked"": true}",2026-08-15T06:02:43+00:00,0.7,REPORTED
361200,road_hazard,"{""hazard"": true, ""kind"": ""unpaved""}",2026-08-15T06:02:43+00:00,0.7,REPORTED
362425,road_hazard,"{""hazard"": true, ""kind"": ""unpaved""}",2026-08-15T06:02:43+00:00,0.7,REPORTED
555737,road_hazard,"{""hazard"": true, ""kind"": ""unpaved""}",2026-08-15T06:02:43+00:00,0.7,REPORTED
361720,road_hazard,"{""hazard"": true, ""kind"": ""unpaved""}",2026-08-15T06:02:43+00:00,0.7,REPORTED
361249,road_hazard,"{""hazard"": true, ""kind"": ""unpaved""}",2026-08-15T06:02:43+00:00,0.7,REPORTED
361246,road_hazard,"{""hazard"": true, ""kind"": ""unpaved""}",2026-08-15T06:02:43+00:00,0.7,REPORTED
361748,road_hazard,"{""hazard"": true, ""kind"": ""unpaved""}",2026-08-15T06:02:43+00:00,0.7,REPORTED
361749,road_hazard,"{""hazard"": true, ""kind"": ""unpaved""}",2026-08-15T06:02:43+00:00,0.7,REPORTED
361747,road_hazard,"{""hazard"": true, ""kind"": ""unpaved""}",2026-08-15T06:02:43+00:00,0.7,REPORTED
375277,road_hazard,"{""hazard"": true, ""kind"": ""unpaved""}",2026-08-15T06:02:43+00:00,0.7,REPORTED
362169,road_hazard,"{""hazard"": true, ""kind"": ""unpaved""}",2026-08-15T06:02:43+00:00,0.7,REPORTED
362154,road_hazard,"{""hazard"": true, ""kind"": ""unpaved""}",2026-08-15T06:02:43+00:00,0.7,REPORTED
362176,road_hazard,"{""hazard"": true, ""kind"": ""unpaved""}",2026-08-15T06:02:43+00:00,0.7,REPORTED
362163,road_hazard,"{""hazard"": true, ""kind"": ""unpaved""}",2026-08-15T06:02:43+00:00,0.7,REPORTED
396004,road_hazard,"{""hazard"": true, ""kind"": ""unpaved""}",2026-08-15T06:02:43+00:00,0.7,REPORTED
396021,road_hazard,"{""hazard"": true, ""kind"": ""unpaved""}",2026-08-15T06:02:43+00:00,0.7,REPORTED
396020,road_hazard,"{""hazard"": true, ""kind"": ""unpaved""}",2026-08-15T06:02:43+00:00,0.7,REPORTED
360245,road_hazard,"{""hazard"": true, ""kind"": ""unpaved""}",2026-08-15T06:02:43+00:00,0.7,REPORTED
362414,road_hazard,"{""hazard"": true, ""kind"": ""unpaved""}",2026-08-15T06:02:43+00:00,0.7,REPORTED
362413,road_hazard,"{""hazard"": true, ""kind"": ""unpaved""}",2026-08-15T06:02:43+00:00,0.7,REPORTED
361598,road_hazard,"{""hazard"": true, ""kind"": ""unpaved""}",2026-08-15T06:02:43+00:00,0.7,REPORTED
361635,road_hazard,"{""hazard"": true, ""kind"": ""unpaved""}",2026-08-15T06:02:43+00:00,0.7,REPORTED
361517,road_hazard,"{""hazard"": true, ""kind"": ""unpaved""}",2026-08-15T06:02:43+00:00,0.7,REPORTED
573700,road_hazard,"{""hazard"": true, ""kind"": ""unpaved""}",2026-08-15T06:02:43+00:00,0.7,REPORTED
573891,road_hazard,"{""hazard"": true, ""kind"": ""unpaved""}",2026-08-15T06:02:43+00:00,0.7,REPORTED
573664,road_hazard,"{""hazard"": true, ""kind"": ""unpaved""}",2026-08-15T06:02:43+00:00,0.7,REPORTED
573663,road_hazard,"{""hazard"": true, ""kind"": ""unpaved""}",2026-08-15T06:02:43+00:00,0.7,REPORTED
573897,road_hazard,"{""hazard"": true, ""kind"": ""unpaved""}",2026-08-15T06:02:43+00:00,0.7,REPORTED
573904,road_hazard,"{""hazard"": true, ""kind"": ""unpaved""}",2026-08-15T06:02:43+00:00,0.7,REPORTED
573907,road_hazard,"{""hazard"": true, ""kind"": ""unpaved""}",2026-08-15T06:02:43+00:00,0.7,REPORTED
573684,road_hazard,"{""hazard"": true, ""kind"": ""unpaved""}",2026-08-15T06:02:43+00:00,0.7,REPORTED
573687,road_hazard,"{""hazard"": true, ""kind"": ""unpaved""}",2026-08-15T06:02:43+00:00,0.7,REPORTED
573668,road_hazard,"{""hazard"": true, ""kind"": ""unpaved""}",2026-08-15T06:02:43+00:00,0.7,REPORTED
573669,road_hazard,"{""hazard"": true, ""kind"": ""unpaved""}",2026-08-15T06:02:43+00:00,0.7,REPORTED
573686,road_hazard,"{""hazard"": true, ""kind"": ""unpaved""}",2026-08-15T06:02:43+00:00,0.7,REPORTED
547913,road_hazard,"{""hazard"": true, ""kind"": ""unpaved""}",2026-08-15T06:02:43+00:00,0.7,REPORTED
573924,road_hazard,"{""hazard"": true, ""kind"": ""unpaved""}",2026-08-15T06:02:43+00:00,0.7,REPORTED
357572,road_hazard,"{""hazard"": true, ""kind"": ""unpaved""}",2026-08-15T06:02:43+00:00,0.7,REPORTED
560611,road_hazard,"{""hazard"": true, ""kind"": ""unpaved""}",2026-08-15T06:02:43+00:00,0.7,REPORTED
553023,road_hazard,"{""hazard"": true, ""kind"": ""unpaved""}",2026-08-15T06:02:43+00:00,0.7,REPORTED
560416,road_hazard,"{""hazard"": true, ""kind"": ""unpaved""}",2026-08-15T06:02:43+00:00,0.7,REPORTED
558726,road_hazard,"{""hazard"": true, ""kind"": ""unpaved""}",2026-08-15T06:02:43+00:00,0.7,REPORTED
556185,road_hazard,"{""hazard"": true, ""kind"": ""unpaved""}",2026-08-15T06:02:43+00:00,0.7,REPORTED
560224,road_hazard,"{""hazard"": true, ""kind"": ""unpaved""}",2026-08-15T06:02:43+00:00,0.7,REPORTED
565507,road_hazard,"{""hazard"": true, ""kind"": ""unpaved""}",2026-08-15T06:02:43+00:00,0.7,REPORTED
565500,road_hazard,"{""hazard"": true, ""kind"": ""unpaved""}",2026-08-15T06:02:43+00:00,0.7,REPORTED
541373,road_hazard,"{""hazard"": true, ""kind"": ""unpaved""}",2026-08-15T06:02:43+00:00,0.7,REPORTED
541416,road_hazard,"{""hazard"": true, ""kind"": ""unpaved""}",2026-08-15T06:02:43+00:00,0.7,REPORTED
375165,road_hazard,"{""hazard"": true, ""kind"": ""unpaved""}",2026-08-15T06:02:43+00:00,0.7,REPORTED
541418,road_hazard,"{""hazard"": true, ""kind"": ""unpaved""}",2026-08-15T06:02:43+00:00,0.7,REPORTED
541481,road_hazard,"{""hazard"": true, ""kind"": ""unpaved""}",2026-08-15T06:02:43+00:00,0.7,REPORTED
558682,road_hazard,"{""hazard"": true, ""kind"": ""unpaved""}",2026-08-15T06:02:43+00:00,0.7,REPORTED
533996,road_hazard,"{""hazard"": true, ""kind"": ""unpaved""}",2026-08-15T06:02:43+00:00,0.7,REPORTED
362096,road_hazard,"{""hazard"": true, ""kind"": ""unpaved""}",2026-08-15T06:02:43+00:00,0.7,REPORTED
357704,blocked_sidewalk,"{""blocked"": true}",2026-08-15T06:02:43+00:00,0.7,REPORTED
357717,blocked_sidewalk,"{""blocked"": true}",2026-08-15T06:02:43+00:00,0.7,REPORTED
357705,blocked_sidewalk,"{""blocked"": true}",2026-08-15T06:02:43+00:00,0.7,REPORTED
357716,blocked_sidewalk,"{""blocked"": true}",2026-08-15T06:02:43+00:00,0.7,REPORTED
357778,blocked_sidewalk,"{""blocked"": true}",2026-08-15T06:02:43+00:00,0.7,REPORTED
358146,blocked_sidewalk,"{""blocked"": true}",2026-08-15T06:02:43+00:00,0.7,REPORTED
357780,blocked_sidewalk,"{""blocked"": true}",2026-08-15T06:02:43+00:00,0.7,REPORTED
358145,blocked_sidewalk,"{""blocked"": true}",2026-08-15T06:02:43+00:00,0.7,REPORTED
541303,road_hazard,"{""hazard"": true, ""kind"": ""unpaved""}",2026-08-15T06:02:43+00:00,0.7,REPORTED
541444,road_hazard,"{""hazard"": true, ""kind"": ""unpaved""}",2026-08-15T06:02:43+00:00,0.7,REPORTED
558681,road_hazard,"{""hazard"": true, ""kind"": ""unpaved""}",2026-08-15T06:02:43+00:00,0.7,REPORTED
541277,road_hazard,"{""hazard"": true, ""kind"": ""unpaved""}",2026-08-15T06:02:43+00:00,0.7,REPORTED
541439,road_hazard,"{""hazard"": true, ""kind"": ""unpaved""}",2026-08-15T06:02:43+00:00,0.7,REPORTED
541434,road_hazard,"{""hazard"": true, ""kind"": ""unpaved""}",2026-08-15T06:02:43+00:00,0.7,REPORTED
541472,road_hazard,"{""hazard"": true, ""kind"": ""unpaved""}",2026-08-15T06:02:43+00:00,0.7,REPORTED
375221,road_hazard,"{""hazard"": true, ""kind"": ""unpaved""}",2026-08-15T06:02:43+00:00,0.7,REPORTED
558699,road_hazard,"{""hazard"": true, ""kind"": ""unpaved""}",2026-08-15T06:02:43+00:00,0.7,REPORTED
533972,road_hazard,"{""hazard"": true, ""kind"": ""unpaved""}",2026-08-15T06:02:43+00:00,0.7,REPORTED
362249,road_hazard,"{""hazard"": true, ""kind"": ""unpaved""}",2026-08-15T06:02:43+00:00,0.7,REPORTED
574246,blocked_sidewalk,"{""blocked"": true}",2026-08-15T06:02:43+00:00,0.7,REPORTED
574242,blocked_sidewalk,"{""blocked"": true}",2026-08-15T06:02:43+00:00,0.7,REPORTED
360739,road_hazard,"{""hazard"": true, ""kind"": ""unpaved""}",2026-08-15T06:02:43+00:00,0.7,REPORTED
362193,road_hazard,"{""hazard"": true, ""kind"": ""unpaved""}",2026-08-15T06:02:43+00:00,0.7,REPORTED
362192,road_hazard,"{""hazard"": true, ""kind"": ""unpaved""}",2026-08-15T06:02:43+00:00,0.7,REPORTED
362190,road_hazard,"{""hazard"": true, ""kind"": ""unpaved""}",2026-08-15T06:02:43+00:00,0.7,REPORTED
362261,road_hazard,"{""hazard"": true, ""kind"": ""unpaved""}",2026-08-15T06:02:43+00:00,0.7,REPORTED
362237,road_hazard,"{""hazard"": true, ""kind"": ""unpaved""}",2026-08-15T06:02:43+00:00,0.7,REPORTED
541243,road_hazard,"{""hazard"": true, ""kind"": ""unpaved""}",2026-08-15T06:02:43+00:00,0.7,REPORTED
541463,road_hazard,"{""hazard"": true, ""kind"": ""unpaved""}",2026-08-15T06:02:43+00:00,0.7,REPORTED
541469,road_hazard,"{""hazard"": true, ""kind"": ""unpaved""}",2026-08-15T06:02:43+00:00,0.7,REPORTED
541305,road_hazard,"{""hazard"": true, ""kind"": ""unpaved""}",2026-08-15T06:02:43+00:00,0.7,REPORTED
541458,road_hazard,"{""hazard"": true, ""kind"": ""unpaved""}",2026-08-15T06:02:43+00:00,0.7,REPORTED
541287,road_hazard,"{""hazard"": true, ""kind"": ""unpaved""}",2026-08-15T06:02:43+00:00,0.7,REPORTED
560876,road_hazard,"{""hazard"": true, ""kind"": ""unpaved""}",2026-08-15T06:02:43+00:00,0.7,REPORTED
563522,road_hazard,"{""hazard"": true, ""kind"": ""unpaved""}",2026-08-15T06:02:43+00:00,0.7,REPORTED
563521,road_hazard,"{""hazard"": true, ""kind"": ""unpaved""}",2026-08-15T06:02:43+00:00,0.7,REPORTED
541273,road_hazard,"{""hazard"": true, ""kind"": ""unpaved""}",2026-08-15T06:02:43+00:00,0.7,REPORTED
541272,road_hazard,"{""hazard"": true, ""kind"": ""unpaved""}",2026-08-15T06:02:43+00:00,0.7,REPORTED
560966,road_hazard,"{""hazard"": true, ""kind"": ""unpaved""}",2026-08-15T06:02:43+00:00,0.7,REPORTED
560875,road_hazard,"{""hazard"": true, ""kind"": ""unpaved""}",2026-08-15T06:02:43+00:00,0.7,REPORTED
560873,road_hazard,"{""hazard"": true, ""kind"": ""unpaved""}",2026-08-15T06:02:43+00:00,0.7,REPORTED
560878,road_hazard,"{""hazard"": true, ""kind"": ""unpaved""}",2026-08-15T06:02:43+00:00,0.7,REPORTED
560879,road_hazard,"{""hazard"": true, ""kind"": ""unpaved""}",2026-08-15T06:02:43+00:00,0.7,REPORTED
360607,road_hazard,"{""hazard"": true, ""kind"": ""unpaved""}",2026-08-15T06:02:43+00:00,0.7,REPORTED
360591,road_hazard,"{""hazard"": true, ""kind"": ""unpaved""}",2026-08-15T06:02:43+00:00,0.7,REPORTED
560877,road_hazard,"{""hazard"": true, ""kind"": ""unpaved""}",2026-08-15T06:02:43+00:00,0.7,REPORTED
552826,road_hazard,"{""hazard"": true, ""kind"": ""unpaved""}",2026-08-15T06:02:43+00:00,0.7,REPORTED
362098,road_hazard,"{""hazard"": true, ""kind"": ""unpaved""}",2026-08-15T06:02:43+00:00,0.7,REPORTED
561055,road_hazard,"{""hazard"": true, ""kind"": ""unpaved""}",2026-08-15T06:02:43+00:00,0.7,REPORTED
560874,road_hazard,"{""hazard"": true, ""kind"": ""unpaved""}",2026-08-15T06:02:43+00:00,0.7,REPORTED
558499,road_hazard,"{""hazard"": true, ""kind"": ""unpaved""}",2026-08-15T06:02:43+00:00,0.7,REPORTED
558492,road_hazard,"{""hazard"": true, ""kind"": ""unpaved""}",2026-08-15T06:02:43+00:00,0.7,REPORTED
558506,road_hazard,"{""hazard"": true, ""kind"": ""unpaved""}",2026-08-15T06:02:43+00:00,0.7,REPORTED
558577,road_hazard,"{""hazard"": true, ""kind"": ""unpaved""}",2026-08-15T06:02:43+00:00,0.7,REPORTED
558576,road_hazard,"{""hazard"": true, ""kind"": ""unpaved""}",2026-08-15T06:02:43+00:00,0.7,REPORTED
533973,road_hazard,"{""hazard"": true, ""kind"": ""unpaved""}",2026-08-15T06:02:43+00:00,0.7,REPORTED
360641,road_hazard,"{""hazard"": true, ""kind"": ""unpaved""}",2026-08-15T06:02:43+00:00,0.7,REPORTED
558330,road_hazard,"{""hazard"": true, ""kind"": ""unpaved""}",2026-08-15T06:02:43+00:00,0.7,REPORTED
564444,blocked_sidewalk,"{""blocked"": true}",2026-08-15T06:02:43+00:00,0.7,REPORTED
367274,road_hazard,"{""hazard"": true, ""kind"": ""unpaved""}",2026-08-15T06:02:43+00:00,0.7,REPORTED
367255,road_hazard,"{""hazard"": true, ""kind"": ""unpaved""}",2026-08-15T06:02:43+00:00,0.7,REPORTED
558608,road_hazard,"{""hazard"": true, ""kind"": ""unpaved""}",2026-08-15T06:02:43+00:00,0.7,REPORTED
558609,road_hazard,"{""hazard"": true, ""kind"": ""unpaved""}",2026-08-15T06:02:43+00:00,0.7,REPORTED
558605,road_hazard,"{""hazard"": true, ""kind"": ""unpaved""}",2026-08-15T06:02:43+00:00,0.7,REPORTED
558606,road_hazard,"{""hazard"": true, ""kind"": ""unpaved""}",2026-08-15T06:02:43+00:00,0.7,REPORTED
558507,road_hazard,"{""hazard"": true, ""kind"": ""unpaved""}",2026-08-15T06:02:43+00:00,0.7,REPORTED
558539,road_hazard,"{""hazard"": true, ""kind"": ""unpaved""}",2026-08-15T06:02:43+00:00,0.7,REPORTED
558569,road_hazard,"{""hazard"": true, ""kind"": ""unpaved""}",2026-08-15T06:02:43+00:00,0.7,REPORTED
371088,road_hazard,"{""hazard"": true, ""kind"": ""unpaved""}",2026-08-15T06:02:43+00:00,0.7,REPORTED
559668,road_hazard,"{""hazard"": true, ""kind"": ""unpaved""}",2026-08-15T06:02:43+00:00,0.7,REPORTED
574332,road_hazard,"{""hazard"": true, ""kind"": ""unpaved""}",2026-08-15T06:02:43+00:00,0.7,REPORTED
573825,road_hazard,"{""hazard"": true, ""kind"": ""unpaved""}",2026-08-15T06:02:43+00:00,0.7,REPORTED
367301,road_hazard,"{""hazard"": true, ""kind"": ""unpaved""}",2026-08-15T06:02:43+00:00,0.7,REPORTED
367268,road_hazard,"{""hazard"": true, ""kind"": ""unpaved""}",2026-08-15T06:02:43+00:00,0.7,REPORTED
506141,road_hazard,"{""hazard"": true, ""kind"": ""unpaved""}",2026-08-15T06:02:43+00:00,0.7,REPORTED
506142,road_hazard,"{""hazard"": true, ""kind"": ""unpaved""}",2026-08-15T06:02:43+00:00,0.7,REPORTED
505837,road_hazard,"{""hazard"": true, ""kind"": ""unpaved""}",2026-08-15T06:02:43+00:00,0.7,REPORTED
505834,road_hazard,"{""hazard"": true, ""kind"": ""unpaved""}",2026-08-15T06:02:43+00:00,0.7,REPORTED
505832,road_hazard,"{""hazard"": true, ""kind"": ""unpaved""}",2026-08-15T06:02:43+00:00,0.7,REPORTED
505833,road_hazard,"{""hazard"": true, ""kind"": ""unpaved""}",2026-08-15T06:02:43+00:00,0.7,REPORTED
570899,road_hazard,"{""hazard"": true, ""kind"": ""unpaved""}",2026-08-15T06:02:43+00:00,0.7,REPORTED
367252,road_hazard,"{""hazard"": true, ""kind"": ""unpaved""}",2026-08-15T06:02:43+00:00,0.7,REPORTED
367253,road_hazard,"{""hazard"": true, ""kind"": ""unpaved""}",2026-08-15T06:02:43+00:00,0.7,REPORTED
367256,road_hazard,"{""hazard"": true, ""kind"": ""unpaved""}",2026-08-15T06:02:43+00:00,0.7,REPORTED
367251,road_hazard,"{""hazard"": true, ""kind"": ""unpaved""}",2026-08-15T06:02:43+00:00,0.7,REPORTED
571715,road_hazard,"{""hazard"": true, ""kind"": ""unpaved""}",2026-08-15T06:02:43+00:00,0.7,REPORTED
571832,road_hazard,"{""hazard"": true, ""kind"": ""unpaved""}",2026-08-15T06:02:43+00:00,0.7,REPORTED
571825,road_hazard,"{""hazard"": true, ""kind"": ""unpaved""}",2026-08-15T06:02:43+00:00,0.7,REPORTED
367044,road_hazard,"{""hazard"": true, ""kind"": ""unpaved""}",2026-08-15T06:02:43+00:00,0.7,REPORTED
367222,road_hazard,"{""hazard"": true, ""kind"": ""unpaved""}",2026-08-15T06:02:43+00:00,0.7,REPORTED
367300,road_hazard,"{""hazard"": true, ""kind"": ""unpaved""}",2026-08-15T06:02:43+00:00,0.7,REPORTED
367250,road_hazard,"{""hazard"": true, ""kind"": ""unpaved""}",2026-08-15T06:02:43+00:00,0.7,REPORTED
505619,road_hazard,"{""hazard"": true, ""kind"": ""unpaved""}",2026-08-15T06:02:43+00:00,0.7,REPORTED
556004,road_hazard,"{""hazard"": true, ""kind"": ""unpaved""}",2026-08-15T06:02:43+00:00,0.7,REPORTED
505588,road_hazard,"{""hazard"": true, ""kind"": ""unpaved""}",2026-08-15T06:02:43+00:00,0.7,REPORTED
573889,road_hazard,"{""hazard"": true, ""kind"": ""unpaved""}",2026-08-15T06:02:43+00:00,0.7,REPORTED
574194,road_hazard,"{""hazard"": true, ""kind"": ""unpaved""}",2026-08-15T06:02:43+00:00,0.7,REPORTED
366900,road_hazard,"{""hazard"": true, ""kind"": ""unpaved""}",2026-08-15T06:02:43+00:00,0.7,REPORTED
366899,road_hazard,"{""hazard"": true, ""kind"": ""unpaved""}",2026-08-15T06:02:43+00:00,0.7,REPORTED
490798,road_hazard,"{""hazard"": true, ""kind"": ""unpaved""}",2026-08-15T06:02:43+00:00,0.7,REPORTED
573782,road_hazard,"{""hazard"": true, ""kind"": ""unpaved""}",2026-08-15T06:02:43+00:00,0.7,REPORTED
556058,road_hazard,"{""hazard"": true, ""kind"": ""unpaved""}",2026-08-15T06:02:43+00:00,0.7,REPORTED
358072,road_hazard,"{""hazard"": true, ""kind"": ""unpaved""}",2026-08-15T06:02:43+00:00,0.7,REPORTED
398740,road_hazard,"{""hazard"": true, ""kind"": ""unpaved""}",2026-08-15T06:02:43+00:00,0.7,REPORTED
573779,road_hazard,"{""hazard"": true, ""kind"": ""unpaved""}",2026-08-15T06:02:43+00:00,0.7,REPORTED
357901,road_hazard,"{""hazard"": true, ""kind"": ""unpaved""}",2026-08-15T06:02:43+00:00,0.7,REPORTED
577745,road_hazard,"{""hazard"": true, ""kind"": ""unpaved""}",2026-08-15T06:02:43+00:00,0.7,REPORTED
573780,road_hazard,"{""hazard"": true, ""kind"": ""unpaved""}",2026-08-15T06:02:43+00:00,0.7,REPORTED
492365,road_hazard,"{""hazard"": true, ""kind"": ""unpaved""}",2026-08-15T06:02:43+00:00,0.7,REPORTED
493569,road_hazard,"{""hazard"": true, ""kind"": ""unpaved""}",2026-08-15T06:02:43+00:00,0.7,REPORTED
573740,road_hazard,"{""hazard"": true, ""kind"": ""unpaved""}",2026-08-15T06:02:43+00:00,0.7,REPORTED
573750,road_hazard,"{""hazard"": true, ""kind"": ""unpaved""}",2026-08-15T06:02:43+00:00,0.7,REPORTED
573751,road_hazard,"{""hazard"": true, ""kind"": ""unpaved""}",2026-08-15T06:02:43+00:00,0.7,REPORTED
493594,road_hazard,"{""hazard"": true, ""kind"": ""unpaved""}",2026-08-15T06:02:43+00:00,0.7,REPORTED
502722,road_hazard,"{""hazard"": true, ""kind"": ""unpaved""}",2026-08-15T06:02:43+00:00,0.7,REPORTED
573667,road_hazard,"{""hazard"": true, ""kind"": ""unpaved""}",2026-08-15T06:02:43+00:00,0.7,REPORTED
492368,road_hazard,"{""hazard"": true, ""kind"": ""unpaved""}",2026-08-15T06:02:43+00:00,0.7,REPORTED
492367,road_hazard,"{""hazard"": true, ""kind"": ""unpaved""}",2026-08-15T06:02:43+00:00,0.7,REPORTED
375765,road_hazard,"{""hazard"": true, ""kind"": ""unpaved""}",2026-08-15T06:02:43+00:00,0.7,REPORTED
492534,road_hazard,"{""hazard"": true, ""kind"": ""unpaved""}",2026-08-15T06:02:43+00:00,0.7,REPORTED
492509,road_hazard,"{""hazard"": true, ""kind"": ""unpaved""}",2026-08-15T06:02:43+00:00,0.7,REPORTED
547864,road_hazard,"{""hazard"": true, ""kind"": ""unpaved""}",2026-08-15T06:02:43+00:00,0.7,REPORTED
366765,road_hazard,"{""hazard"": true, ""kind"": ""unpaved""}",2026-08-15T06:02:43+00:00,0.7,REPORTED
492369,road_hazard,"{""hazard"": true, ""kind"": ""unpaved""}",2026-08-15T06:02:43+00:00,0.7,REPORTED
510965,road_hazard,"{""hazard"": true, ""kind"": ""unpaved""}",2026-08-15T06:02:43+00:00,0.7,REPORTED
578342,road_hazard,"{""hazard"": true, ""kind"": ""unpaved""}",2026-08-15T06:02:43+00:00,0.7,REPORTED
493584,road_hazard,"{""hazard"": true, ""kind"": ""unpaved""}",2026-08-15T06:02:43+00:00,0.7,REPORTED
578102,road_hazard,"{""hazard"": true, ""kind"": ""unpaved""}",2026-08-15T06:02:43+00:00,0.7,REPORTED
493593,road_hazard,"{""hazard"": true, ""kind"": ""unpaved""}",2026-08-15T06:02:43+00:00,0.7,REPORTED
493595,road_hazard,"{""hazard"": true, ""kind"": ""unpaved""}",2026-08-15T06:02:43+00:00,0.7,REPORTED
493590,road_hazard,"{""hazard"": true, ""kind"": ""unpaved""}",2026-08-15T06:02:43+00:00,0.7,REPORTED
360921,road_hazard,"{""hazard"": true, ""kind"": ""unpaved""}",2026-08-15T06:02:43+00:00,0.7,REPORTED
360960,road_hazard,"{""hazard"": true, ""kind"": ""unpaved""}",2026-08-15T06:02:43+00:00,0.7,REPORTED
493596,road_hazard,"{""hazard"": true, ""kind"": ""unpaved""}",2026-08-15T06:02:43+00:00,0.7,REPORTED
376529,road_hazard,"{""hazard"": true, ""kind"": ""unpaved""}",2026-08-15T06:02:43+00:00,0.7,REPORTED
510921,poor_lighting,"{""poor"": true}",2026-08-15T06:02:43+00:00,0.7,REPORTED
360910,road_hazard,"{""hazard"": true, ""kind"": ""unpaved""}",2026-08-15T06:02:43+00:00,0.7,REPORTED
373154,road_hazard,"{""hazard"": true, ""kind"": ""unpaved""}",2026-08-15T06:02:43+00:00,0.7,REPORTED
394163,road_hazard,"{""hazard"": true, ""kind"": ""unpaved""}",2026-08-15T06:02:43+00:00,0.7,REPORTED
408667,road_hazard,"{""hazard"": true, ""kind"": ""unpaved""}",2026-08-15T06:02:43+00:00,0.7,REPORTED
372686,road_hazard,"{""hazard"": true, ""kind"": ""unpaved""}",2026-08-15T06:02:43+00:00,0.7,REPORTED
372787,road_hazard,"{""hazard"": true, ""kind"": ""unpaved""}",2026-08-15T06:02:43+00:00,0.7,REPORTED
372785,road_hazard,"{""hazard"": true, ""kind"": ""unpaved""}",2026-08-15T06:02:43+00:00,0.7,REPORTED
372765,road_hazard,"{""hazard"": true, ""kind"": ""unpaved""}",2026-08-15T06:02:43+00:00,0.7,REPORTED
372738,road_hazard,"{""hazard"": true, ""kind"": ""unpaved""}",2026-08-15T06:02:43+00:00,0.7,REPORTED
372739,road_hazard,"{""hazard"": true, ""kind"": ""unpaved""}",2026-08-15T06:02:43+00:00,0.7,REPORTED
372740,road_hazard,"{""hazard"": true, ""kind"": ""unpaved""}",2026-08-15T06:02:43+00:00,0.7,REPORTED
372741,road_hazard,"{""hazard"": true, ""kind"": ""unpaved""}",2026-08-15T06:02:43+00:00,0.7,REPORTED
571883,road_hazard,"{""hazard"": true, ""kind"": ""unpaved""}",2026-08-15T06:02:43+00:00,0.7,REPORTED
373153,road_hazard,"{""hazard"": true, ""kind"": ""unpaved""}",2026-08-15T06:02:43+00:00,0.7,REPORTED
372711,road_hazard,"{""hazard"": true, ""kind"": ""unpaved""}",2026-08-15T06:02:43+00:00,0.7,REPORTED
372799,road_hazard,"{""hazard"": true, ""kind"": ""unpaved""}",2026-08-15T06:02:43+00:00,0.7,REPORTED
372797,road_hazard,"{""hazard"": true, ""kind"": ""unpaved""}",2026-08-15T06:02:43+00:00,0.7,REPORTED
372778,road_hazard,"{""hazard"": true, ""kind"": ""unpaved""}",2026-08-15T06:02:43+00:00,0.7,REPORTED
372807,road_hazard,"{""hazard"": true, ""kind"": ""unpaved""}",2026-08-15T06:02:43+00:00,0.7,REPORTED
372763,road_hazard,"{""hazard"": true, ""kind"": ""unpaved""}",2026-08-15T06:02:43+00:00,0.7,REPORTED
372810,road_hazard,"{""hazard"": true, ""kind"": ""unpaved""}",2026-08-15T06:02:43+00:00,0.7,REPORTED
372727,road_hazard,"{""hazard"": true, ""kind"": ""unpaved""}",2026-08-15T06:02:43+00:00,0.7,REPORTED
372716,road_hazard,"{""hazard"": true, ""kind"": ""unpaved""}",2026-08-15T06:02:43+00:00,0.7,REPORTED
372719,road_hazard,"{""hazard"": true, ""kind"": ""unpaved""}",2026-08-15T06:02:43+00:00,0.7,REPORTED
372720,road_hazard,"{""hazard"": true, ""kind"": ""unpaved""}",2026-08-15T06:02:43+00:00,0.7,REPORTED
372718,road_hazard,"{""hazard"": true, ""kind"": ""unpaved""}",2026-08-15T06:02:43+00:00,0.7,REPORTED
373009,road_hazard,"{""hazard"": true, ""kind"": ""unpaved""}",2026-08-15T06:02:43+00:00,0.7,REPORTED
372721,road_hazard,"{""hazard"": true, ""kind"": ""unpaved""}",2026-08-15T06:02:43+00:00,0.7,REPORTED
372724,road_hazard,"{""hazard"": true, ""kind"": ""unpaved""}",2026-08-15T06:02:43+00:00,0.7,REPORTED
372734,road_hazard,"{""hazard"": true, ""kind"": ""unpaved""}",2026-08-15T06:02:43+00:00,0.7,REPORTED
572729,road_hazard,"{""hazard"": true, ""kind"": ""unpaved""}",2026-08-15T06:02:43+00:00,0.7,REPORTED
372573,road_hazard,"{""hazard"": true, ""kind"": ""unpaved""}",2026-08-15T06:02:43+00:00,0.7,REPORTED
372577,road_hazard,"{""hazard"": true, ""kind"": ""unpaved""}",2026-08-15T06:02:43+00:00,0.7,REPORTED
372569,road_hazard,"{""hazard"": true, ""kind"": ""unpaved""}",2026-08-15T06:02:43+00:00,0.7,REPORTED
565390,road_hazard,"{""hazard"": true, ""kind"": ""unpaved""}",2026-08-15T06:02:43+00:00,0.7,REPORTED
469167,road_hazard,"{""hazard"": true, ""kind"": ""unpaved""}",2026-08-15T06:02:43+00:00,0.7,REPORTED
373083,road_hazard,"{""hazard"": true, ""kind"": ""unpaved""}",2026-08-15T06:02:43+00:00,0.7,REPORTED
572746,road_hazard,"{""hazard"": true, ""kind"": ""unpaved""}",2026-08-15T06:02:43+00:00,0.7,REPORTED
565381,road_hazard,"{""hazard"": true, ""kind"": ""unpaved""}",2026-08-15T06:02:43+00:00,0.7,REPORTED
571882,road_hazard,"{""hazard"": true, ""kind"": ""unpaved""}",2026-08-15T06:02:43+00:00,0.7,REPORTED
572089,road_hazard,"{""hazard"": true, ""kind"": ""unpaved""}",2026-08-15T06:02:43+00:00,0.7,REPORTED
571885,road_hazard,"{""hazard"": true, ""kind"": ""unpaved""}",2026-08-15T06:02:43+00:00,0.7,REPORTED
373103,road_hazard,"{""hazard"": true, ""kind"": ""unpaved""}",2026-08-15T06:02:43+00:00,0.7,REPORTED
372754,road_hazard,"{""hazard"": true, ""kind"": ""unpaved""}",2026-08-15T06:02:43+00:00,0.7,REPORTED
372753,road_hazard,"{""hazard"": true, ""kind"": ""unpaved""}",2026-08-15T06:02:43+00:00,0.7,REPORTED
505217,road_hazard,"{""hazard"": true, ""kind"": ""unpaved""}",2026-08-15T06:02:43+00:00,0.7,REPORTED
571881,road_hazard,"{""hazard"": true, ""kind"": ""unpaved""}",2026-08-15T06:02:43+00:00,0.7,REPORTED
573107,road_hazard,"{""hazard"": true, ""kind"": ""unpaved""}",2026-08-15T06:02:43+00:00,0.7,REPORTED
573285,road_hazard,"{""hazard"": true, ""kind"": ""unpaved""}",2026-08-15T06:02:43+00:00,0.7,REPORTED
573243,road_hazard,"{""hazard"": true, ""kind"": ""unpaved""}",2026-08-15T06:02:43+00:00,0.7,REPORTED
573286,road_hazard,"{""hazard"": true, ""kind"": ""unpaved""}",2026-08-15T06:02:43+00:00,0.7,REPORTED
363080,road_hazard,"{""hazard"": true, ""kind"": ""unpaved""}",2026-08-15T06:02:43+00:00,0.7,REPORTED
363078,road_hazard,"{""hazard"": true, ""kind"": ""unpaved""}",2026-08-15T06:02:43+00:00,0.7,REPORTED
363077,road_hazard,"{""hazard"": true, ""kind"": ""unpaved""}",2026-08-15T06:02:43+00:00,0.7,REPORTED
363073,road_hazard,"{""hazard"": true, ""kind"": ""unpaved""}",2026-08-15T06:02:43+00:00,0.7,REPORTED
363074,road_hazard,"{""hazard"": true, ""kind"": ""unpaved""}",2026-08-15T06:02:43+00:00,0.7,REPORTED
363079,road_hazard,"{""hazard"": true, ""kind"": ""unpaved""}",2026-08-15T06:02:43+00:00,0.7,REPORTED
362992,road_hazard,"{""hazard"": true, ""kind"": ""unpaved""}",2026-08-15T06:02:43+00:00,0.7,REPORTED
362995,road_hazard,"{""hazard"": true, ""kind"": ""unpaved""}",2026-08-15T06:02:43+00:00,0.7,REPORTED
362993,road_hazard,"{""hazard"": true, ""kind"": ""unpaved""}",2026-08-15T06:02:43+00:00,0.7,REPORTED
362989,road_hazard,"{""hazard"": true, ""kind"": ""unpaved""}",2026-08-15T06:02:43+00:00,0.7,REPORTED
362994,road_hazard,"{""hazard"": true, ""kind"": ""unpaved""}",2026-08-15T06:02:43+00:00,0.7,REPORTED
363058,road_hazard,"{""hazard"": true, ""kind"": ""unpaved""}",2026-08-15T06:02:43+00:00,0.7,REPORTED
363076,road_hazard,"{""hazard"": true, ""kind"": ""unpaved""}",2026-08-15T06:02:43+00:00,0.7,REPORTED
363168,road_hazard,"{""hazard"": true, ""kind"": ""unpaved""}",2026-08-15T06:02:43+00:00,0.7,REPORTED
362376,road_hazard,"{""hazard"": true, ""kind"": ""unpaved""}",2026-08-15T06:02:43+00:00,0.7,REPORTED
362379,road_hazard,"{""hazard"": true, ""kind"": ""unpaved""}",2026-08-15T06:02:43+00:00,0.7,REPORTED
371609,poor_lighting,"{""poor"": true}",2026-08-15T06:02:43+00:00,0.7,REPORTED
401032,road_hazard,"{""hazard"": true, ""kind"": ""ground""}",2026-08-15T06:02:43+00:00,0.7,REPORTED
572527,road_hazard,"{""hazard"": true, ""kind"": ""unpaved""}",2026-08-15T06:02:43+00:00,0.7,REPORTED
362276,blocked_sidewalk,"{""blocked"": true}",2026-08-15T06:02:43+00:00,0.7,REPORTED
362333,blocked_sidewalk,"{""blocked"": true}",2026-08-15T06:02:43+00:00,0.7,REPORTED
503960,road_hazard,"{""hazard"": true, ""kind"": ""unpaved""}",2026-08-15T06:02:43+00:00,0.7,REPORTED
572366,road_hazard,"{""hazard"": true, ""kind"": ""unpaved""}",2026-08-15T06:02:43+00:00,0.7,REPORTED
372341,road_hazard,"{""hazard"": true, ""kind"": ""unpaved""}",2026-08-15T06:02:43+00:00,0.7,REPORTED
372616,road_hazard,"{""hazard"": true, ""kind"": ""unpaved""}",2026-08-15T06:02:43+00:00,0.7,REPORTED
382422,road_hazard,"{""hazard"": true, ""kind"": ""unpaved""}",2026-08-15T06:02:43+00:00,0.7,REPORTED
360125,road_hazard,"{""hazard"": true, ""kind"": ""unpaved""}",2026-08-15T06:02:43+00:00,0.7,REPORTED
382383,road_hazard,"{""hazard"": true, ""kind"": ""dirt""}",2026-08-15T06:02:43+00:00,0.7,REPORTED
469696,road_hazard,"{""hazard"": true, ""kind"": ""unpaved""}",2026-08-15T06:02:43+00:00,0.7,REPORTED
469656,road_hazard,"{""hazard"": true, ""kind"": ""unpaved""}",2026-08-15T06:02:43+00:00,0.7,REPORTED
469699,road_hazard,"{""hazard"": true, ""kind"": ""unpaved""}",2026-08-15T06:02:43+00:00,0.7,REPORTED
568787,road_hazard,"{""hazard"": true, ""kind"": ""unpaved""}",2026-08-15T06:02:43+00:00,0.7,REPORTED
572218,road_hazard,"{""hazard"": true, ""kind"": ""unpaved""}",2026-08-15T06:02:43+00:00,0.7,REPORTED
541673,road_hazard,"{""hazard"": true, ""kind"": ""unpaved""}",2026-08-15T06:02:43+00:00,0.7,REPORTED
560847,road_hazard,"{""hazard"": true, ""kind"": ""unpaved""}",2026-08-15T06:02:43+00:00,0.7,REPORTED
565178,blocked_sidewalk,"{""blocked"": true}",2026-08-15T06:02:43+00:00,0.7,REPORTED
565223,blocked_sidewalk,"{""blocked"": true}",2026-08-15T06:02:43+00:00,0.7,REPORTED
565177,blocked_sidewalk,"{""blocked"": true}",2026-08-15T06:02:43+00:00,0.7,REPORTED
565027,blocked_sidewalk,"{""blocked"": true}",2026-08-15T06:02:43+00:00,0.7,REPORTED
571501,road_hazard,"{""hazard"": true, ""kind"": ""unpaved""}",2026-08-15T06:02:43+00:00,0.7,REPORTED
382309,road_hazard,"{""hazard"": true, ""kind"": ""unpaved""}",2026-08-15T06:02:43+00:00,0.7,REPORTED
381724,road_hazard,"{""hazard"": true, ""kind"": ""unpaved""}",2026-08-15T06:02:43+00:00,0.7,REPORTED
382310,road_hazard,"{""hazard"": true, ""kind"": ""unpaved""}",2026-08-15T06:02:43+00:00,0.7,REPORTED
382380,road_hazard,"{""hazard"": true, ""kind"": ""unpaved""}",2026-08-15T06:02:43+00:00,0.7,REPORTED
359758,road_hazard,"{""hazard"": true, ""kind"": ""unpaved""}",2026-08-15T06:02:43+00:00,0.7,REPORTED
372334,road_hazard,"{""hazard"": true, ""kind"": ""unpaved""}",2026-08-15T06:02:43+00:00,0.7,REPORTED
411246,road_hazard,"{""hazard"": true, ""kind"": ""unpaved""}",2026-08-15T06:02:43+00:00,0.7,REPORTED
411242,road_hazard,"{""hazard"": true, ""kind"": ""unpaved""}",2026-08-15T06:02:43+00:00,0.7,REPORTED
400890,road_hazard,"{""hazard"": true, ""kind"": ""unpaved""}",2026-08-15T06:02:43+00:00,0.7,REPORTED
372333,road_hazard,"{""hazard"": true, ""kind"": ""unpaved""}",2026-08-15T06:02:43+00:00,0.7,REPORTED
411326,road_hazard,"{""hazard"": true, ""kind"": ""unpaved""}",2026-08-15T06:02:43+00:00,0.7,REPORTED
359557,road_hazard,"{""hazard"": true, ""kind"": ""unpaved""}",2026-08-15T06:02:43+00:00,0.7,REPORTED
359678,road_hazard,"{""hazard"": true, ""kind"": ""unpaved""}",2026-08-15T06:02:43+00:00,0.7,REPORTED
411346,road_hazard,"{""hazard"": true, ""kind"": ""unpaved""}",2026-08-15T06:02:43+00:00,0.7,REPORTED
372273,road_hazard,"{""hazard"": true, ""kind"": ""unpaved""}",2026-08-15T06:02:43+00:00,0.7,REPORTED
411345,road_hazard,"{""hazard"": true, ""kind"": ""unpaved""}",2026-08-15T06:02:43+00:00,0.7,REPORTED
411344,road_hazard,"{""hazard"": true, ""kind"": ""unpaved""}",2026-08-15T06:02:43+00:00,0.7,REPORTED
556597,road_hazard,"{""hazard"": true, ""kind"": ""unpaved""}",2026-08-15T06:02:43+00:00,0.7,REPORTED
556586,road_hazard,"{""hazard"": true, ""kind"": ""unpaved""}",2026-08-15T06:02:43+00:00,0.7,REPORTED
556585,road_hazard,"{""hazard"": true, ""kind"": ""unpaved""}",2026-08-15T06:02:43+00:00,0.7,REPORTED
371579,road_hazard,"{""hazard"": true, ""kind"": ""unpaved""}",2026-08-15T06:02:43+00:00,0.7,REPORTED
371553,road_hazard,"{""hazard"": true, ""kind"": ""unpaved""}",2026-08-15T06:02:43+00:00,0.7,REPORTED
441228,road_hazard,"{""hazard"": true, ""kind"": ""unpaved""}",2026-08-15T06:02:43+00:00,0.7,REPORTED
441231,road_hazard,"{""hazard"": true, ""kind"": ""unpaved""}",2026-08-15T06:02:43+00:00,0.7,REPORTED
606462,road_hazard,"{""hazard"": true, ""kind"": ""unpaved""}",2026-08-15T06:02:43+00:00,0.7,REPORTED
564899,road_hazard,"{""hazard"": true, ""kind"": ""unpaved""}",2026-08-15T06:02:43+00:00,0.7,REPORTED
506105,road_hazard,"{""hazard"": true, ""kind"": ""unpaved""}",2026-08-15T06:02:43+00:00,0.7,REPORTED
441232,road_hazard,"{""hazard"": true, ""kind"": ""unpaved""}",2026-08-15T06:02:43+00:00,0.7,REPORTED
443606,road_hazard,"{""hazard"": true, ""kind"": ""unpaved""}",2026-08-15T06:02:43+00:00,0.7,REPORTED
563793,road_hazard,"{""hazard"": true, ""kind"": ""unpaved""}",2026-08-15T06:02:43+00:00,0.7,REPORTED
494942,road_hazard,"{""hazard"": true, ""kind"": ""unpaved""}",2026-08-15T06:02:43+00:00,0.7,REPORTED
491857,road_hazard,"{""hazard"": true, ""kind"": ""ground""}",2026-08-15T06:02:43+00:00,0.7,REPORTED
564803,road_hazard,"{""hazard"": true, ""kind"": ""unpaved""}",2026-08-15T06:02:43+00:00,0.7,REPORTED
441233,road_hazard,"{""hazard"": true, ""kind"": ""unpaved""}",2026-08-15T06:02:43+00:00,0.7,REPORTED
443625,road_hazard,"{""hazard"": true, ""kind"": ""unpaved""}",2026-08-15T06:02:43+00:00,0.7,REPORTED
443608,road_hazard,"{""hazard"": true, ""kind"": ""unpaved""}",2026-08-15T06:02:43+00:00,0.7,REPORTED
506136,road_hazard,"{""hazard"": true, ""kind"": ""unpaved""}",2026-08-15T06:02:43+00:00,0.7,REPORTED
506137,road_hazard,"{""hazard"": true, ""kind"": ""unpaved""}",2026-08-15T06:02:43+00:00,0.7,REPORTED
506138,road_hazard,"{""hazard"": true, ""kind"": ""unpaved""}",2026-08-15T06:02:43+00:00,0.7,REPORTED
441242,road_hazard,"{""hazard"": true, ""kind"": ""unpaved""}",2026-08-15T06:02:43+00:00,0.7,REPORTED
441236,road_hazard,"{""hazard"": true, ""kind"": ""unpaved""}",2026-08-15T06:02:43+00:00,0.7,REPORTED
443600,road_hazard,"{""hazard"": true, ""kind"": ""unpaved""}",2026-08-15T06:02:43+00:00,0.7,REPORTED
564633,road_hazard,"{""hazard"": true, ""kind"": ""unpaved""}",2026-08-15T06:02:43+00:00,0.7,REPORTED
565498,road_hazard,"{""hazard"": true, ""kind"": ""unpaved""}",2026-08-15T06:02:43+00:00,0.7,REPORTED
531756,road_hazard,"{""hazard"": true, ""kind"": ""unpaved""}",2026-08-15T06:02:43+00:00,0.7,REPORTED
555612,road_hazard,"{""hazard"": true, ""kind"": ""unpaved""}",2026-08-15T06:02:43+00:00,0.7,REPORTED
555613,road_hazard,"{""hazard"": true, ""kind"": ""unpaved""}",2026-08-15T06:02:43+00:00,0.7,REPORTED
555614,road_hazard,"{""hazard"": true, ""kind"": ""unpaved""}",2026-08-15T06:02:43+00:00,0.7,REPORTED
555605,road_hazard,"{""hazard"": true, ""kind"": ""unpaved""}",2026-08-15T06:02:43+00:00,0.7,REPORTED
555606,road_hazard,"{""hazard"": true, ""kind"": ""unpaved""}",2026-08-15T06:02:43+00:00,0.7,REPORTED
555807,road_hazard,"{""hazard"": true, ""kind"": ""unpaved""}",2026-08-15T06:02:43+00:00,0.7,REPORTED
555697,road_hazard,"{""hazard"": true, ""kind"": ""unpaved""}",2026-08-15T06:02:43+00:00,0.7,REPORTED
510561,blocked_sidewalk,"{""blocked"": true}",2026-08-15T06:02:43+00:00,0.7,REPORTED
490903,road_hazard,"{""hazard"": true, ""kind"": ""unpaved""}",2026-08-15T06:02:43+00:00,0.7,REPORTED
514138,road_hazard,"{""hazard"": true, ""kind"": ""unpaved""}",2026-08-15T06:02:43+00:00,0.7,REPORTED
514319,road_hazard,"{""hazard"": true, ""kind"": ""unpaved""}",2026-08-15T06:02:43+00:00,0.7,REPORTED
555749,road_hazard,"{""hazard"": true, ""kind"": ""unpaved""}",2026-08-15T06:02:43+00:00,0.7,REPORTED
555761,road_hazard,"{""hazard"": true, ""kind"": ""unpaved""}",2026-08-15T06:02:43+00:00,0.7,REPORTED
555760,road_hazard,"{""hazard"": true, ""kind"": ""unpaved""}",2026-08-15T06:02:43+00:00,0.7,REPORTED
511860,road_hazard,"{""hazard"": true, ""kind"": ""unpaved""}",2026-08-15T06:02:43+00:00,0.7,REPORTED
511878,road_hazard,"{""hazard"": true, ""kind"": ""unpaved""}",2026-08-15T06:02:43+00:00,0.7,REPORTED
514316,road_hazard,"{""hazard"": true, ""kind"": ""dirt""}",2026-08-15T06:02:43+00:00,0.7,REPORTED
514330,road_hazard,"{""hazard"": true, ""kind"": ""unpaved""}",2026-08-15T06:02:43+00:00,0.7,REPORTED
359881,road_hazard,"{""hazard"": true, ""kind"": ""unpaved""}",2026-08-15T06:02:43+00:00,0.7,REPORTED
359882,road_hazard,"{""hazard"": true, ""kind"": ""unpaved""}",2026-08-15T06:02:43+00:00,0.7,REPORTED
555759,road_hazard,"{""hazard"": true, ""kind"": ""unpaved""}",2026-08-15T06:02:43+00:00,0.7,REPORTED
362950,road_hazard,"{""hazard"": true, ""kind"": ""unpaved""}",2026-08-15T06:02:43+00:00,0.7,REPORTED
482969,road_hazard,"{""hazard"": true, ""kind"": ""unpaved""}",2026-08-15T06:02:43+00:00,0.7,REPORTED
566020,blocked_sidewalk,"{""blocked"": true}",2026-08-15T06:02:43+00:00,0.7,REPORTED
566071,blocked_sidewalk,"{""blocked"": true}",2026-08-15T06:02:43+00:00,0.7,REPORTED
566021,blocked_sidewalk,"{""blocked"": true}",2026-08-15T06:02:43+00:00,0.7,REPORTED
566074,blocked_sidewalk,"{""blocked"": true}",2026-08-15T06:02:43+00:00,0.7,REPORTED
558143,road_hazard,"{""hazard"": true, ""kind"": ""unpaved""}",2026-08-15T06:02:43+00:00,0.7,REPORTED
387661,road_hazard,"{""hazard"": true, ""kind"": ""unpaved""}",2026-08-15T06:02:43+00:00,0.7,REPORTED
387662,road_hazard,"{""hazard"": true, ""kind"": ""unpaved""}",2026-08-15T06:02:43+00:00,0.7,REPORTED
604031,road_hazard,"{""hazard"": true, ""kind"": ""unpaved""}",2026-08-15T06:02:43+00:00,0.7,REPORTED
593329,road_hazard,"{""hazard"": true, ""kind"": ""sand""}",2026-08-15T06:02:43+00:00,0.7,REPORTED
511292,road_hazard,"{""hazard"": true, ""kind"": ""ground""}",2026-08-15T06:02:43+00:00,0.7,REPORTED
604682,road_hazard,"{""hazard"": true, ""kind"": ""unpaved""}",2026-08-15T06:02:43+00:00,0.7,REPORTED
556588,road_hazard,"{""hazard"": true, ""kind"": ""unpaved""}",2026-08-15T06:02:43+00:00,0.7,REPORTED
501427,road_hazard,"{""hazard"": true, ""kind"": ""unpaved""}",2026-08-15T06:02:43+00:00,0.7,REPORTED
510243,road_hazard,"{""hazard"": true, ""kind"": ""ground""}",2026-08-15T06:02:43+00:00,0.7,REPORTED
569345,road_hazard,"{""hazard"": true, ""kind"": ""unpaved""}",2026-08-15T06:02:43+00:00,0.7,REPORTED
542485,road_hazard,"{""hazard"": true, ""kind"": ""unpaved""}",2026-08-15T06:02:43+00:00,0.7,REPORTED
589811,blocked_sidewalk,"{""blocked"": true}",2026-08-15T06:02:43+00:00,0.7,REPORTED
495772,blocked_sidewalk,"{""blocked"": true}",2026-08-15T06:02:43+00:00,0.7,REPORTED
460978,blocked_sidewalk,"{""blocked"": true}",2026-08-15T06:02:43+00:00,0.7,REPORTED
460883,blocked_sidewalk,"{""blocked"": true}",2026-08-15T06:02:43+00:00,0.7,REPORTED
451187,blocked_sidewalk,"{""blocked"": true}",2026-08-15T06:02:43+00:00,0.7,REPORTED
491034,poor_lighting,"{""poor"": true}",2026-08-15T06:02:43+00:00,0.7,REPORTED
508050,road_hazard,"{""hazard"": true, ""kind"": ""gravel""}",2026-08-15T06:02:43+00:00,0.7,REPORTED
557911,road_hazard,"{""hazard"": true, ""kind"": ""unpaved""}",2026-08-15T06:02:43+00:00,0.7,REPORTED
496513,blocked_sidewalk,"{""blocked"": true}",2026-08-15T06:02:43+00:00,0.7,REPORTED
506463,road_hazard,"{""hazard"": true, ""kind"": ""dirt""}",2026-08-15T06:02:43+00:00,0.7,REPORTED
506461,road_hazard,"{""hazard"": true, ""kind"": ""dirt""}",2026-08-15T06:02:43+00:00,0.7,REPORTED
555611,road_hazard,"{""hazard"": true, ""kind"": ""unpaved""}",2026-08-15T06:02:43+00:00,0.7,REPORTED
453624,blocked_sidewalk,"{""blocked"": true}",2026-08-15T06:02:43+00:00,0.7,REPORTED
453620,blocked_sidewalk,"{""blocked"": true}",2026-08-15T06:02:43+00:00,0.7,REPORTED
608414,road_hazard,"{""hazard"": true, ""kind"": ""unpaved""}",2026-08-15T06:02:43+00:00,0.7,REPORTED
453621,blocked_sidewalk,"{""blocked"": true}",2026-08-15T06:02:43+00:00,0.7,REPORTED
453622,blocked_sidewalk,"{""blocked"": true}",2026-08-15T06:02:43+00:00,0.7,REPORTED
453607,blocked_sidewalk,"{""blocked"": true}",2026-08-15T06:02:43+00:00,0.7,REPORTED
453605,blocked_sidewalk,"{""blocked"": true}",2026-08-15T06:02:43+00:00,0.7,REPORTED
453623,blocked_sidewalk,"{""blocked"": true}",2026-08-15T06:02:43+00:00,0.7,REPORTED
608359,road_hazard,"{""hazard"": true, ""kind"": ""unpaved""}",2026-08-15T06:02:43+00:00,0.7,REPORTED
608369,road_hazard,"{""hazard"": true, ""kind"": ""unpaved""}",2026-08-15T06:02:43+00:00,0.7,REPORTED
608368,road_hazard,"{""hazard"": true, ""kind"": ""unpaved""}",2026-08-15T06:02:43+00:00,0.7,REPORTED
608367,road_hazard,"{""hazard"": true, ""kind"": ""unpaved""}",2026-08-15T06:02:43+00:00,0.7,REPORTED
510207,blocked_sidewalk,"{""blocked"": true}",2026-08-15T06:02:43+00:00,0.7,REPORTED
510262,blocked_sidewalk,"{""blocked"": true}",2026-08-15T06:02:43+00:00,0.7,REPORTED
608168,road_hazard,"{""hazard"": true, ""kind"": ""unpaved""}",2026-08-15T06:02:43+00:00,0.7,REPORTED
608301,road_hazard,"{""hazard"": true, ""kind"": ""unpaved""}",2026-08-15T06:02:43+00:00,0.7,REPORTED
608158,road_hazard,"{""hazard"": true, ""kind"": ""unpaved""}",2026-08-15T06:02:43+00:00,0.7,REPORTED
608155,road_hazard,"{""hazard"": true, ""kind"": ""unpaved""}",2026-08-15T06:02:43+00:00,0.7,REPORTED
608128,road_hazard,"{""hazard"": true, ""kind"": ""unpaved""}",2026-08-15T06:02:43+00:00,0.7,REPORTED
607876,road_hazard,"{""hazard"": true, ""kind"": ""unpaved""}",2026-08-15T06:02:43+00:00,0.7,REPORTED
608102,road_hazard,"{""hazard"": true, ""kind"": ""unpaved""}",2026-08-15T06:02:43+00:00,0.7,REPORTED
608281,road_hazard,"{""hazard"": true, ""kind"": ""unpaved""}",2026-08-15T06:02:43+00:00,0.7,REPORTED
608162,road_hazard,"{""hazard"": true, ""kind"": ""unpaved""}",2026-08-15T06:02:43+00:00,0.7,REPORTED
608148,road_hazard,"{""hazard"": true, ""kind"": ""unpaved""}",2026-08-15T06:02:43+00:00,0.7,REPORTED
608370,road_hazard,"{""hazard"": true, ""kind"": ""unpaved""}",2026-08-15T06:02:43+00:00,0.7,REPORTED
608351,road_hazard,"{""hazard"": true, ""kind"": ""unpaved""}",2026-08-15T06:02:43+00:00,0.7,REPORTED
608282,road_hazard,"{""hazard"": true, ""kind"": ""unpaved""}",2026-08-15T06:02:43+00:00,0.7,REPORTED
608280,road_hazard,"{""hazard"": true, ""kind"": ""unpaved""}",2026-08-15T06:02:43+00:00,0.7,REPORTED
608164,road_hazard,"{""hazard"": true, ""kind"": ""unpaved""}",2026-08-15T06:02:43+00:00,0.7,REPORTED
608261,road_hazard,"{""hazard"": true, ""kind"": ""unpaved""}",2026-08-15T06:02:43+00:00,0.7,REPORTED
608198,road_hazard,"{""hazard"": true, ""kind"": ""unpaved""}",2026-08-15T06:02:43+00:00,0.7,REPORTED
608234,road_hazard,"{""hazard"": true, ""kind"": ""unpaved""}",2026-08-15T06:02:43+00:00,0.7,REPORTED
617052,road_hazard,"{""hazard"": true, ""kind"": ""unpaved""}",2026-08-15T06:02:43+00:00,0.7,REPORTED
617091,road_hazard,"{""hazard"": true, ""kind"": ""unpaved""}",2026-08-15T06:02:43+00:00,0.7,REPORTED
608256,road_hazard,"{""hazard"": true, ""kind"": ""unpaved""}",2026-08-15T06:02:43+00:00,0.7,REPORTED
608263,road_hazard,"{""hazard"": true, ""kind"": ""unpaved""}",2026-08-15T06:02:43+00:00,0.7,REPORTED
608243,road_hazard,"{""hazard"": true, ""kind"": ""unpaved""}",2026-08-15T06:02:43+00:00,0.7,REPORTED
608470,road_hazard,"{""hazard"": true, ""kind"": ""unpaved""}",2026-08-15T06:02:43+00:00,0.7,REPORTED
608469,road_hazard,"{""hazard"": true, ""kind"": ""unpaved""}",2026-08-15T06:02:43+00:00,0.7,REPORTED
609592,road_hazard,"{""hazard"": true, ""kind"": ""unpaved""}",2026-08-15T06:02:43+00:00,0.7,REPORTED
609364,road_hazard,"{""hazard"": true, ""kind"": ""unpaved""}",2026-08-15T06:02:43+00:00,0.7,REPORTED
608187,road_hazard,"{""hazard"": true, ""kind"": ""unpaved""}",2026-08-15T06:02:43+00:00,0.7,REPORTED
608429,road_hazard,"{""hazard"": true, ""kind"": ""unpaved""}",2026-08-15T06:02:43+00:00,0.7,REPORTED
608431,road_hazard,"{""hazard"": true, ""kind"": ""unpaved""}",2026-08-15T06:02:43+00:00,0.7,REPORTED
607095,road_hazard,"{""hazard"": true, ""kind"": ""unpaved""}",2026-08-15T06:02:43+00:00,0.7,REPORTED
608250,road_hazard,"{""hazard"": true, ""kind"": ""unpaved""}",2026-08-15T06:02:43+00:00,0.7,REPORTED
607110,road_hazard,"{""hazard"": true, ""kind"": ""unpaved""}",2026-08-15T06:02:43+00:00,0.7,REPORTED
608348,road_hazard,"{""hazard"": true, ""kind"": ""unpaved""}",2026-08-15T06:02:43+00:00,0.7,REPORTED
609590,road_hazard,"{""hazard"": true, ""kind"": ""unpaved""}",2026-08-15T06:02:43+00:00,0.7,REPORTED
609703,road_hazard,"{""hazard"": true, ""kind"": ""unpaved""}",2026-08-15T06:02:43+00:00,0.7,REPORTED
609710,road_hazard,"{""hazard"": true, ""kind"": ""unpaved""}",2026-08-15T06:02:43+00:00,0.7,REPORTED
617046,road_hazard,"{""hazard"": true, ""kind"": ""unpaved""}",2026-08-15T06:02:43+00:00,0.7,REPORTED
608242,road_hazard,"{""hazard"": true, ""kind"": ""unpaved""}",2026-08-15T06:02:43+00:00,0.7,REPORTED
607166,road_hazard,"{""hazard"": true, ""kind"": ""unpaved""}",2026-08-15T06:02:43+00:00,0.7,REPORTED
607888,road_hazard,"{""hazard"": true, ""kind"": ""unpaved""}",2026-08-15T06:02:43+00:00,0.7,REPORTED
616976,road_hazard,"{""hazard"": true, ""kind"": ""unpaved""}",2026-08-15T06:02:43+00:00,0.7,REPORTED
616943,road_hazard,"{""hazard"": true, ""kind"": ""unpaved""}",2026-08-15T06:02:43+00:00,0.7,REPORTED
616985,road_hazard,"{""hazard"": true, ""kind"": ""unpaved""}",2026-08-15T06:02:43+00:00,0.7,REPORTED
607040,road_hazard,"{""hazard"": true, ""kind"": ""unpaved""}",2026-08-15T06:02:43+00:00,0.7,REPORTED
607043,road_hazard,"{""hazard"": true, ""kind"": ""unpaved""}",2026-08-15T06:02:43+00:00,0.7,REPORTED
607049,road_hazard,"{""hazard"": true, ""kind"": ""unpaved""}",2026-08-15T06:02:43+00:00,0.7,REPORTED
616787,road_hazard,"{""hazard"": true, ""kind"": ""unpaved""}",2026-08-15T06:02:43+00:00,0.7,REPORTED
616795,road_hazard,"{""hazard"": true, ""kind"": ""unpaved""}",2026-08-15T06:02:43+00:00,0.7,REPORTED
617090,road_hazard,"{""hazard"": true, ""kind"": ""unpaved""}",2026-08-15T06:02:43+00:00,0.7,REPORTED
617211,road_hazard,"{""hazard"": true, ""kind"": ""unpaved""}",2026-08-15T06:02:43+00:00,0.7,REPORTED
617204,road_hazard,"{""hazard"": true, ""kind"": ""unpaved""}",2026-08-15T06:02:43+00:00,0.7,REPORTED
532554,blocked_sidewalk,"{""blocked"": true}",2026-08-15T06:02:43+00:00,0.7,REPORTED
609570,road_hazard,"{""hazard"": true, ""kind"": ""unpaved""}",2026-08-15T06:02:43+00:00,0.7,REPORTED
609490,road_hazard,"{""hazard"": true, ""kind"": ""unpaved""}",2026-08-15T06:02:43+00:00,0.7,REPORTED
609732,road_hazard,"{""hazard"": true, ""kind"": ""unpaved""}",2026-08-15T06:02:43+00:00,0.7,REPORTED
609482,road_hazard,"{""hazard"": true, ""kind"": ""unpaved""}",2026-08-15T06:02:43+00:00,0.7,REPORTED
617089,road_hazard,"{""hazard"": true, ""kind"": ""unpaved""}",2026-08-15T06:02:43+00:00,0.7,REPORTED
616804,road_hazard,"{""hazard"": true, ""kind"": ""unpaved""}",2026-08-15T06:02:43+00:00,0.7,REPORTED
616725,road_hazard,"{""hazard"": true, ""kind"": ""unpaved""}",2026-08-15T06:02:43+00:00,0.7,REPORTED
616733,road_hazard,"{""hazard"": true, ""kind"": ""unpaved""}",2026-08-15T06:02:43+00:00,0.7,REPORTED
616806,road_hazard,"{""hazard"": true, ""kind"": ""unpaved""}",2026-08-15T06:02:43+00:00,0.7,REPORTED
616802,road_hazard,"{""hazard"": true, ""kind"": ""unpaved""}",2026-08-15T06:02:43+00:00,0.7,REPORTED
616805,road_hazard,"{""hazard"": true, ""kind"": ""unpaved""}",2026-08-15T06:02:43+00:00,0.7,REPORTED
616796,road_hazard,"{""hazard"": true, ""kind"": ""unpaved""}",2026-08-15T06:02:43+00:00,0.7,REPORTED
616799,road_hazard,"{""hazard"": true, ""kind"": ""unpaved""}",2026-08-15T06:02:43+00:00,0.7,REPORTED
616800,road_hazard,"{""hazard"": true, ""kind"": ""unpaved""}",2026-08-15T06:02:43+00:00,0.7,REPORTED
617212,road_hazard,"{""hazard"": true, ""kind"": ""unpaved""}",2026-08-15T06:02:43+00:00,0.7,REPORTED
617203,road_hazard,"{""hazard"": true, ""kind"": ""unpaved""}",2026-08-15T06:02:43+00:00,0.7,REPORTED
616966,road_hazard,"{""hazard"": true, ""kind"": ""unpaved""}",2026-08-15T06:02:43+00:00,0.7,REPORTED
617213,road_hazard,"{""hazard"": true, ""kind"": ""unpaved""}",2026-08-15T06:02:43+00:00,0.7,REPORTED
607208,road_hazard,"{""hazard"": true, ""kind"": ""unpaved""}",2026-08-15T06:02:43+00:00,0.7,REPORTED
607835,road_hazard,"{""hazard"": true, ""kind"": ""unpaved""}",2026-08-15T06:02:43+00:00,0.7,REPORTED
607382,road_hazard,"{""hazard"": true, ""kind"": ""unpaved""}",2026-08-15T06:02:43+00:00,0.7,REPORTED
607213,road_hazard,"{""hazard"": true, ""kind"": ""unpaved""}",2026-08-15T06:02:43+00:00,0.7,REPORTED
608572,road_hazard,"{""hazard"": true, ""kind"": ""unpaved""}",2026-08-15T06:02:43+00:00,0.7,REPORTED
607214,road_hazard,"{""hazard"": true, ""kind"": ""unpaved""}",2026-08-15T06:02:43+00:00,0.7,REPORTED
607380,road_hazard,"{""hazard"": true, ""kind"": ""unpaved""}",2026-08-15T06:02:43+00:00,0.7,REPORTED
607209,road_hazard,"{""hazard"": true, ""kind"": ""unpaved""}",2026-08-15T06:02:43+00:00,0.7,REPORTED
607210,road_hazard,"{""hazard"": true, ""kind"": ""unpaved""}",2026-08-15T06:02:43+00:00,0.7,REPORTED
607211,road_hazard,"{""hazard"": true, ""kind"": ""unpaved""}",2026-08-15T06:02:43+00:00,0.7,REPORTED
607212,road_hazard,"{""hazard"": true, ""kind"": ""unpaved""}",2026-08-15T06:02:43+00:00,0.7,REPORTED
607204,road_hazard,"{""hazard"": true, ""kind"": ""unpaved""}",2026-08-15T06:02:43+00:00,0.7,REPORTED
607228,road_hazard,"{""hazard"": true, ""kind"": ""unpaved""}",2026-08-15T06:02:43+00:00,0.7,REPORTED
617209,road_hazard,"{""hazard"": true, ""kind"": ""unpaved""}",2026-08-15T06:02:43+00:00,0.7,REPORTED
617225,road_hazard,"{""hazard"": true, ""kind"": ""unpaved""}",2026-08-15T06:02:43+00:00,0.7,REPORTED
607202,road_hazard,"{""hazard"": true, ""kind"": ""unpaved""}",2026-08-15T06:02:43+00:00,0.7,REPORTED
607205,road_hazard,"{""hazard"": true, ""kind"": ""unpaved""}",2026-08-15T06:02:43+00:00,0.7,REPORTED
658358,road_hazard,"{""hazard"": true, ""kind"": ""unpaved""}",2026-08-15T06:02:43+00:00,0.7,REPORTED
656712,road_hazard,"{""hazard"": true, ""kind"": ""unpaved""}",2026-08-15T06:02:43+00:00,0.7,REPORTED
616788,road_hazard,"{""hazard"": true, ""kind"": ""unpaved""}",2026-08-15T06:02:43+00:00,0.7,REPORTED
658356,road_hazard,"{""hazard"": true, ""kind"": ""unpaved""}",2026-08-15T06:02:43+00:00,0.7,REPORTED
607196,road_hazard,"{""hazard"": true, ""kind"": ""unpaved""}",2026-08-15T06:02:43+00:00,0.7,REPORTED
607203,road_hazard,"{""hazard"": true, ""kind"": ""unpaved""}",2026-08-15T06:02:43+00:00,0.7,REPORTED
607206,road_hazard,"{""hazard"": true, ""kind"": ""unpaved""}",2026-08-15T06:02:43+00:00,0.7,REPORTED
607838,road_hazard,"{""hazard"": true, ""kind"": ""unpaved""}",2026-08-15T06:02:43+00:00,0.7,REPORTED
607197,road_hazard,"{""hazard"": true, ""kind"": ""unpaved""}",2026-08-15T06:02:43+00:00,0.7,REPORTED
598945,road_hazard,"{""hazard"": true, ""kind"": ""unpaved""}",2026-08-15T06:02:43+00:00,0.7,REPORTED
599707,road_hazard,"{""hazard"": true, ""kind"": ""unpaved""}",2026-08-15T06:02:43+00:00,0.7,REPORTED
607576,road_hazard,"{""hazard"": true, ""kind"": ""unpaved""}",2026-08-15T06:02:43+00:00,0.7,REPORTED
617401,road_hazard,"{""hazard"": true, ""kind"": ""unpaved""}",2026-08-15T06:02:43+00:00,0.7,REPORTED
617152,road_hazard,"{""hazard"": true, ""kind"": ""unpaved""}",2026-08-15T06:02:43+00:00,0.7,REPORTED
609075,road_hazard,"{""hazard"": true, ""kind"": ""unpaved""}",2026-08-15T06:02:43+00:00,0.7,REPORTED
606892,road_hazard,"{""hazard"": true, ""kind"": ""unpaved""}",2026-08-15T06:02:43+00:00,0.7,REPORTED
607333,road_hazard,"{""hazard"": true, ""kind"": ""unpaved""}",2026-08-15T06:02:43+00:00,0.7,REPORTED
607381,road_hazard,"{""hazard"": true, ""kind"": ""unpaved""}",2026-08-15T06:02:43+00:00,0.7,REPORTED
607387,road_hazard,"{""hazard"": true, ""kind"": ""unpaved""}",2026-08-15T06:02:43+00:00,0.7,REPORTED
609083,road_hazard,"{""hazard"": true, ""kind"": ""unpaved""}",2026-08-15T06:02:43+00:00,0.7,REPORTED
656323,road_hazard,"{""hazard"": true, ""kind"": ""unpaved""}",2026-08-15T06:02:43+00:00,0.7,REPORTED
616785,road_hazard,"{""hazard"": true, ""kind"": ""unpaved""}",2026-08-15T06:02:43+00:00,0.7,REPORTED
607830,road_hazard,"{""hazard"": true, ""kind"": ""unpaved""}",2026-08-15T06:02:43+00:00,0.7,REPORTED
607831,road_hazard,"{""hazard"": true, ""kind"": ""unpaved""}",2026-08-15T06:02:43+00:00,0.7,REPORTED
607829,road_hazard,"{""hazard"": true, ""kind"": ""unpaved""}",2026-08-15T06:02:43+00:00,0.7,REPORTED
607827,road_hazard,"{""hazard"": true, ""kind"": ""unpaved""}",2026-08-15T06:02:43+00:00,0.7,REPORTED
657275,road_hazard,"{""hazard"": true, ""kind"": ""unpaved""}",2026-08-15T06:02:43+00:00,0.7,REPORTED
606982,road_hazard,"{""hazard"": true, ""kind"": ""unpaved""}",2026-08-15T06:02:43+00:00,0.7,REPORTED
599519,road_hazard,"{""hazard"": true, ""kind"": ""unpaved""}",2026-08-15T06:02:43+00:00,0.7,REPORTED
599852,road_hazard,"{""hazard"": true, ""kind"": ""unpaved""}",2026-08-15T06:02:43+00:00,0.7,REPORTED
599858,road_hazard,"{""hazard"": true, ""kind"": ""unpaved""}",2026-08-15T06:02:43+00:00,0.7,REPORTED
657214,road_hazard,"{""hazard"": true, ""kind"": ""unpaved""}",2026-08-15T06:02:43+00:00,0.7,REPORTED
607823,road_hazard,"{""hazard"": true, ""kind"": ""unpaved""}",2026-08-15T06:02:43+00:00,0.7,REPORTED
607824,road_hazard,"{""hazard"": true, ""kind"": ""unpaved""}",2026-08-15T06:02:43+00:00,0.7,REPORTED
607450,road_hazard,"{""hazard"": true, ""kind"": ""unpaved""}",2026-08-15T06:02:43+00:00,0.7,REPORTED
607449,road_hazard,"{""hazard"": true, ""kind"": ""unpaved""}",2026-08-15T06:02:43+00:00,0.7,REPORTED
607822,road_hazard,"{""hazard"": true, ""kind"": ""unpaved""}",2026-08-15T06:02:43+00:00,0.7,REPORTED
603852,road_hazard,"{""hazard"": true, ""kind"": ""unpaved""}",2026-08-15T06:02:43+00:00,0.7,REPORTED
609137,road_hazard,"{""hazard"": true, ""kind"": ""unpaved""}",2026-08-15T06:02:43+00:00,0.7,REPORTED
607839,road_hazard,"{""hazard"": true, ""kind"": ""unpaved""}",2026-08-15T06:02:43+00:00,0.7,REPORTED
607837,road_hazard,"{""hazard"": true, ""kind"": ""unpaved""}",2026-08-15T06:02:43+00:00,0.7,REPORTED
607834,road_hazard,"{""hazard"": true, ""kind"": ""unpaved""}",2026-08-15T06:02:43+00:00,0.7,REPORTED
609095,road_hazard,"{""hazard"": true, ""kind"": ""unpaved""}",2026-08-15T06:02:43+00:00,0.7,REPORTED
609045,road_hazard,"{""hazard"": true, ""kind"": ""unpaved""}",2026-08-15T06:02:43+00:00,0.7,REPORTED
609043,road_hazard,"{""hazard"": true, ""kind"": ""unpaved""}",2026-08-15T06:02:43+00:00,0.7,REPORTED
609456,road_hazard,"{""hazard"": true, ""kind"": ""unpaved""}",2026-08-15T06:02:43+00:00,0.7,REPORTED
609434,road_hazard,"{""hazard"": true, ""kind"": ""unpaved""}",2026-08-15T06:02:43+00:00,0.7,REPORTED
606880,road_hazard,"{""hazard"": true, ""kind"": ""unpaved""}",2026-08-15T06:02:43+00:00,0.7,REPORTED
598946,road_hazard,"{""hazard"": true, ""kind"": ""unpaved""}",2026-08-15T06:02:43+00:00,0.7,REPORTED
609496,road_hazard,"{""hazard"": true, ""kind"": ""unpaved""}",2026-08-15T06:02:43+00:00,0.7,REPORTED
381041,blocked_sidewalk,"{""blocked"": true}",2026-08-15T06:02:43+00:00,0.7,REPORTED
616956,road_hazard,"{""hazard"": true, ""kind"": ""unpaved""}",2026-08-15T06:02:43+00:00,0.7,REPORTED
616954,road_hazard,"{""hazard"": true, ""kind"": ""unpaved""}",2026-08-15T06:02:43+00:00,0.7,REPORTED
607850,road_hazard,"{""hazard"": true, ""kind"": ""unpaved""}",2026-08-15T06:02:43+00:00,0.7,REPORTED
609339,road_hazard,"{""hazard"": true, ""kind"": ""unpaved""}",2026-08-15T06:02:43+00:00,0.7,REPORTED
616808,road_hazard,"{""hazard"": true, ""kind"": ""unpaved""}",2026-08-15T06:02:43+00:00,0.7,REPORTED
607782,road_hazard,"{""hazard"": true, ""kind"": ""unpaved""}",2026-08-15T06:02:43+00:00,0.7,REPORTED
607854,road_hazard,"{""hazard"": true, ""kind"": ""unpaved""}",2026-08-15T06:02:43+00:00,0.7,REPORTED
607855,road_hazard,"{""hazard"": true, ""kind"": ""unpaved""}",2026-08-15T06:02:43+00:00,0.7,REPORTED
609240,road_hazard,"{""hazard"": true, ""kind"": ""unpaved""}",2026-08-15T06:02:43+00:00,0.7,REPORTED
531948,road_hazard,"{""hazard"": true, ""kind"": ""unpaved""}",2026-08-15T06:02:43+00:00,0.7,REPORTED
609267,road_hazard,"{""hazard"": true, ""kind"": ""unpaved""}",2026-08-15T06:02:43+00:00,0.7,REPORTED
599847,road_hazard,"{""hazard"": true, ""kind"": ""unpaved""}",2026-08-15T06:02:43+00:00,0.7,REPORTED
608182,road_hazard,"{""hazard"": true, ""kind"": ""unpaved""}",2026-08-15T06:02:43+00:00,0.7,REPORTED
616870,road_hazard,"{""hazard"": true, ""kind"": ""unpaved""}",2026-08-15T06:02:43+00:00,0.7,REPORTED
616817,road_hazard,"{""hazard"": true, ""kind"": ""unpaved""}",2026-08-15T06:02:43+00:00,0.7,REPORTED
616810,road_hazard,"{""hazard"": true, ""kind"": ""unpaved""}",2026-08-15T06:02:43+00:00,0.7,REPORTED
616849,road_hazard,"{""hazard"": true, ""kind"": ""unpaved""}",2026-08-15T06:02:43+00:00,0.7,REPORTED
609269,road_hazard,"{""hazard"": true, ""kind"": ""unpaved""}",2026-08-15T06:02:43+00:00,0.7,REPORTED
609125,road_hazard,"{""hazard"": true, ""kind"": ""unpaved""}",2026-08-15T06:02:43+00:00,0.7,REPORTED
599752,road_hazard,"{""hazard"": true, ""kind"": ""unpaved""}",2026-08-15T06:02:43+00:00,0.7,REPORTED
599754,road_hazard,"{""hazard"": true, ""kind"": ""unpaved""}",2026-08-15T06:02:43+00:00,0.7,REPORTED
599708,road_hazard,"{""hazard"": true, ""kind"": ""unpaved""}",2026-08-15T06:02:43+00:00,0.7,REPORTED
607999,road_hazard,"{""hazard"": true, ""kind"": ""unpaved""}",2026-08-15T06:02:43+00:00,0.7,REPORTED
599711,road_hazard,"{""hazard"": true, ""kind"": ""unpaved""}",2026-08-15T06:02:43+00:00,0.7,REPORTED
609260,road_hazard,"{""hazard"": true, ""kind"": ""unpaved""}",2026-08-15T06:02:43+00:00,0.7,REPORTED
609259,road_hazard,"{""hazard"": true, ""kind"": ""unpaved""}",2026-08-15T06:02:43+00:00,0.7,REPORTED
658341,road_hazard,"{""hazard"": true, ""kind"": ""unpaved""}",2026-08-15T06:02:43+00:00,0.7,REPORTED
609427,road_hazard,"{""hazard"": true, ""kind"": ""unpaved""}",2026-08-15T06:02:43+00:00,0.7,REPORTED
609425,road_hazard,"{""hazard"": true, ""kind"": ""unpaved""}",2026-08-15T06:02:43+00:00,0.7,REPORTED
609247,road_hazard,"{""hazard"": true, ""kind"": ""unpaved""}",2026-08-15T06:02:43+00:00,0.7,REPORTED
658733,road_hazard,"{""hazard"": true, ""kind"": ""unpaved""}",2026-08-15T06:02:43+00:00,0.7,REPORTED
599845,road_hazard,"{""hazard"": true, ""kind"": ""unpaved""}",2026-08-15T06:02:43+00:00,0.7,REPORTED
599719,road_hazard,"{""hazard"": true, ""kind"": ""unpaved""}",2026-08-15T06:02:43+00:00,0.7,REPORTED
658354,road_hazard,"{""hazard"": true, ""kind"": ""unpaved""}",2026-08-15T06:02:43+00:00,0.7,REPORTED
609241,road_hazard,"{""hazard"": true, ""kind"": ""unpaved""}",2026-08-15T06:02:43+00:00,0.7,REPORTED
609243,road_hazard,"{""hazard"": true, ""kind"": ""unpaved""}",2026-08-15T06:02:43+00:00,0.7,REPORTED
609242,road_hazard,"{""hazard"": true, ""kind"": ""unpaved""}",2026-08-15T06:02:43+00:00,0.7,REPORTED
599848,road_hazard,"{""hazard"": true, ""kind"": ""unpaved""}",2026-08-15T06:02:43+00:00,0.7,REPORTED
599706,road_hazard,"{""hazard"": true, ""kind"": ""unpaved""}",2026-08-15T06:02:43+00:00,0.7,REPORTED
599846,road_hazard,"{""hazard"": true, ""kind"": ""unpaved""}",2026-08-15T06:02:43+00:00,0.7,REPORTED
619267,road_hazard,"{""hazard"": true, ""kind"": ""unpaved""}",2026-08-15T06:02:43+00:00,0.7,REPORTED
657892,road_hazard,"{""hazard"": true, ""kind"": ""unpaved""}",2026-08-15T06:02:43+00:00,0.7,REPORTED
657951,road_hazard,"{""hazard"": true, ""kind"": ""unpaved""}",2026-08-15T06:02:43+00:00,0.7,REPORTED
607200,road_hazard,"{""hazard"": true, ""kind"": ""unpaved""}",2026-08-15T06:02:43+00:00,0.7,REPORTED
607198,road_hazard,"{""hazard"": true, ""kind"": ""unpaved""}",2026-08-15T06:02:43+00:00,0.7,REPORTED
607199,road_hazard,"{""hazard"": true, ""kind"": ""unpaved""}",2026-08-15T06:02:43+00:00,0.7,REPORTED
609467,road_hazard,"{""hazard"": true, ""kind"": ""unpaved""}",2026-08-15T06:02:43+00:00,0.7,REPORTED
609400,road_hazard,"{""hazard"": true, ""kind"": ""unpaved""}",2026-08-15T06:02:43+00:00,0.7,REPORTED
606921,road_hazard,"{""hazard"": true, ""kind"": ""unpaved""}",2026-08-15T06:02:43+00:00,0.7,REPORTED
656511,road_hazard,"{""hazard"": true, ""kind"": ""unpaved""}",2026-08-15T06:02:43+00:00,0.7,REPORTED
617111,road_hazard,"{""hazard"": true, ""kind"": ""unpaved""}",2026-08-15T06:02:43+00:00,0.7,REPORTED
609397,road_hazard,"{""hazard"": true, ""kind"": ""unpaved""}",2026-08-15T06:02:43+00:00,0.7,REPORTED
609398,road_hazard,"{""hazard"": true, ""kind"": ""unpaved""}",2026-08-15T06:02:43+00:00,0.7,REPORTED
599657,road_hazard,"{""hazard"": true, ""kind"": ""unpaved""}",2026-08-15T06:02:43+00:00,0.7,REPORTED
599655,road_hazard,"{""hazard"": true, ""kind"": ""unpaved""}",2026-08-15T06:02:43+00:00,0.7,REPORTED
656710,road_hazard,"{""hazard"": true, ""kind"": ""unpaved""}",2026-08-15T06:02:43+00:00,0.7,REPORTED
662839,road_hazard,"{""hazard"": true, ""kind"": ""unpaved""}",2026-08-15T06:02:43+00:00,0.7,REPORTED
658862,road_hazard,"{""hazard"": true, ""kind"": ""unpaved""}",2026-08-15T06:02:43+00:00,0.7,REPORTED
659457,road_hazard,"{""hazard"": true, ""kind"": ""unpaved""}",2026-08-15T06:02:43+00:00,0.7,REPORTED
658557,road_hazard,"{""hazard"": true, ""kind"": ""unpaved""}",2026-08-15T06:02:43+00:00,0.7,REPORTED
599661,road_hazard,"{""hazard"": true, ""kind"": ""unpaved""}",2026-08-15T06:02:43+00:00,0.7,REPORTED
620176,road_hazard,"{""hazard"": true, ""kind"": ""unpaved""}",2026-08-15T06:02:43+00:00,0.7,REPORTED
531751,road_hazard,"{""hazard"": true, ""kind"": ""unpaved""}",2026-08-15T06:02:43+00:00,0.7,REPORTED
618437,road_hazard,"{""hazard"": true, ""kind"": ""unpaved""}",2026-08-15T06:02:43+00:00,0.7,REPORTED
599170,road_hazard,"{""hazard"": true, ""kind"": ""unpaved""}",2026-08-15T06:02:43+00:00,0.7,REPORTED
605963,road_hazard,"{""hazard"": true, ""kind"": ""unpaved""}",2026-08-15T06:02:43+00:00,0.7,REPORTED
531753,road_hazard,"{""hazard"": true, ""kind"": ""unpaved""}",2026-08-15T06:02:43+00:00,0.7,REPORTED
656706,road_hazard,"{""hazard"": true, ""kind"": ""unpaved""}",2026-08-15T06:02:43+00:00,0.7,REPORTED
656783,road_hazard,"{""hazard"": true, ""kind"": ""unpaved""}",2026-08-15T06:02:43+00:00,0.7,REPORTED
656707,road_hazard,"{""hazard"": true, ""kind"": ""unpaved""}",2026-08-15T06:02:43+00:00,0.7,REPORTED
606163,road_hazard,"{""hazard"": true, ""kind"": ""unpaved""}",2026-08-15T06:02:43+00:00,0.7,REPORTED
531854,road_hazard,"{""hazard"": true, ""kind"": ""unpaved""}",2026-08-15T06:02:43+00:00,0.7,REPORTED
620296,road_hazard,"{""hazard"": true, ""kind"": ""unpaved""}",2026-08-15T06:02:43+00:00,0.7,REPORTED
670703,road_hazard,"{""hazard"": true, ""kind"": ""unpaved""}",2026-08-15T06:02:43+00:00,0.7,REPORTED
659416,road_hazard,"{""hazard"": true, ""kind"": ""unpaved""}",2026-08-15T06:02:43+00:00,0.7,REPORTED
659401,road_hazard,"{""hazard"": true, ""kind"": ""unpaved""}",2026-08-15T06:02:43+00:00,0.7,REPORTED
670707,road_hazard,"{""hazard"": true, ""kind"": ""unpaved""}",2026-08-15T06:02:43+00:00,0.7,REPORTED
418621,road_hazard,"{""hazard"": true, ""kind"": ""unpaved""}",2026-08-15T06:02:43+00:00,0.7,REPORTED
659431,road_hazard,"{""hazard"": true, ""kind"": ""unpaved""}",2026-08-15T06:02:43+00:00,0.7,REPORTED
658860,road_hazard,"{""hazard"": true, ""kind"": ""unpaved""}",2026-08-15T06:02:43+00:00,0.7,REPORTED
599724,road_hazard,"{""hazard"": true, ""kind"": ""unpaved""}",2026-08-15T06:02:43+00:00,0.7,REPORTED
599726,road_hazard,"{""hazard"": true, ""kind"": ""unpaved""}",2026-08-15T06:02:43+00:00,0.7,REPORTED
656677,road_hazard,"{""hazard"": true, ""kind"": ""unpaved""}",2026-08-15T06:02:43+00:00,0.7,REPORTED
620140,road_hazard,"{""hazard"": true, ""kind"": ""unpaved""}",2026-08-15T06:02:43+00:00,0.7,REPORTED
620042,road_hazard,"{""hazard"": true, ""kind"": ""unpaved""}",2026-08-15T06:02:43+00:00,0.7,REPORTED
620102,road_hazard,"{""hazard"": true, ""kind"": ""unpaved""}",2026-08-15T06:02:43+00:00,0.7,REPORTED
620101,road_hazard,"{""hazard"": true, ""kind"": ""unpaved""}",2026-08-15T06:02:43+00:00,0.7,REPORTED
599727,road_hazard,"{""hazard"": true, ""kind"": ""unpaved""}",2026-08-15T06:02:43+00:00,0.7,REPORTED
620097,road_hazard,"{""hazard"": true, ""kind"": ""unpaved""}",2026-08-15T06:02:43+00:00,0.7,REPORTED
609479,road_hazard,"{""hazard"": true, ""kind"": ""unpaved""}",2026-08-15T06:02:43+00:00,0.7,REPORTED
532402,road_hazard,"{""hazard"": true, ""kind"": ""unpaved""}",2026-08-15T06:02:43+00:00,0.7,REPORTED
609089,road_hazard,"{""hazard"": true, ""kind"": ""unpaved""}",2026-08-15T06:02:43+00:00,0.7,REPORTED
605960,road_hazard,"{""hazard"": true, ""kind"": ""unpaved""}",2026-08-15T06:02:43+00:00,0.7,REPORTED
663788,road_hazard,"{""hazard"": true, ""kind"": ""unpaved""}",2026-08-15T06:02:43+00:00,0.7,REPORTED
670805,road_hazard,"{""hazard"": true, ""kind"": ""unpaved""}",2026-08-15T06:02:43+00:00,0.7,REPORTED
670803,road_hazard,"{""hazard"": true, ""kind"": ""unpaved""}",2026-08-15T06:02:43+00:00,0.7,REPORTED
670801,road_hazard,"{""hazard"": true, ""kind"": ""unpaved""}",2026-08-15T06:02:43+00:00,0.7,REPORTED
670802,road_hazard,"{""hazard"": true, ""kind"": ""unpaved""}",2026-08-15T06:02:43+00:00,0.7,REPORTED
670713,road_hazard,"{""hazard"": true, ""kind"": ""unpaved""}",2026-08-15T06:02:43+00:00,0.7,REPORTED
670804,road_hazard,"{""hazard"": true, ""kind"": ""unpaved""}",2026-08-15T06:02:43+00:00,0.7,REPORTED
670637,road_hazard,"{""hazard"": true, ""kind"": ""unpaved""}",2026-08-15T06:02:43+00:00,0.7,REPORTED
608003,road_hazard,"{""hazard"": true, ""kind"": ""unpaved""}",2026-08-15T06:02:43+00:00,0.7,REPORTED
608049,road_hazard,"{""hazard"": true, ""kind"": ""unpaved""}",2026-08-15T06:02:43+00:00,0.7,REPORTED
608005,road_hazard,"{""hazard"": true, ""kind"": ""unpaved""}",2026-08-15T06:02:43+00:00,0.7,REPORTED
656781,road_hazard,"{""hazard"": true, ""kind"": ""unpaved""}",2026-08-15T06:02:43+00:00,0.7,REPORTED
656782,road_hazard,"{""hazard"": true, ""kind"": ""unpaved""}",2026-08-15T06:02:43+00:00,0.7,REPORTED
656779,road_hazard,"{""hazard"": true, ""kind"": ""unpaved""}",2026-08-15T06:02:43+00:00,0.7,REPORTED
656780,road_hazard,"{""hazard"": true, ""kind"": ""unpaved""}",2026-08-15T06:02:43+00:00,0.7,REPORTED
656772,road_hazard,"{""hazard"": true, ""kind"": ""unpaved""}",2026-08-15T06:02:43+00:00,0.7,REPORTED
656771,road_hazard,"{""hazard"": true, ""kind"": ""unpaved""}",2026-08-15T06:02:43+00:00,0.7,REPORTED
656718,road_hazard,"{""hazard"": true, ""kind"": ""unpaved""}",2026-08-15T06:02:43+00:00,0.7,REPORTED
656717,road_hazard,"{""hazard"": true, ""kind"": ""unpaved""}",2026-08-15T06:02:43+00:00,0.7,REPORTED
620170,road_hazard,"{""hazard"": true, ""kind"": ""unpaved""}",2026-08-15T06:02:43+00:00,0.7,REPORTED
531868,road_hazard,"{""hazard"": true, ""kind"": ""unpaved""}",2026-08-15T06:02:43+00:00,0.7,REPORTED
620168,road_hazard,"{""hazard"": true, ""kind"": ""unpaved""}",2026-08-15T06:02:43+00:00,0.7,REPORTED
657701,road_hazard,"{""hazard"": true, ""kind"": ""unpaved""}",2026-08-15T06:02:43+00:00,0.7,REPORTED
679143,road_hazard,"{""hazard"": true, ""kind"": ""unpaved""}",2026-08-15T06:02:43+00:00,0.7,REPORTED
658861,road_hazard,"{""hazard"": true, ""kind"": ""unpaved""}",2026-08-15T06:02:43+00:00,0.7,REPORTED
658863,road_hazard,"{""hazard"": true, ""kind"": ""unpaved""}",2026-08-15T06:02:43+00:00,0.7,REPORTED
658893,road_hazard,"{""hazard"": true, ""kind"": ""unpaved""}",2026-08-15T06:02:43+00:00,0.7,REPORTED
658892,road_hazard,"{""hazard"": true, ""kind"": ""unpaved""}",2026-08-15T06:02:43+00:00,0.7,REPORTED
533247,road_hazard,"{""hazard"": true, ""kind"": ""unpaved""}",2026-08-15T06:02:43+00:00,0.7,REPORTED
679161,road_hazard,"{""hazard"": true, ""kind"": ""unpaved""}",2026-08-15T06:02:43+00:00,0.7,REPORTED
679162,road_hazard,"{""hazard"": true, ""kind"": ""unpaved""}",2026-08-15T06:02:43+00:00,0.7,REPORTED
679115,road_hazard,"{""hazard"": true, ""kind"": ""unpaved""}",2026-08-15T06:02:43+00:00,0.7,REPORTED
608098,road_hazard,"{""hazard"": true, ""kind"": ""unpaved""}",2026-08-15T06:02:43+00:00,0.7,REPORTED
608099,road_hazard,"{""hazard"": true, ""kind"": ""unpaved""}",2026-08-15T06:02:43+00:00,0.7,REPORTED
608114,road_hazard,"{""hazard"": true, ""kind"": ""unpaved""}",2026-08-15T06:02:43+00:00,0.7,REPORTED
608113,road_hazard,"{""hazard"": true, ""kind"": ""unpaved""}",2026-08-15T06:02:43+00:00,0.7,REPORTED
679168,road_hazard,"{""hazard"": true, ""kind"": ""unpaved""}",2026-08-15T06:02:43+00:00,0.7,REPORTED
679164,road_hazard,"{""hazard"": true, ""kind"": ""unpaved""}",2026-08-15T06:02:43+00:00,0.7,REPORTED
679142,road_hazard,"{""hazard"": true, ""kind"": ""unpaved""}",2026-08-15T06:02:43+00:00,0.7,REPORTED
658854,road_hazard,"{""hazard"": true, ""kind"": ""unpaved""}",2026-08-15T06:02:43+00:00,0.7,REPORTED
662414,road_hazard,"{""hazard"": true, ""kind"": ""unpaved""}",2026-08-15T06:02:43+00:00,0.7,REPORTED
662402,road_hazard,"{""hazard"": true, ""kind"": ""unpaved""}",2026-08-15T06:02:43+00:00,0.7,REPORTED
662586,road_hazard,"{""hazard"": true, ""kind"": ""unpaved""}",2026-08-15T06:02:43+00:00,0.7,REPORTED
532024,road_hazard,"{""hazard"": true, ""kind"": ""unpaved""}",2026-08-15T06:02:43+00:00,0.7,REPORTED
682383,road_hazard,"{""hazard"": true, ""kind"": ""unpaved""}",2026-08-15T06:02:43+00:00,0.7,REPORTED
607456,road_hazard,"{""hazard"": true, ""kind"": ""unpaved""}",2026-08-15T06:02:43+00:00,0.7,REPORTED
663085,road_hazard,"{""hazard"": true, ""kind"": ""unpaved""}",2026-08-15T06:02:43+00:00,0.7,REPORTED
677806,road_hazard,"{""hazard"": true, ""kind"": ""unpaved""}",2026-08-15T06:02:43+00:00,0.7,REPORTED
658454,road_hazard,"{""hazard"": true, ""kind"": ""unpaved""}",2026-08-15T06:02:43+00:00,0.7,REPORTED
658451,road_hazard,"{""hazard"": true, ""kind"": ""unpaved""}",2026-08-15T06:02:43+00:00,0.7,REPORTED
607665,road_hazard,"{""hazard"": true, ""kind"": ""unpaved""}",2026-08-15T06:02:43+00:00,0.7,REPORTED
607819,road_hazard,"{""hazard"": true, ""kind"": ""unpaved""}",2026-08-15T06:02:43+00:00,0.7,REPORTED
607818,road_hazard,"{""hazard"": true, ""kind"": ""unpaved""}",2026-08-15T06:02:43+00:00,0.7,REPORTED
607817,road_hazard,"{""hazard"": true, ""kind"": ""unpaved""}",2026-08-15T06:02:43+00:00,0.7,REPORTED
607821,road_hazard,"{""hazard"": true, ""kind"": ""unpaved""}",2026-08-15T06:02:43+00:00,0.7,REPORTED
532029,road_hazard,"{""hazard"": true, ""kind"": ""unpaved""}",2026-08-15T06:02:43+00:00,0.7,REPORTED
681733,road_hazard,"{""hazard"": true, ""kind"": ""unpaved""}",2026-08-15T06:02:43+00:00,0.7,REPORTED
681719,road_hazard,"{""hazard"": true, ""kind"": ""unpaved""}",2026-08-15T06:02:43+00:00,0.7,REPORTED
670108,road_hazard,"{""hazard"": true, ""kind"": ""unpaved""}",2026-08-15T06:02:43+00:00,0.7,REPORTED
682593,road_hazard,"{""hazard"": true, ""kind"": ""unpaved""}",2026-08-15T06:02:43+00:00,0.7,REPORTED
658450,road_hazard,"{""hazard"": true, ""kind"": ""unpaved""}",2026-08-15T06:02:43+00:00,0.7,REPORTED
658449,road_hazard,"{""hazard"": true, ""kind"": ""unpaved""}",2026-08-15T06:02:43+00:00,0.7,REPORTED
682271,road_hazard,"{""hazard"": true, ""kind"": ""unpaved""}",2026-08-15T06:02:43+00:00,0.7,REPORTED
682270,road_hazard,"{""hazard"": true, ""kind"": ""unpaved""}",2026-08-15T06:02:43+00:00,0.7,REPORTED
682272,road_hazard,"{""hazard"": true, ""kind"": ""unpaved""}",2026-08-15T06:02:43+00:00,0.7,REPORTED
617394,road_hazard,"{""hazard"": true, ""kind"": ""unpaved""}",2026-08-15T06:02:43+00:00,0.7,REPORTED
681697,road_hazard,"{""hazard"": true, ""kind"": ""unpaved""}",2026-08-15T06:02:43+00:00,0.7,REPORTED
678518,road_hazard,"{""hazard"": true, ""kind"": ""unpaved""}",2026-08-15T06:02:43+00:00,0.7,REPORTED
678437,road_hazard,"{""hazard"": true, ""kind"": ""unpaved""}",2026-08-15T06:02:43+00:00,0.7,REPORTED
679137,road_hazard,"{""hazard"": true, ""kind"": ""unpaved""}",2026-08-15T06:02:43+00:00,0.7,REPORTED
663789,road_hazard,"{""hazard"": true, ""kind"": ""unpaved""}",2026-08-15T06:02:43+00:00,0.7,REPORTED
609236,road_hazard,"{""hazard"": true, ""kind"": ""unpaved""}",2026-08-15T06:02:43+00:00,0.7,REPORTED
609165,road_hazard,"{""hazard"": true, ""kind"": ""unpaved""}",2026-08-15T06:02:43+00:00,0.7,REPORTED
682255,road_hazard,"{""hazard"": true, ""kind"": ""unpaved""}",2026-08-15T06:02:43+00:00,0.7,REPORTED
617227,road_hazard,"{""hazard"": true, ""kind"": ""unpaved""}",2026-08-15T06:02:43+00:00,0.7,REPORTED
617228,road_hazard,"{""hazard"": true, ""kind"": ""unpaved""}",2026-08-15T06:02:43+00:00,0.7,REPORTED
617226,road_hazard,"{""hazard"": true, ""kind"": ""unpaved""}",2026-08-15T06:02:43+00:00,0.7,REPORTED
617233,road_hazard,"{""hazard"": true, ""kind"": ""unpaved""}",2026-08-15T06:02:43+00:00,0.7,REPORTED
682370,road_hazard,"{""hazard"": true, ""kind"": ""unpaved""}",2026-08-15T06:02:43+00:00,0.7,REPORTED
369867,road_hazard,"{""hazard"": true, ""kind"": ""unpaved""}",2026-08-15T06:02:43+00:00,0.7,REPORTED
368983,road_hazard,"{""hazard"": true, ""kind"": ""unpaved""}",2026-08-15T06:02:43+00:00,0.7,REPORTED
679514,road_hazard,"{""hazard"": true, ""kind"": ""unpaved""}",2026-08-15T06:02:43+00:00,0.7,REPORTED
679250,road_hazard,"{""hazard"": true, ""kind"": ""unpaved""}",2026-08-15T06:02:43+00:00,0.7,REPORTED
682742,road_hazard,"{""hazard"": true, ""kind"": ""unpaved""}",2026-08-15T06:02:43+00:00,0.7,REPORTED
682841,road_hazard,"{""hazard"": true, ""kind"": ""unpaved""}",2026-08-15T06:02:43+00:00,0.7,REPORTED
682844,road_hazard,"{""hazard"": true, ""kind"": ""unpaved""}",2026-08-15T06:02:43+00:00,0.7,REPORTED
657887,road_hazard,"{""hazard"": true, ""kind"": ""unpaved""}",2026-08-15T06:02:43+00:00,0.7,REPORTED
657885,road_hazard,"{""hazard"": true, ""kind"": ""unpaved""}",2026-08-15T06:02:43+00:00,0.7,REPORTED
657829,road_hazard,"{""hazard"": true, ""kind"": ""unpaved""}",2026-08-15T06:02:43+00:00,0.7,REPORTED
682695,road_hazard,"{""hazard"": true, ""kind"": ""unpaved""}",2026-08-15T06:02:43+00:00,0.7,REPORTED
683169,road_hazard,"{""hazard"": true, ""kind"": ""unpaved""}",2026-08-15T06:02:43+00:00,0.7,REPORTED
682760,road_hazard,"{""hazard"": true, ""kind"": ""unpaved""}",2026-08-15T06:02:43+00:00,0.7,REPORTED
682759,road_hazard,"{""hazard"": true, ""kind"": ""unpaved""}",2026-08-15T06:02:43+00:00,0.7,REPORTED
681895,road_hazard,"{""hazard"": true, ""kind"": ""unpaved""}",2026-08-15T06:02:43+00:00,0.7,REPORTED
681927,road_hazard,"{""hazard"": true, ""kind"": ""unpaved""}",2026-08-15T06:02:43+00:00,0.7,REPORTED
682757,road_hazard,"{""hazard"": true, ""kind"": ""unpaved""}",2026-08-15T06:02:43+00:00,0.7,REPORTED
607548,road_hazard,"{""hazard"": true, ""kind"": ""unpaved""}",2026-08-15T06:02:43+00:00,0.7,REPORTED
607371,road_hazard,"{""hazard"": true, ""kind"": ""unpaved""}",2026-08-15T06:02:43+00:00,0.7,REPORTED
681921,road_hazard,"{""hazard"": true, ""kind"": ""unpaved""}",2026-08-15T06:02:43+00:00,0.7,REPORTED
681926,road_hazard,"{""hazard"": true, ""kind"": ""unpaved""}",2026-08-15T06:02:43+00:00,0.7,REPORTED
369007,road_hazard,"{""hazard"": true, ""kind"": ""unpaved""}",2026-08-15T06:02:43+00:00,0.7,REPORTED
681447,road_hazard,"{""hazard"": true, ""kind"": ""unpaved""}",2026-08-15T06:02:43+00:00,0.7,REPORTED
657666,road_hazard,"{""hazard"": true, ""kind"": ""unpaved""}",2026-08-15T06:02:43+00:00,0.7,REPORTED
369847,road_hazard,"{""hazard"": true, ""kind"": ""unpaved""}",2026-08-15T06:02:43+00:00,0.7,REPORTED
681691,road_hazard,"{""hazard"": true, ""kind"": ""unpaved""}",2026-08-15T06:02:43+00:00,0.7,REPORTED
369012,road_hazard,"{""hazard"": true, ""kind"": ""unpaved""}",2026-08-15T06:02:43+00:00,0.7,REPORTED
681468,road_hazard,"{""hazard"": true, ""kind"": ""unpaved""}",2026-08-15T06:02:43+00:00,0.7,REPORTED
369009,road_hazard,"{""hazard"": true, ""kind"": ""unpaved""}",2026-08-15T06:02:43+00:00,0.7,REPORTED
658736,road_hazard,"{""hazard"": true, ""kind"": ""unpaved""}",2026-08-15T06:02:43+00:00,0.7,REPORTED
670276,road_hazard,"{""hazard"": true, ""kind"": ""unpaved""}",2026-08-15T06:02:43+00:00,0.7,REPORTED
680195,road_hazard,"{""hazard"": true, ""kind"": ""unpaved""}",2026-08-15T06:02:43+00:00,0.7,REPORTED
681465,road_hazard,"{""hazard"": true, ""kind"": ""unpaved""}",2026-08-15T06:02:43+00:00,0.7,REPORTED
681462,road_hazard,"{""hazard"": true, ""kind"": ""unpaved""}",2026-08-15T06:02:43+00:00,0.7,REPORTED
681464,road_hazard,"{""hazard"": true, ""kind"": ""unpaved""}",2026-08-15T06:02:43+00:00,0.7,REPORTED
678439,road_hazard,"{""hazard"": true, ""kind"": ""unpaved""}",2026-08-15T06:02:43+00:00,0.7,REPORTED
678517,road_hazard,"{""hazard"": true, ""kind"": ""unpaved""}",2026-08-15T06:02:43+00:00,0.7,REPORTED
678515,road_hazard,"{""hazard"": true, ""kind"": ""unpaved""}",2026-08-15T06:02:43+00:00,0.7,REPORTED
678445,road_hazard,"{""hazard"": true, ""kind"": ""unpaved""}",2026-08-15T06:02:43+00:00,0.7,REPORTED
678446,road_hazard,"{""hazard"": true, ""kind"": ""unpaved""}",2026-08-15T06:02:43+00:00,0.7,REPORTED
678448,road_hazard,"{""hazard"": true, ""kind"": ""unpaved""}",2026-08-15T06:02:43+00:00,0.7,REPORTED
683298,road_hazard,"{""hazard"": true, ""kind"": ""unpaved""}",2026-08-15T06:02:43+00:00,0.7,REPORTED
658000,road_hazard,"{""hazard"": true, ""kind"": ""unpaved""}",2026-08-15T06:02:43+00:00,0.7,REPORTED
683284,road_hazard,"{""hazard"": true, ""kind"": ""unpaved""}",2026-08-15T06:02:43+00:00,0.7,REPORTED
607374,road_hazard,"{""hazard"": true, ""kind"": ""unpaved""}",2026-08-15T06:02:43+00:00,0.7,REPORTED
684418,road_hazard,"{""hazard"": true, ""kind"": ""unpaved""}",2026-08-15T06:02:43+00:00,0.7,REPORTED
607379,road_hazard,"{""hazard"": true, ""kind"": ""unpaved""}",2026-08-15T06:02:43+00:00,0.7,REPORTED
606881,road_hazard,"{""hazard"": true, ""kind"": ""unpaved""}",2026-08-15T06:02:43+00:00,0.7,REPORTED
682318,road_hazard,"{""hazard"": true, ""kind"": ""unpaved""}",2026-08-15T06:02:43+00:00,0.7,REPORTED
686075,road_hazard,"{""hazard"": true, ""kind"": ""unpaved""}",2026-08-15T06:02:43+00:00,0.7,REPORTED
684417,road_hazard,"{""hazard"": true, ""kind"": ""unpaved""}",2026-08-15T06:02:43+00:00,0.7,REPORTED
681766,road_hazard,"{""hazard"": true, ""kind"": ""unpaved""}",2026-08-15T06:02:43+00:00,0.7,REPORTED
678397,road_hazard,"{""hazard"": true, ""kind"": ""unpaved""}",2026-08-15T06:02:43+00:00,0.7,REPORTED
678336,road_hazard,"{""hazard"": true, ""kind"": ""unpaved""}",2026-08-15T06:02:43+00:00,0.7,REPORTED
678335,road_hazard,"{""hazard"": true, ""kind"": ""unpaved""}",2026-08-15T06:02:43+00:00,0.7,REPORTED
681779,road_hazard,"{""hazard"": true, ""kind"": ""unpaved""}",2026-08-15T06:02:43+00:00,0.7,REPORTED
681743,road_hazard,"{""hazard"": true, ""kind"": ""unpaved""}",2026-08-15T06:02:43+00:00,0.7,REPORTED
681663,road_hazard,"{""hazard"": true, ""kind"": ""unpaved""}",2026-08-15T06:02:43+00:00,0.7,REPORTED
368999,road_hazard,"{""hazard"": true, ""kind"": ""unpaved""}",2026-08-15T06:02:43+00:00,0.7,REPORTED
682842,road_hazard,"{""hazard"": true, ""kind"": ""unpaved""}",2026-08-15T06:02:43+00:00,0.7,REPORTED
682840,road_hazard,"{""hazard"": true, ""kind"": ""unpaved""}",2026-08-15T06:02:43+00:00,0.7,REPORTED
682837,road_hazard,"{""hazard"": true, ""kind"": ""unpaved""}",2026-08-15T06:02:43+00:00,0.7,REPORTED
682877,road_hazard,"{""hazard"": true, ""kind"": ""unpaved""}",2026-08-15T06:02:43+00:00,0.7,REPORTED
682835,road_hazard,"{""hazard"": true, ""kind"": ""unpaved""}",2026-08-15T06:02:43+00:00,0.7,REPORTED
368998,road_hazard,"{""hazard"": true, ""kind"": ""unpaved""}",2026-08-15T06:02:43+00:00,0.7,REPORTED
598110,road_hazard,"{""hazard"": true, ""kind"": ""unpaved""}",2026-08-15T06:02:43+00:00,0.7,REPORTED
685964,road_hazard,"{""hazard"": true, ""kind"": ""unpaved""}",2026-08-15T06:02:43+00:00,0.7,REPORTED
619597,road_hazard,"{""hazard"": true, ""kind"": ""unpaved""}",2026-08-15T06:02:43+00:00,0.7,REPORTED
682838,road_hazard,"{""hazard"": true, ""kind"": ""unpaved""}",2026-08-15T06:02:43+00:00,0.7,REPORTED
682658,road_hazard,"{""hazard"": true, ""kind"": ""unpaved""}",2026-08-15T06:02:43+00:00,0.7,REPORTED
681298,road_hazard,"{""hazard"": true, ""kind"": ""unpaved""}",2026-08-15T06:02:43+00:00,0.7,REPORTED
681296,road_hazard,"{""hazard"": true, ""kind"": ""unpaved""}",2026-08-15T06:02:43+00:00,0.7,REPORTED
684816,road_hazard,"{""hazard"": true, ""kind"": ""unpaved""}",2026-08-15T06:02:43+00:00,0.7,REPORTED
684783,road_hazard,"{""hazard"": true, ""kind"": ""unpaved""}",2026-08-15T06:02:43+00:00,0.7,REPORTED
558378,road_hazard,"{""hazard"": true, ""kind"": ""unpaved""}",2026-08-15T06:02:43+00:00,0.7,REPORTED
683181,road_hazard,"{""hazard"": true, ""kind"": ""unpaved""}",2026-08-15T06:02:43+00:00,0.7,REPORTED
683184,road_hazard,"{""hazard"": true, ""kind"": ""unpaved""}",2026-08-15T06:02:43+00:00,0.7,REPORTED
368663,road_hazard,"{""hazard"": true, ""kind"": ""unpaved""}",2026-08-15T06:02:43+00:00,0.7,REPORTED
619620,road_hazard,"{""hazard"": true, ""kind"": ""unpaved""}",2026-08-15T06:02:43+00:00,0.7,REPORTED
683178,road_hazard,"{""hazard"": true, ""kind"": ""unpaved""}",2026-08-15T06:02:43+00:00,0.7,REPORTED
368826,road_hazard,"{""hazard"": true, ""kind"": ""unpaved""}",2026-08-15T06:02:43+00:00,0.7,REPORTED
368707,road_hazard,"{""hazard"": true, ""kind"": ""unpaved""}",2026-08-15T06:02:43+00:00,0.7,REPORTED
683179,road_hazard,"{""hazard"": true, ""kind"": ""unpaved""}",2026-08-15T06:02:43+00:00,0.7,REPORTED
683180,road_hazard,"{""hazard"": true, ""kind"": ""unpaved""}",2026-08-15T06:02:43+00:00,0.7,REPORTED
683177,road_hazard,"{""hazard"": true, ""kind"": ""unpaved""}",2026-08-15T06:02:43+00:00,0.7,REPORTED
683150,road_hazard,"{""hazard"": true, ""kind"": ""unpaved""}",2026-08-15T06:02:43+00:00,0.7,REPORTED
558306,road_hazard,"{""hazard"": true, ""kind"": ""unpaved""}",2026-08-15T06:02:43+00:00,0.7,REPORTED
686047,road_hazard,"{""hazard"": true, ""kind"": ""unpaved""}",2026-08-15T06:02:43+00:00,0.7,REPORTED
682135,road_hazard,"{""hazard"": true, ""kind"": ""unpaved""}",2026-08-15T06:02:43+00:00,0.7,REPORTED
682137,road_hazard,"{""hazard"": true, ""kind"": ""unpaved""}",2026-08-15T06:02:43+00:00,0.7,REPORTED
682138,road_hazard,"{""hazard"": true, ""kind"": ""unpaved""}",2026-08-15T06:02:43+00:00,0.7,REPORTED
368825,road_hazard,"{""hazard"": true, ""kind"": ""unpaved""}",2026-08-15T06:02:43+00:00,0.7,REPORTED
684403,road_hazard,"{""hazard"": true, ""kind"": ""unpaved""}",2026-08-15T06:02:43+00:00,0.7,REPORTED
682134,road_hazard,"{""hazard"": true, ""kind"": ""unpaved""}",2026-08-15T06:02:43+00:00,0.7,REPORTED
682149,road_hazard,"{""hazard"": true, ""kind"": ""unpaved""}",2026-08-15T06:02:43+00:00,0.7,REPORTED
682132,road_hazard,"{""hazard"": true, ""kind"": ""unpaved""}",2026-08-15T06:02:43+00:00,0.7,REPORTED
682133,road_hazard,"{""hazard"": true, ""kind"": ""unpaved""}",2026-08-15T06:02:43+00:00,0.7,REPORTED
365053,road_hazard,"{""hazard"": true, ""kind"": ""unpaved""}",2026-08-15T06:02:43+00:00,0.7,REPORTED
684817,road_hazard,"{""hazard"": true, ""kind"": ""unpaved""}",2026-08-15T06:02:43+00:00,0.7,REPORTED
682178,road_hazard,"{""hazard"": true, ""kind"": ""unpaved""}",2026-08-15T06:02:43+00:00,0.7,REPORTED
684425,road_hazard,"{""hazard"": true, ""kind"": ""unpaved""}",2026-08-15T06:02:43+00:00,0.7,REPORTED
681297,road_hazard,"{""hazard"": true, ""kind"": ""unpaved""}",2026-08-15T06:02:43+00:00,0.7,REPORTED
684290,road_hazard,"{""hazard"": true, ""kind"": ""unpaved""}",2026-08-15T06:02:43+00:00,0.7,REPORTED
683295,road_hazard,"{""hazard"": true, ""kind"": ""unpaved""}",2026-08-15T06:02:43+00:00,0.7,REPORTED
683296,road_hazard,"{""hazard"": true, ""kind"": ""unpaved""}",2026-08-15T06:02:43+00:00,0.7,REPORTED
683302,road_hazard,"{""hazard"": true, ""kind"": ""unpaved""}",2026-08-15T06:02:43+00:00,0.7,REPORTED
683303,road_hazard,"{""hazard"": true, ""kind"": ""unpaved""}",2026-08-15T06:02:43+00:00,0.7,REPORTED
685952,road_hazard,"{""hazard"": true, ""kind"": ""unpaved""}",2026-08-15T06:02:43+00:00,0.7,REPORTED
684546,road_hazard,"{""hazard"": true, ""kind"": ""unpaved""}",2026-08-15T06:02:43+00:00,0.7,REPORTED
684629,road_hazard,"{""hazard"": true, ""kind"": ""unpaved""}",2026-08-15T06:02:43+00:00,0.7,REPORTED
684726,road_hazard,"{""hazard"": true, ""kind"": ""unpaved""}",2026-08-15T06:02:43+00:00,0.7,REPORTED
682265,road_hazard,"{""hazard"": true, ""kind"": ""unpaved""}",2026-08-15T06:02:43+00:00,0.7,REPORTED
685968,road_hazard,"{""hazard"": true, ""kind"": ""unpaved""}",2026-08-15T06:02:43+00:00,0.7,REPORTED
684420,road_hazard,"{""hazard"": true, ""kind"": ""unpaved""}",2026-08-15T06:02:43+00:00,0.7,REPORTED
682060,road_hazard,"{""hazard"": true, ""kind"": ""unpaved""}",2026-08-15T06:02:43+00:00,0.7,REPORTED
683294,road_hazard,"{""hazard"": true, ""kind"": ""unpaved""}",2026-08-15T06:02:43+00:00,0.7,REPORTED
683293,road_hazard,"{""hazard"": true, ""kind"": ""unpaved""}",2026-08-15T06:02:43+00:00,0.7,REPORTED
684419,road_hazard,"{""hazard"": true, ""kind"": ""unpaved""}",2026-08-15T06:02:43+00:00,0.7,REPORTED
684416,road_hazard,"{""hazard"": true, ""kind"": ""unpaved""}",2026-08-15T06:02:43+00:00,0.7,REPORTED
684534,road_hazard,"{""hazard"": true, ""kind"": ""unpaved""}",2026-08-15T06:02:43+00:00,0.7,REPORTED
684730,road_hazard,"{""hazard"": true, ""kind"": ""unpaved""}",2026-08-15T06:02:43+00:00,0.7,REPORTED
684423,road_hazard,"{""hazard"": true, ""kind"": ""unpaved""}",2026-08-15T06:02:43+00:00,0.7,REPORTED
684424,road_hazard,"{""hazard"": true, ""kind"": ""unpaved""}",2026-08-15T06:02:43+00:00,0.7,REPORTED
664540,road_hazard,"{""hazard"": true, ""kind"": ""unpaved""}",2026-08-15T06:02:43+00:00,0.7,REPORTED
659063,road_hazard,"{""hazard"": true, ""kind"": ""unpaved""}",2026-08-15T06:02:43+00:00,0.7,REPORTED
681868,road_hazard,"{""hazard"": true, ""kind"": ""unpaved""}",2026-08-15T06:02:43+00:00,0.7,REPORTED
681790,road_hazard,"{""hazard"": true, ""kind"": ""unpaved""}",2026-08-15T06:02:43+00:00,0.7,REPORTED
681783,road_hazard,"{""hazard"": true, ""kind"": ""unpaved""}",2026-08-15T06:02:43+00:00,0.7,REPORTED
681784,road_hazard,"{""hazard"": true, ""kind"": ""unpaved""}",2026-08-15T06:02:43+00:00,0.7,REPORTED
683632,road_hazard,"{""hazard"": true, ""kind"": ""unpaved""}",2026-08-15T06:02:43+00:00,0.7,REPORTED
682259,road_hazard,"{""hazard"": true, ""kind"": ""unpaved""}",2026-08-15T06:02:43+00:00,0.7,REPORTED
683861,road_hazard,"{""hazard"": true, ""kind"": ""unpaved""}",2026-08-15T06:02:43+00:00,0.7,REPORTED
599242,road_hazard,"{""hazard"": true, ""kind"": ""unpaved""}",2026-08-15T06:02:43+00:00,0.7,REPORTED
599045,road_hazard,"{""hazard"": true, ""kind"": ""unpaved""}",2026-08-15T06:02:43+00:00,0.7,REPORTED
609455,road_hazard,"{""hazard"": true, ""kind"": ""unpaved""}",2026-08-15T06:02:43+00:00,0.7,REPORTED
599151,road_hazard,"{""hazard"": true, ""kind"": ""unpaved""}",2026-08-15T06:02:43+00:00,0.7,REPORTED
599122,road_hazard,"{""hazard"": true, ""kind"": ""unpaved""}",2026-08-15T06:02:43+00:00,0.7,REPORTED
685973,road_hazard,"{""hazard"": true, ""kind"": ""unpaved""}",2026-08-15T06:02:43+00:00,0.7,REPORTED
682774,road_hazard,"{""hazard"": true, ""kind"": ""unpaved""}",2026-08-15T06:02:43+00:00,0.7,REPORTED
683900,road_hazard,"{""hazard"": true, ""kind"": ""unpaved""}",2026-08-15T06:02:43+00:00,0.7,REPORTED
683891,road_hazard,"{""hazard"": true, ""kind"": ""unpaved""}",2026-08-15T06:02:43+00:00,0.7,REPORTED
682773,road_hazard,"{""hazard"": true, ""kind"": ""unpaved""}",2026-08-15T06:02:43+00:00,0.7,REPORTED
685972,road_hazard,"{""hazard"": true, ""kind"": ""unpaved""}",2026-08-15T06:02:43+00:00,0.7,REPORTED
682690,road_hazard,"{""hazard"": true, ""kind"": ""unpaved""}",2026-08-15T06:02:43+00:00,0.7,REPORTED
681904,road_hazard,"{""hazard"": true, ""kind"": ""unpaved""}",2026-08-15T06:02:43+00:00,0.7,REPORTED
681894,road_hazard,"{""hazard"": true, ""kind"": ""unpaved""}",2026-08-15T06:02:43+00:00,0.7,REPORTED
686054,road_hazard,"{""hazard"": true, ""kind"": ""unpaved""}",2026-08-15T06:02:43+00:00,0.7,REPORTED
683860,road_hazard,"{""hazard"": true, ""kind"": ""unpaved""}",2026-08-15T06:02:43+00:00,0.7,REPORTED
681887,road_hazard,"{""hazard"": true, ""kind"": ""unpaved""}",2026-08-15T06:02:43+00:00,0.7,REPORTED
681903,road_hazard,"{""hazard"": true, ""kind"": ""unpaved""}",2026-08-15T06:02:43+00:00,0.7,REPORTED
678549,road_hazard,"{""hazard"": true, ""kind"": ""unpaved""}",2026-08-15T06:02:43+00:00,0.7,REPORTED
678548,road_hazard,"{""hazard"": true, ""kind"": ""unpaved""}",2026-08-15T06:02:43+00:00,0.7,REPORTED
678560,road_hazard,"{""hazard"": true, ""kind"": ""unpaved""}",2026-08-15T06:02:43+00:00,0.7,REPORTED
681873,road_hazard,"{""hazard"": true, ""kind"": ""unpaved""}",2026-08-15T06:02:43+00:00,0.7,REPORTED
683109,road_hazard,"{""hazard"": true, ""kind"": ""unpaved""}",2026-08-15T06:02:43+00:00,0.7,REPORTED
683022,road_hazard,"{""hazard"": true, ""kind"": ""unpaved""}",2026-08-15T06:02:43+00:00,0.7,REPORTED
683021,road_hazard,"{""hazard"": true, ""kind"": ""unpaved""}",2026-08-15T06:02:43+00:00,0.7,REPORTED
682071,road_hazard,"{""hazard"": true, ""kind"": ""unpaved""}",2026-08-15T06:02:43+00:00,0.7,REPORTED
683834,road_hazard,"{""hazard"": true, ""kind"": ""unpaved""}",2026-08-15T06:02:43+00:00,0.7,REPORTED
684242,road_hazard,"{""hazard"": true, ""kind"": ""unpaved""}",2026-08-15T06:02:43+00:00,0.7,REPORTED
684741,road_hazard,"{""hazard"": true, ""kind"": ""unpaved""}",2026-08-15T06:02:43+00:00,0.7,REPORTED
684465,road_hazard,"{""hazard"": true, ""kind"": ""unpaved""}",2026-08-15T06:02:43+00:00,0.7,REPORTED
684461,road_hazard,"{""hazard"": true, ""kind"": ""unpaved""}",2026-08-15T06:02:43+00:00,0.7,REPORTED
684456,road_hazard,"{""hazard"": true, ""kind"": ""unpaved""}",2026-08-15T06:02:43+00:00,0.7,REPORTED
684530,road_hazard,"{""hazard"": true, ""kind"": ""unpaved""}",2026-08-15T06:02:43+00:00,0.7,REPORTED
684177,road_hazard,"{""hazard"": true, ""kind"": ""unpaved""}",2026-08-15T06:02:43+00:00,0.7,REPORTED
684782,road_hazard,"{""hazard"": true, ""kind"": ""unpaved""}",2026-08-15T06:02:43+00:00,0.7,REPORTED
684781,road_hazard,"{""hazard"": true, ""kind"": ""unpaved""}",2026-08-15T06:02:43+00:00,0.7,REPORTED
659060,road_hazard,"{""hazard"": true, ""kind"": ""unpaved""}",2026-08-15T06:02:43+00:00,0.7,REPORTED
659051,road_hazard,"{""hazard"": true, ""kind"": ""unpaved""}",2026-08-15T06:02:43+00:00,0.7,REPORTED
659050,road_hazard,"{""hazard"": true, ""kind"": ""unpaved""}",2026-08-15T06:02:43+00:00,0.7,REPORTED
683862,road_hazard,"{""hazard"": true, ""kind"": ""unpaved""}",2026-08-15T06:02:43+00:00,0.7,REPORTED
683893,road_hazard,"{""hazard"": true, ""kind"": ""unpaved""}",2026-08-15T06:02:43+00:00,0.7,REPORTED
684529,road_hazard,"{""hazard"": true, ""kind"": ""unpaved""}",2026-08-15T06:02:43+00:00,0.7,REPORTED
684501,road_hazard,"{""hazard"": true, ""kind"": ""unpaved""}",2026-08-15T06:02:43+00:00,0.7,REPORTED
684495,road_hazard,"{""hazard"": true, ""kind"": ""unpaved""}",2026-08-15T06:02:43+00:00,0.7,REPORTED
684498,road_hazard,"{""hazard"": true, ""kind"": ""unpaved""}",2026-08-15T06:02:43+00:00,0.7,REPORTED
684496,road_hazard,"{""hazard"": true, ""kind"": ""unpaved""}",2026-08-15T06:02:43+00:00,0.7,REPORTED
682756,road_hazard,"{""hazard"": true, ""kind"": ""unpaved""}",2026-08-15T06:02:43+00:00,0.7,REPORTED
681604,road_hazard,"{""hazard"": true, ""kind"": ""unpaved""}",2026-08-15T06:02:43+00:00,0.7,REPORTED
681646,road_hazard,"{""hazard"": true, ""kind"": ""unpaved""}",2026-08-15T06:02:43+00:00,0.7,REPORTED
681601,road_hazard,"{""hazard"": true, ""kind"": ""unpaved""}",2026-08-15T06:02:43+00:00,0.7,REPORTED
681602,road_hazard,"{""hazard"": true, ""kind"": ""unpaved""}",2026-08-15T06:02:43+00:00,0.7,REPORTED
681603,road_hazard,"{""hazard"": true, ""kind"": ""unpaved""}",2026-08-15T06:02:43+00:00,0.7,REPORTED
681600,road_hazard,"{""hazard"": true, ""kind"": ""unpaved""}",2026-08-15T06:02:43+00:00,0.7,REPORTED
681597,road_hazard,"{""hazard"": true, ""kind"": ""unpaved""}",2026-08-15T06:02:43+00:00,0.7,REPORTED
681598,road_hazard,"{""hazard"": true, ""kind"": ""unpaved""}",2026-08-15T06:02:43+00:00,0.7,REPORTED
683183,road_hazard,"{""hazard"": true, ""kind"": ""unpaved""}",2026-08-15T06:02:43+00:00,0.7,REPORTED
683182,road_hazard,"{""hazard"": true, ""kind"": ""unpaved""}",2026-08-15T06:02:43+00:00,0.7,REPORTED
683212,road_hazard,"{""hazard"": true, ""kind"": ""unpaved""}",2026-08-15T06:02:43+00:00,0.7,REPORTED
683200,road_hazard,"{""hazard"": true, ""kind"": ""unpaved""}",2026-08-15T06:02:43+00:00,0.7,REPORTED
681605,road_hazard,"{""hazard"": true, ""kind"": ""unpaved""}",2026-08-15T06:02:43+00:00,0.7,REPORTED
684499,road_hazard,"{""hazard"": true, ""kind"": ""unpaved""}",2026-08-15T06:02:43+00:00,0.7,REPORTED
681599,road_hazard,"{""hazard"": true, ""kind"": ""unpaved""}",2026-08-15T06:02:43+00:00,0.7,REPORTED
664606,road_hazard,"{""hazard"": true, ""kind"": ""unpaved""}",2026-08-15T06:02:43+00:00,0.7,REPORTED
661974,road_hazard,"{""hazard"": true, ""kind"": ""unpaved""}",2026-08-15T06:02:43+00:00,0.7,REPORTED
664605,road_hazard,"{""hazard"": true, ""kind"": ""unpaved""}",2026-08-15T06:02:43+00:00,0.7,REPORTED
364178,road_hazard,"{""hazard"": true, ""kind"": ""unpaved""}",2026-08-15T06:02:43+00:00,0.7,REPORTED
365039,road_hazard,"{""hazard"": true, ""kind"": ""unpaved""}",2026-08-15T06:02:43+00:00,0.7,REPORTED
684543,road_hazard,"{""hazard"": true, ""kind"": ""unpaved""}",2026-08-15T06:02:43+00:00,0.7,REPORTED
684547,road_hazard,"{""hazard"": true, ""kind"": ""unpaved""}",2026-08-15T06:02:43+00:00,0.7,REPORTED
683757,road_hazard,"{""hazard"": true, ""kind"": ""unpaved""}",2026-08-15T06:02:43+00:00,0.7,REPORTED
683813,road_hazard,"{""hazard"": true, ""kind"": ""unpaved""}",2026-08-15T06:02:43+00:00,0.7,REPORTED
683827,road_hazard,"{""hazard"": true, ""kind"": ""unpaved""}",2026-08-15T06:02:43+00:00,0.7,REPORTED
683894,road_hazard,"{""hazard"": true, ""kind"": ""unpaved""}",2026-08-15T06:02:43+00:00,0.7,REPORTED
683903,road_hazard,"{""hazard"": true, ""kind"": ""unpaved""}",2026-08-15T06:02:43+00:00,0.7,REPORTED
683904,road_hazard,"{""hazard"": true, ""kind"": ""unpaved""}",2026-08-15T06:02:43+00:00,0.7,REPORTED
659385,road_hazard,"{""hazard"": true, ""kind"": ""unpaved""}",2026-08-15T06:02:43+00:00,0.7,REPORTED
659386,road_hazard,"{""hazard"": true, ""kind"": ""unpaved""}",2026-08-15T06:02:43+00:00,0.7,REPORTED
658895,road_hazard,"{""hazard"": true, ""kind"": ""unpaved""}",2026-08-15T06:02:43+00:00,0.7,REPORTED
683635,road_hazard,"{""hazard"": true, ""kind"": ""unpaved""}",2026-08-15T06:02:43+00:00,0.7,REPORTED
683634,road_hazard,"{""hazard"": true, ""kind"": ""unpaved""}",2026-08-15T06:02:43+00:00,0.7,REPORTED
659065,road_hazard,"{""hazard"": true, ""kind"": ""unpaved""}",2026-08-15T06:02:43+00:00,0.7,REPORTED
680885,road_hazard,"{""hazard"": true, ""kind"": ""unpaved""}",2026-08-15T06:02:43+00:00,0.7,REPORTED
358867,road_hazard,"{""hazard"": true, ""kind"": ""unpaved""}",2026-08-15T06:02:43+00:00,0.7,REPORTED
684780,road_hazard,"{""hazard"": true, ""kind"": ""unpaved""}",2026-08-15T06:02:43+00:00,0.7,REPORTED
684116,road_hazard,"{""hazard"": true, ""kind"": ""unpaved""}",2026-08-15T06:02:43+00:00,0.7,REPORTED
684056,road_hazard,"{""hazard"": true, ""kind"": ""unpaved""}",2026-08-15T06:02:43+00:00,0.7,REPORTED
359113,road_hazard,"{""hazard"": true, ""kind"": ""unpaved""}",2026-08-15T06:02:43+00:00,0.7,REPORTED
359112,road_hazard,"{""hazard"": true, ""kind"": ""unpaved""}",2026-08-15T06:02:43+00:00,0.7,REPORTED
359092,road_hazard,"{""hazard"": true, ""kind"": ""unpaved""}",2026-08-15T06:02:43+00:00,0.7,REPORTED
658894,road_hazard,"{""hazard"": true, ""kind"": ""unpaved""}",2026-08-15T06:02:43+00:00,0.7,REPORTED
680950,road_hazard,"{""hazard"": true, ""kind"": ""unpaved""}",2026-08-15T06:02:43+00:00,0.7,REPORTED
680889,road_hazard,"{""hazard"": true, ""kind"": ""unpaved""}",2026-08-15T06:02:43+00:00,0.7,REPORTED
680952,road_hazard,"{""hazard"": true, ""kind"": ""unpaved""}",2026-08-15T06:02:43+00:00,0.7,REPORTED
680951,road_hazard,"{""hazard"": true, ""kind"": ""unpaved""}",2026-08-15T06:02:43+00:00,0.7,REPORTED
503644,blocked_sidewalk,"{""blocked"": true}",2026-08-15T06:02:43+00:00,0.7,REPORTED
503659,blocked_sidewalk,"{""blocked"": true}",2026-08-15T06:02:43+00:00,0.7,REPORTED
665644,road_hazard,"{""hazard"": true, ""kind"": ""unpaved""}",2026-08-15T06:02:43+00:00,0.7,REPORTED
665146,road_hazard,"{""hazard"": true, ""kind"": ""unpaved""}",2026-08-15T06:02:43+00:00,0.7,REPORTED
665147,road_hazard,"{""hazard"": true, ""kind"": ""unpaved""}",2026-08-15T06:02:43+00:00,0.7,REPORTED
359076,road_hazard,"{""hazard"": true, ""kind"": ""unpaved""}",2026-08-15T06:02:43+00:00,0.7,REPORTED
684183,road_hazard,"{""hazard"": true, ""kind"": ""unpaved""}",2026-08-15T06:02:43+00:00,0.7,REPORTED
665331,road_hazard,"{""hazard"": true, ""kind"": ""unpaved""}",2026-08-15T06:02:43+00:00,0.7,REPORTED
681662,road_hazard,"{""hazard"": true, ""kind"": ""unpaved""}",2026-08-15T06:02:43+00:00,0.7,REPORTED
359045,road_hazard,"{""hazard"": true, ""kind"": ""unpaved""}",2026-08-15T06:02:43+00:00,0.7,REPORTED
684286,road_hazard,"{""hazard"": true, ""kind"": ""unpaved""}",2026-08-15T06:02:43+00:00,0.7,REPORTED
684269,road_hazard,"{""hazard"": true, ""kind"": ""unpaved""}",2026-08-15T06:02:43+00:00,0.7,REPORTED
684769,road_hazard,"{""hazard"": true, ""kind"": ""unpaved""}",2026-08-15T06:02:43+00:00,0.7,REPORTED
684117,road_hazard,"{""hazard"": true, ""kind"": ""unpaved""}",2026-08-15T06:02:43+00:00,0.7,REPORTED
684120,road_hazard,"{""hazard"": true, ""kind"": ""unpaved""}",2026-08-15T06:02:43+00:00,0.7,REPORTED
599664,road_hazard,"{""hazard"": true, ""kind"": ""unpaved""}",2026-08-15T06:02:43+00:00,0.7,REPORTED
681022,road_hazard,"{""hazard"": true, ""kind"": ""unpaved""}",2026-08-15T06:02:43+00:00,0.7,REPORTED
683971,road_hazard,"{""hazard"": true, ""kind"": ""unpaved""}",2026-08-15T06:02:43+00:00,0.7,REPORTED
599596,road_hazard,"{""hazard"": true, ""kind"": ""unpaved""}",2026-08-15T06:02:43+00:00,0.7,REPORTED
599563,road_hazard,"{""hazard"": true, ""kind"": ""unpaved""}",2026-08-15T06:02:43+00:00,0.7,REPORTED
681364,road_hazard,"{""hazard"": true, ""kind"": ""unpaved""}",2026-08-15T06:02:43+00:00,0.7,REPORTED
680868,road_hazard,"{""hazard"": true, ""kind"": ""unpaved""}",2026-08-15T06:02:43+00:00,0.7,REPORTED
669918,road_hazard,"{""hazard"": true, ""kind"": ""unpaved""}",2026-08-15T06:02:43+00:00,0.7,REPORTED
669919,road_hazard,"{""hazard"": true, ""kind"": ""unpaved""}",2026-08-15T06:02:43+00:00,0.7,REPORTED
663807,road_hazard,"{""hazard"": true, ""kind"": ""unpaved""}",2026-08-15T06:02:43+00:00,0.7,REPORTED
663810,road_hazard,"{""hazard"": true, ""kind"": ""unpaved""}",2026-08-15T06:02:43+00:00,0.7,REPORTED
663932,road_hazard,"{""hazard"": true, ""kind"": ""unpaved""}",2026-08-15T06:02:43+00:00,0.7,REPORTED
684809,road_hazard,"{""hazard"": true, ""kind"": ""unpaved""}",2026-08-15T06:02:43+00:00,0.7,REPORTED
681368,road_hazard,"{""hazard"": true, ""kind"": ""unpaved""}",2026-08-15T06:02:43+00:00,0.7,REPORTED
359010,road_hazard,"{""hazard"": true, ""kind"": ""unpaved""}",2026-08-15T06:02:43+00:00,0.7,REPORTED
359009,road_hazard,"{""hazard"": true, ""kind"": ""unpaved""}",2026-08-15T06:02:43+00:00,0.7,REPORTED
665654,road_hazard,"{""hazard"": true, ""kind"": ""unpaved""}",2026-08-15T06:02:43+00:00,0.7,REPORTED
665634,road_hazard,"{""hazard"": true, ""kind"": ""unpaved""}",2026-08-15T06:02:43+00:00,0.7,REPORTED
665657,road_hazard,"{""hazard"": true, ""kind"": ""unpaved""}",2026-08-15T06:02:43+00:00,0.7,REPORTED
665645,road_hazard,"{""hazard"": true, ""kind"": ""unpaved""}",2026-08-15T06:02:43+00:00,0.7,REPORTED
356780,road_hazard,"{""hazard"": true, ""kind"": ""unpaved""}",2026-08-15T06:02:43+00:00,0.7,REPORTED
599665,road_hazard,"{""hazard"": true, ""kind"": ""unpaved""}",2026-08-15T06:02:43+00:00,0.7,REPORTED
369886,road_hazard,"{""hazard"": true, ""kind"": ""unpaved""}",2026-08-15T06:02:43+00:00,0.7,REPORTED
369887,road_hazard,"{""hazard"": true, ""kind"": ""unpaved""}",2026-08-15T06:02:43+00:00,0.7,REPORTED
684774,road_hazard,"{""hazard"": true, ""kind"": ""unpaved""}",2026-08-15T06:02:43+00:00,0.7,REPORTED
684768,road_hazard,"{""hazard"": true, ""kind"": ""unpaved""}",2026-08-15T06:02:43+00:00,0.7,REPORTED
684176,road_hazard,"{""hazard"": true, ""kind"": ""unpaved""}",2026-08-15T06:02:43+00:00,0.7,REPORTED
684184,road_hazard,"{""hazard"": true, ""kind"": ""unpaved""}",2026-08-15T06:02:43+00:00,0.7,REPORTED
364746,road_hazard,"{""hazard"": true, ""kind"": ""unpaved""}",2026-08-15T06:02:43+00:00,0.7,REPORTED
679144,road_hazard,"{""hazard"": true, ""kind"": ""unpaved""}",2026-08-15T06:02:43+00:00,0.7,REPORTED
665659,road_hazard,"{""hazard"": true, ""kind"": ""unpaved""}",2026-08-15T06:02:43+00:00,0.7,REPORTED
665742,road_hazard,"{""hazard"": true, ""kind"": ""unpaved""}",2026-08-15T06:02:43+00:00,0.7,REPORTED
684758,road_hazard,"{""hazard"": true, ""kind"": ""unpaved""}",2026-08-15T06:02:43+00:00,0.7,REPORTED
684757,road_hazard,"{""hazard"": true, ""kind"": ""unpaved""}",2026-08-15T06:02:43+00:00,0.7,REPORTED
680884,road_hazard,"{""hazard"": true, ""kind"": ""unpaved""}",2026-08-15T06:02:43+00:00,0.7,REPORTED
680883,road_hazard,"{""hazard"": true, ""kind"": ""unpaved""}",2026-08-15T06:02:43+00:00,0.7,REPORTED
680895,road_hazard,"{""hazard"": true, ""kind"": ""unpaved""}",2026-08-15T06:02:43+00:00,0.7,REPORTED
684756,road_hazard,"{""hazard"": true, ""kind"": ""unpaved""}",2026-08-15T06:02:43+00:00,0.7,REPORTED
356775,road_hazard,"{""hazard"": true, ""kind"": ""unpaved""}",2026-08-15T06:02:43+00:00,0.7,REPORTED
356776,road_hazard,"{""hazard"": true, ""kind"": ""unpaved""}",2026-08-15T06:02:43+00:00,0.7,REPORTED
359268,road_hazard,"{""hazard"": true, ""kind"": ""unpaved""}",2026-08-15T06:02:43+00:00,0.7,REPORTED
364538,road_hazard,"{""hazard"": true, ""kind"": ""unpaved""}",2026-08-15T06:02:43+00:00,0.7,REPORTED
359267,road_hazard,"{""hazard"": true, ""kind"": ""unpaved""}",2026-08-15T06:02:43+00:00,0.7,REPORTED
359266,road_hazard,"{""hazard"": true, ""kind"": ""unpaved""}",2026-08-15T06:02:43+00:00,0.7,REPORTED
683952,road_hazard,"{""hazard"": true, ""kind"": ""unpaved""}",2026-08-15T06:02:43+00:00,0.7,REPORTED
679686,road_hazard,"{""hazard"": true, ""kind"": ""unpaved""}",2026-08-15T06:02:43+00:00,0.7,REPORTED
358779,road_hazard,"{""hazard"": true, ""kind"": ""unpaved""}",2026-08-15T06:02:43+00:00,0.7,REPORTED
683905,road_hazard,"{""hazard"": true, ""kind"": ""unpaved""}",2026-08-15T06:02:43+00:00,0.7,REPORTED
679592,road_hazard,"{""hazard"": true, ""kind"": ""unpaved""}",2026-08-15T06:02:43+00:00,0.7,REPORTED
679591,road_hazard,"{""hazard"": true, ""kind"": ""unpaved""}",2026-08-15T06:02:43+00:00,0.7,REPORTED
359423,road_hazard,"{""hazard"": true, ""kind"": ""unpaved""}",2026-08-15T06:02:43+00:00,0.7,REPORTED
359424,road_hazard,"{""hazard"": true, ""kind"": ""unpaved""}",2026-08-15T06:02:43+00:00,0.7,REPORTED
359275,road_hazard,"{""hazard"": true, ""kind"": ""unpaved""}",2026-08-15T06:02:43+00:00,0.7,REPORTED
683895,road_hazard,"{""hazard"": true, ""kind"": ""unpaved""}",2026-08-15T06:02:43+00:00,0.7,REPORTED
683977,road_hazard,"{""hazard"": true, ""kind"": ""unpaved""}",2026-08-15T06:02:43+00:00,0.7,REPORTED
683975,road_hazard,"{""hazard"": true, ""kind"": ""unpaved""}",2026-08-15T06:02:43+00:00,0.7,REPORTED
359422,road_hazard,"{""hazard"": true, ""kind"": ""unpaved""}",2026-08-15T06:02:43+00:00,0.7,REPORTED
679593,road_hazard,"{""hazard"": true, ""kind"": ""unpaved""}",2026-08-15T06:02:43+00:00,0.7,REPORTED
356778,road_hazard,"{""hazard"": true, ""kind"": ""unpaved""}",2026-08-15T06:02:43+00:00,0.7,REPORTED
453143,road_hazard,"{""hazard"": true, ""kind"": ""unpaved""}",2026-08-15T06:02:43+00:00,0.7,REPORTED
683326,road_hazard,"{""hazard"": true, ""kind"": ""unpaved""}",2026-08-15T06:02:43+00:00,0.7,REPORTED
670903,road_hazard,"{""hazard"": true, ""kind"": ""unpaved""}",2026-08-15T06:02:43+00:00,0.7,REPORTED
679537,road_hazard,"{""hazard"": true, ""kind"": ""unpaved""}",2026-08-15T06:02:43+00:00,0.7,REPORTED
679539,road_hazard,"{""hazard"": true, ""kind"": ""unpaved""}",2026-08-15T06:02:43+00:00,0.7,REPORTED
684024,road_hazard,"{""hazard"": true, ""kind"": ""unpaved""}",2026-08-15T06:02:43+00:00,0.7,REPORTED
356881,road_hazard,"{""hazard"": true, ""kind"": ""unpaved""}",2026-08-15T06:02:43+00:00,0.7,REPORTED
365414,road_hazard,"{""hazard"": true, ""kind"": ""unpaved""}",2026-08-15T06:02:43+00:00,0.7,REPORTED
683567,road_hazard,"{""hazard"": true, ""kind"": ""unpaved""}",2026-08-15T06:02:43+00:00,0.7,REPORTED
368649,road_hazard,"{""hazard"": true, ""kind"": ""unpaved""}",2026-08-15T06:02:43+00:00,0.7,REPORTED
670925,road_hazard,"{""hazard"": true, ""kind"": ""unpaved""}",2026-08-15T06:02:43+00:00,0.7,REPORTED
670917,road_hazard,"{""hazard"": true, ""kind"": ""unpaved""}",2026-08-15T06:02:43+00:00,0.7,REPORTED
365122,road_hazard,"{""hazard"": true, ""kind"": ""unpaved""}",2026-08-15T06:02:43+00:00,0.7,REPORTED
365418,road_hazard,"{""hazard"": true, ""kind"": ""unpaved""}",2026-08-15T06:02:43+00:00,0.7,REPORTED
365420,road_hazard,"{""hazard"": true, ""kind"": ""unpaved""}",2026-08-15T06:02:43+00:00,0.7,REPORTED
365419,road_hazard,"{""hazard"": true, ""kind"": ""unpaved""}",2026-08-15T06:02:43+00:00,0.7,REPORTED
365423,road_hazard,"{""hazard"": true, ""kind"": ""unpaved""}",2026-08-15T06:02:43+00:00,0.7,REPORTED
678954,road_hazard,"{""hazard"": true, ""kind"": ""unpaved""}",2026-08-15T06:02:43+00:00,0.7,REPORTED
679511,road_hazard,"{""hazard"": true, ""kind"": ""unpaved""}",2026-08-15T06:02:43+00:00,0.7,REPORTED
679594,road_hazard,"{""hazard"": true, ""kind"": ""unpaved""}",2026-08-15T06:02:43+00:00,0.7,REPORTED
679521,road_hazard,"{""hazard"": true, ""kind"": ""unpaved""}",2026-08-15T06:02:43+00:00,0.7,REPORTED
679522,road_hazard,"{""hazard"": true, ""kind"": ""unpaved""}",2026-08-15T06:02:43+00:00,0.7,REPORTED
680450,road_hazard,"{""hazard"": true, ""kind"": ""unpaved""}",2026-08-15T06:02:43+00:00,0.7,REPORTED
679550,road_hazard,"{""hazard"": true, ""kind"": ""unpaved""}",2026-08-15T06:02:43+00:00,0.7,REPORTED
679544,road_hazard,"{""hazard"": true, ""kind"": ""unpaved""}",2026-08-15T06:02:43+00:00,0.7,REPORTED
679543,road_hazard,"{""hazard"": true, ""kind"": ""unpaved""}",2026-08-15T06:02:43+00:00,0.7,REPORTED
679542,road_hazard,"{""hazard"": true, ""kind"": ""unpaved""}",2026-08-15T06:02:43+00:00,0.7,REPORTED
358984,road_hazard,"{""hazard"": true, ""kind"": ""unpaved""}",2026-08-15T06:02:43+00:00,0.7,REPORTED
358689,road_hazard,"{""hazard"": true, ""kind"": ""unpaved""}",2026-08-15T06:02:43+00:00,0.7,REPORTED
679547,road_hazard,"{""hazard"": true, ""kind"": ""unpaved""}",2026-08-15T06:02:43+00:00,0.7,REPORTED
359146,road_hazard,"{""hazard"": true, ""kind"": ""unpaved""}",2026-08-15T06:02:43+00:00,0.7,REPORTED
670902,road_hazard,"{""hazard"": true, ""kind"": ""unpaved""}",2026-08-15T06:02:43+00:00,0.7,REPORTED
670888,road_hazard,"{""hazard"": true, ""kind"": ""unpaved""}",2026-08-15T06:02:43+00:00,0.7,REPORTED
670865,road_hazard,"{""hazard"": true, ""kind"": ""unpaved""}",2026-08-15T06:02:43+00:00,0.7,REPORTED
681954,road_hazard,"{""hazard"": true, ""kind"": ""unpaved""}",2026-08-15T06:02:43+00:00,0.7,REPORTED
681953,road_hazard,"{""hazard"": true, ""kind"": ""unpaved""}",2026-08-15T06:02:43+00:00,0.7,REPORTED
681955,road_hazard,"{""hazard"": true, ""kind"": ""unpaved""}",2026-08-15T06:02:43+00:00,0.7,REPORTED
681957,road_hazard,"{""hazard"": true, ""kind"": ""unpaved""}",2026-08-15T06:02:43+00:00,0.7,REPORTED
681956,road_hazard,"{""hazard"": true, ""kind"": ""unpaved""}",2026-08-15T06:02:43+00:00,0.7,REPORTED
678830,road_hazard,"{""hazard"": true, ""kind"": ""unpaved""}",2026-08-15T06:02:43+00:00,0.7,REPORTED
671944,road_hazard,"{""hazard"": true, ""kind"": ""unpaved""}",2026-08-15T06:02:43+00:00,0.7,REPORTED
671953,road_hazard,"{""hazard"": true, ""kind"": ""unpaved""}",2026-08-15T06:02:43+00:00,0.7,REPORTED
671817,road_hazard,"{""hazard"": true, ""kind"": ""unpaved""}",2026-08-15T06:02:43+00:00,0.7,REPORTED
671948,road_hazard,"{""hazard"": true, ""kind"": ""unpaved""}",2026-08-15T06:02:43+00:00,0.7,REPORTED
683822,road_hazard,"{""hazard"": true, ""kind"": ""unpaved""}",2026-08-15T06:02:43+00:00,0.7,REPORTED
683816,road_hazard,"{""hazard"": true, ""kind"": ""unpaved""}",2026-08-15T06:02:43+00:00,0.7,REPORTED
365115,road_hazard,"{""hazard"": true, ""kind"": ""unpaved""}",2026-08-15T06:02:43+00:00,0.7,REPORTED
365126,road_hazard,"{""hazard"": true, ""kind"": ""unpaved""}",2026-08-15T06:02:43+00:00,0.7,REPORTED
365127,road_hazard,"{""hazard"": true, ""kind"": ""unpaved""}",2026-08-15T06:02:43+00:00,0.7,REPORTED
365129,road_hazard,"{""hazard"": true, ""kind"": ""unpaved""}",2026-08-15T06:02:43+00:00,0.7,REPORTED
358722,road_hazard,"{""hazard"": true, ""kind"": ""unpaved""}",2026-08-15T06:02:43+00:00,0.7,REPORTED
680899,road_hazard,"{""hazard"": true, ""kind"": ""unpaved""}",2026-08-15T06:02:43+00:00,0.7,REPORTED
680896,road_hazard,"{""hazard"": true, ""kind"": ""unpaved""}",2026-08-15T06:02:43+00:00,0.7,REPORTED
680854,road_hazard,"{""hazard"": true, ""kind"": ""unpaved""}",2026-08-15T06:02:43+00:00,0.7,REPORTED
356883,road_hazard,"{""hazard"": true, ""kind"": ""unpaved""}",2026-08-15T06:02:43+00:00,0.7,REPORTED
358678,road_hazard,"{""hazard"": true, ""kind"": ""unpaved""}",2026-08-15T06:02:43+00:00,0.7,REPORTED
356856,road_hazard,"{""hazard"": true, ""kind"": ""unpaved""}",2026-08-15T06:02:43+00:00,0.7,REPORTED
356766,road_hazard,"{""hazard"": true, ""kind"": ""unpaved""}",2026-08-15T06:02:43+00:00,0.7,REPORTED
358682,road_hazard,"{""hazard"": true, ""kind"": ""unpaved""}",2026-08-15T06:02:43+00:00,0.7,REPORTED
358875,road_hazard,"{""hazard"": true, ""kind"": ""unpaved""}",2026-08-15T06:02:43+00:00,0.7,REPORTED
358899,road_hazard,"{""hazard"": true, ""kind"": ""unpaved""}",2026-08-15T06:02:43+00:00,0.7,REPORTED
358909,road_hazard,"{""hazard"": true, ""kind"": ""unpaved""}",2026-08-15T06:02:43+00:00,0.7,REPORTED
670268,road_hazard,"{""hazard"": true, ""kind"": ""unpaved""}",2026-08-15T06:02:43+00:00,0.7,REPORTED
365114,road_hazard,"{""hazard"": true, ""kind"": ""unpaved""}",2026-08-15T06:02:43+00:00,0.7,REPORTED
680828,road_hazard,"{""hazard"": true, ""kind"": ""unpaved""}",2026-08-15T06:02:43+00:00,0.7,REPORTED
680840,road_hazard,"{""hazard"": true, ""kind"": ""unpaved""}",2026-08-15T06:02:43+00:00,0.7,REPORTED
680719,road_hazard,"{""hazard"": true, ""kind"": ""unpaved""}",2026-08-15T06:02:43+00:00,0.7,REPORTED
680718,road_hazard,"{""hazard"": true, ""kind"": ""unpaved""}",2026-08-15T06:02:43+00:00,0.7,REPORTED
365194,road_hazard,"{""hazard"": true, ""kind"": ""unpaved""}",2026-08-15T06:02:43+00:00,0.7,REPORTED
681528,road_hazard,"{""hazard"": true, ""kind"": ""unpaved""}",2026-08-15T06:02:43+00:00,0.7,REPORTED
681523,road_hazard,"{""hazard"": true, ""kind"": ""unpaved""}",2026-08-15T06:02:43+00:00,0.7,REPORTED
681553,road_hazard,"{""hazard"": true, ""kind"": ""unpaved""}",2026-08-15T06:02:43+00:00,0.7,REPORTED
681552,road_hazard,"{""hazard"": true, ""kind"": ""unpaved""}",2026-08-15T06:02:43+00:00,0.7,REPORTED
359549,road_hazard,"{""hazard"": true, ""kind"": ""unpaved""}",2026-08-15T06:02:43+00:00,0.7,REPORTED
678711,road_hazard,"{""hazard"": true, ""kind"": ""unpaved""}",2026-08-15T06:02:43+00:00,0.7,REPORTED
678682,road_hazard,"{""hazard"": true, ""kind"": ""unpaved""}",2026-08-15T06:02:43+00:00,0.7,REPORTED
416033,road_hazard,"{""hazard"": true, ""kind"": ""unpaved""}",2026-08-15T06:02:43+00:00,0.7,REPORTED
416032,road_hazard,"{""hazard"": true, ""kind"": ""unpaved""}",2026-08-15T06:02:43+00:00,0.7,REPORTED
365249,road_hazard,"{""hazard"": true, ""kind"": ""unpaved""}",2026-08-15T06:02:43+00:00,0.7,REPORTED
358723,road_hazard,"{""hazard"": true, ""kind"": ""unpaved""}",2026-08-15T06:02:43+00:00,0.7,REPORTED
680670,road_hazard,"{""hazard"": true, ""kind"": ""unpaved""}",2026-08-15T06:02:43+00:00,0.7,REPORTED
680683,road_hazard,"{""hazard"": true, ""kind"": ""unpaved""}",2026-08-15T06:02:43+00:00,0.7,REPORTED
678672,road_hazard,"{""hazard"": true, ""kind"": ""unpaved""}",2026-08-15T06:02:43+00:00,0.7,REPORTED
679468,road_hazard,"{""hazard"": true, ""kind"": ""unpaved""}",2026-08-15T06:02:43+00:00,0.7,REPORTED
679467,road_hazard,"{""hazard"": true, ""kind"": ""unpaved""}",2026-08-15T06:02:43+00:00,0.7,REPORTED
679463,road_hazard,"{""hazard"": true, ""kind"": ""unpaved""}",2026-08-15T06:02:43+00:00,0.7,REPORTED
679462,road_hazard,"{""hazard"": true, ""kind"": ""unpaved""}",2026-08-15T06:02:43+00:00,0.7,REPORTED
679464,road_hazard,"{""hazard"": true, ""kind"": ""unpaved""}",2026-08-15T06:02:43+00:00,0.7,REPORTED
670529,road_hazard,"{""hazard"": true, ""kind"": ""unpaved""}",2026-08-15T06:02:43+00:00,0.7,REPORTED
359447,road_hazard,"{""hazard"": true, ""kind"": ""unpaved""}",2026-08-15T06:02:43+00:00,0.7,REPORTED
359462,road_hazard,"{""hazard"": true, ""kind"": ""unpaved""}",2026-08-15T06:02:43+00:00,0.7,REPORTED
356875,road_hazard,"{""hazard"": true, ""kind"": ""unpaved""}",2026-08-15T06:02:43+00:00,0.7,REPORTED
356877,road_hazard,"{""hazard"": true, ""kind"": ""unpaved""}",2026-08-15T06:02:43+00:00,0.7,REPORTED
356876,road_hazard,"{""hazard"": true, ""kind"": ""unpaved""}",2026-08-15T06:02:43+00:00,0.7,REPORTED
686055,road_hazard,"{""hazard"": true, ""kind"": ""unpaved""}",2026-08-15T06:02:43+00:00,0.7,REPORTED
358726,road_hazard,"{""hazard"": true, ""kind"": ""unpaved""}",2026-08-15T06:02:43+00:00,0.7,REPORTED
365252,road_hazard,"{""hazard"": true, ""kind"": ""unpaved""}",2026-08-15T06:02:43+00:00,0.7,REPORTED
359091,road_hazard,"{""hazard"": true, ""kind"": ""unpaved""}",2026-08-15T06:02:43+00:00,0.7,REPORTED
359101,road_hazard,"{""hazard"": true, ""kind"": ""unpaved""}",2026-08-15T06:02:43+00:00,0.7,REPORTED
681417,road_hazard,"{""hazard"": true, ""kind"": ""unpaved""}",2026-08-15T06:02:43+00:00,0.7,REPORTED
680225,road_hazard,"{""hazard"": true, ""kind"": ""unpaved""}",2026-08-15T06:02:43+00:00,0.7,REPORTED
365227,road_hazard,"{""hazard"": true, ""kind"": ""dirt""}",2026-08-15T06:02:43+00:00,0.7,REPORTED
365195,road_hazard,"{""hazard"": true, ""kind"": ""unpaved""}",2026-08-15T06:02:43+00:00,0.7,REPORTED
358721,road_hazard,"{""hazard"": true, ""kind"": ""unpaved""}",2026-08-15T06:02:43+00:00,0.7,REPORTED
359212,road_hazard,"{""hazard"": true, ""kind"": ""unpaved""}",2026-08-15T06:02:43+00:00,0.7,REPORTED
359098,road_hazard,"{""hazard"": true, ""kind"": ""unpaved""}",2026-08-15T06:02:43+00:00,0.7,REPORTED
682537,road_hazard,"{""hazard"": true, ""kind"": ""unpaved""}",2026-08-15T06:02:43+00:00,0.7,REPORTED
682536,road_hazard,"{""hazard"": true, ""kind"": ""unpaved""}",2026-08-15T06:02:43+00:00,0.7,REPORTED
682535,road_hazard,"{""hazard"": true, ""kind"": ""unpaved""}",2026-08-15T06:02:43+00:00,0.7,REPORTED
682776,road_hazard,"{""hazard"": true, ""kind"": ""unpaved""}",2026-08-15T06:02:43+00:00,0.7,REPORTED
682777,road_hazard,"{""hazard"": true, ""kind"": ""unpaved""}",2026-08-15T06:02:43+00:00,0.7,REPORTED
682804,road_hazard,"{""hazard"": true, ""kind"": ""unpaved""}",2026-08-15T06:02:43+00:00,0.7,REPORTED
682800,road_hazard,"{""hazard"": true, ""kind"": ""unpaved""}",2026-08-15T06:02:43+00:00,0.7,REPORTED
365192,road_hazard,"{""hazard"": true, ""kind"": ""unpaved""}",2026-08-15T06:02:43+00:00,0.7,REPORTED
682534,road_hazard,"{""hazard"": true, ""kind"": ""unpaved""}",2026-08-15T06:02:43+00:00,0.7,REPORTED
682441,road_hazard,"{""hazard"": true, ""kind"": ""unpaved""}",2026-08-15T06:02:43+00:00,0.7,REPORTED
683079,road_hazard,"{""hazard"": true, ""kind"": ""unpaved""}",2026-08-15T06:02:43+00:00,0.7,REPORTED
358914,road_hazard,"{""hazard"": true, ""kind"": ""unpaved""}",2026-08-15T06:02:43+00:00,0.7,REPORTED
358728,road_hazard,"{""hazard"": true, ""kind"": ""unpaved""}",2026-08-15T06:02:43+00:00,0.7,REPORTED
364322,road_hazard,"{""hazard"": true, ""kind"": ""unpaved""}",2026-08-15T06:02:43+00:00,0.7,REPORTED
364323,road_hazard,"{""hazard"": true, ""kind"": ""unpaved""}",2026-08-15T06:02:43+00:00,0.7,REPORTED
358802,road_hazard,"{""hazard"": true, ""kind"": ""unpaved""}",2026-08-15T06:02:43+00:00,0.7,REPORTED
358878,road_hazard,"{""hazard"": true, ""kind"": ""unpaved""}",2026-08-15T06:02:43+00:00,0.7,REPORTED
364581,road_hazard,"{""hazard"": true, ""kind"": ""unpaved""}",2026-08-15T06:02:43+00:00,0.7,REPORTED
364324,road_hazard,"{""hazard"": true, ""kind"": ""unpaved""}",2026-08-15T06:02:43+00:00,0.7,REPORTED
364325,road_hazard,"{""hazard"": true, ""kind"": ""unpaved""}",2026-08-15T06:02:43+00:00,0.7,REPORTED
358560,road_hazard,"{""hazard"": true, ""kind"": ""unpaved""}",2026-08-15T06:02:43+00:00,0.7,REPORTED
358658,road_hazard,"{""hazard"": true, ""kind"": ""unpaved""}",2026-08-15T06:02:43+00:00,0.7,REPORTED
682580,road_hazard,"{""hazard"": true, ""kind"": ""unpaved""}",2026-08-15T06:02:43+00:00,0.7,REPORTED
682523,road_hazard,"{""hazard"": true, ""kind"": ""unpaved""}",2026-08-15T06:02:43+00:00,0.7,REPORTED
682522,road_hazard,"{""hazard"": true, ""kind"": ""unpaved""}",2026-08-15T06:02:43+00:00,0.7,REPORTED
358863,road_hazard,"{""hazard"": true, ""kind"": ""unpaved""}",2026-08-15T06:02:43+00:00,0.7,REPORTED
681410,road_hazard,"{""hazard"": true, ""kind"": ""unpaved""}",2026-08-15T06:02:43+00:00,0.7,REPORTED
358685,road_hazard,"{""hazard"": true, ""kind"": ""unpaved""}",2026-08-15T06:02:43+00:00,0.7,REPORTED
682449,road_hazard,"{""hazard"": true, ""kind"": ""unpaved""}",2026-08-15T06:02:43+00:00,0.7,REPORTED
682589,road_hazard,"{""hazard"": true, ""kind"": ""unpaved""}",2026-08-15T06:02:43+00:00,0.7,REPORTED
682448,road_hazard,"{""hazard"": true, ""kind"": ""unpaved""}",2026-08-15T06:02:43+00:00,0.7,REPORTED
356906,road_hazard,"{""hazard"": true, ""kind"": ""unpaved""}",2026-08-15T06:02:43+00:00,0.7,REPORTED
356944,road_hazard,"{""hazard"": true, ""kind"": ""unpaved""}",2026-08-15T06:02:43+00:00,0.7,REPORTED
364545,road_hazard,"{""hazard"": true, ""kind"": ""unpaved""}",2026-08-15T06:02:43+00:00,0.7,REPORTED
358679,road_hazard,"{""hazard"": true, ""kind"": ""unpaved""}",2026-08-15T06:02:43+00:00,0.7,REPORTED
356855,road_hazard,"{""hazard"": true, ""kind"": ""unpaved""}",2026-08-15T06:02:43+00:00,0.7,REPORTED
682574,road_hazard,"{""hazard"": true, ""kind"": ""unpaved""}",2026-08-15T06:02:43+00:00,0.7,REPORTED
358653,road_hazard,"{""hazard"": true, ""kind"": ""unpaved""}",2026-08-15T06:02:43+00:00,0.7,REPORTED
358655,road_hazard,"{""hazard"": true, ""kind"": ""unpaved""}",2026-08-15T06:02:43+00:00,0.7,REPORTED
679274,road_hazard,"{""hazard"": true, ""kind"": ""unpaved""}",2026-08-15T06:02:43+00:00,0.7,REPORTED
679465,road_hazard,"{""hazard"": true, ""kind"": ""unpaved""}",2026-08-15T06:02:43+00:00,0.7,REPORTED
356886,road_hazard,"{""hazard"": true, ""kind"": ""unpaved""}",2026-08-15T06:02:43+00:00,0.7,REPORTED
358568,road_hazard,"{""hazard"": true, ""kind"": ""unpaved""}",2026-08-15T06:02:43+00:00,0.7,REPORTED
358659,road_hazard,"{""hazard"": true, ""kind"": ""unpaved""}",2026-08-15T06:02:43+00:00,0.7,REPORTED
358567,road_hazard,"{""hazard"": true, ""kind"": ""unpaved""}",2026-08-15T06:02:43+00:00,0.7,REPORTED
358562,road_hazard,"{""hazard"": true, ""kind"": ""unpaved""}",2026-08-15T06:02:43+00:00,0.7,REPORTED
356908,road_hazard,"{""hazard"": true, ""kind"": ""unpaved""}",2026-08-15T06:02:43+00:00,0.7,REPORTED
677619,road_hazard,"{""hazard"": true, ""kind"": ""unpaved""}",2026-08-15T06:02:43+00:00,0.7,REPORTED
677617,road_hazard,"{""hazard"": true, ""kind"": ""unpaved""}",2026-08-15T06:02:43+00:00,0.7,REPORTED
682587,road_hazard,"{""hazard"": true, ""kind"": ""unpaved""}",2026-08-15T06:02:43+00:00,0.7,REPORTED
682471,road_hazard,"{""hazard"": true, ""kind"": ""unpaved""}",2026-08-15T06:02:43+00:00,0.7,REPORTED
682470,road_hazard,"{""hazard"": true, ""kind"": ""unpaved""}",2026-08-15T06:02:43+00:00,0.7,REPORTED
682386,road_hazard,"{""hazard"": true, ""kind"": ""unpaved""}",2026-08-15T06:02:43+00:00,0.7,REPORTED
680478,road_hazard,"{""hazard"": true, ""kind"": ""unpaved""}",2026-08-15T06:02:43+00:00,0.7,REPORTED
677663,road_hazard,"{""hazard"": true, ""kind"": ""unpaved""}",2026-08-15T06:02:43+00:00,0.7,REPORTED
416445,road_hazard,"{""hazard"": true, ""kind"": ""unpaved""}",2026-08-15T06:02:43+00:00,0.7,REPORTED
677664,road_hazard,"{""hazard"": true, ""kind"": ""unpaved""}",2026-08-15T06:02:43+00:00,0.7,REPORTED
684386,road_hazard,"{""hazard"": true, ""kind"": ""unpaved""}",2026-08-15T06:02:43+00:00,0.7,REPORTED
680206,road_hazard,"{""hazard"": true, ""kind"": ""unpaved""}",2026-08-15T06:02:43+00:00,0.7,REPORTED
680224,road_hazard,"{""hazard"": true, ""kind"": ""unpaved""}",2026-08-15T06:02:43+00:00,0.7,REPORTED
680223,road_hazard,"{""hazard"": true, ""kind"": ""unpaved""}",2026-08-15T06:02:43+00:00,0.7,REPORTED
677666,road_hazard,"{""hazard"": true, ""kind"": ""unpaved""}",2026-08-15T06:02:43+00:00,0.7,REPORTED
677605,road_hazard,"{""hazard"": true, ""kind"": ""unpaved""}",2026-08-15T06:02:43+00:00,0.7,REPORTED
680187,road_hazard,"{""hazard"": true, ""kind"": ""unpaved""}",2026-08-15T06:02:43+00:00,0.7,REPORTED
656514,road_hazard,"{""hazard"": true, ""kind"": ""unpaved""}",2026-08-15T06:02:43+00:00,0.7,REPORTED
679656,road_hazard,"{""hazard"": true, ""kind"": ""unpaved""}",2026-08-15T06:02:43+00:00,0.7,REPORTED
679653,road_hazard,"{""hazard"": true, ""kind"": ""unpaved""}",2026-08-15T06:02:43+00:00,0.7,REPORTED
680114,road_hazard,"{""hazard"": true, ""kind"": ""unpaved""}",2026-08-15T06:02:43+00:00,0.7,REPORTED
683653,road_hazard,"{""hazard"": true, ""kind"": ""unpaved""}",2026-08-15T06:02:43+00:00,0.7,REPORTED
667317,road_hazard,"{""hazard"": true, ""kind"": ""unpaved""}",2026-08-15T06:02:43+00:00,0.7,REPORTED
667318,road_hazard,"{""hazard"": true, ""kind"": ""unpaved""}",2026-08-15T06:02:43+00:00,0.7,REPORTED
667157,road_hazard,"{""hazard"": true, ""kind"": ""unpaved""}",2026-08-15T06:02:43+00:00,0.7,REPORTED
679657,road_hazard,"{""hazard"": true, ""kind"": ""unpaved""}",2026-08-15T06:02:43+00:00,0.7,REPORTED
365247,road_hazard,"{""hazard"": true, ""kind"": ""unpaved""}",2026-08-15T06:02:43+00:00,0.7,REPORTED
680494,road_hazard,"{""hazard"": true, ""kind"": ""unpaved""}",2026-08-15T06:02:43+00:00,0.7,REPORTED
659852,road_hazard,"{""hazard"": true, ""kind"": ""unpaved""}",2026-08-15T06:02:43+00:00,0.7,REPORTED
656567,road_hazard,"{""hazard"": true, ""kind"": ""unpaved""}",2026-08-15T06:02:43+00:00,0.7,REPORTED
681030,road_hazard,"{""hazard"": true, ""kind"": ""unpaved""}",2026-08-15T06:02:43+00:00,0.7,REPORTED
607308,road_hazard,"{""hazard"": true, ""kind"": ""unpaved""}",2026-08-15T06:02:43+00:00,0.7,REPORTED
607310,road_hazard,"{""hazard"": true, ""kind"": ""unpaved""}",2026-08-15T06:02:43+00:00,0.7,REPORTED
607309,road_hazard,"{""hazard"": true, ""kind"": ""unpaved""}",2026-08-15T06:02:43+00:00,0.7,REPORTED
679307,road_hazard,"{""hazard"": true, ""kind"": ""unpaved""}",2026-08-15T06:02:43+00:00,0.7,REPORTED
679257,road_hazard,"{""hazard"": true, ""kind"": ""unpaved""}",2026-08-15T06:02:43+00:00,0.7,REPORTED
607033,road_hazard,"{""hazard"": true, ""kind"": ""unpaved""}",2026-08-15T06:02:43+00:00,0.7,REPORTED
607047,road_hazard,"{""hazard"": true, ""kind"": ""unpaved""}",2026-08-15T06:02:43+00:00,0.7,REPORTED
680727,road_hazard,"{""hazard"": true, ""kind"": ""unpaved""}",2026-08-15T06:02:43+00:00,0.7,REPORTED
679512,road_hazard,"{""hazard"": true, ""kind"": ""unpaved""}",2026-08-15T06:02:43+00:00,0.7,REPORTED
679510,road_hazard,"{""hazard"": true, ""kind"": ""unpaved""}",2026-08-15T06:02:43+00:00,0.7,REPORTED
607057,road_hazard,"{""hazard"": true, ""kind"": ""unpaved""}",2026-08-15T06:02:43+00:00,0.7,REPORTED
607775,road_hazard,"{""hazard"": true, ""kind"": ""unpaved""}",2026-08-15T06:02:43+00:00,0.7,REPORTED
607924,road_hazard,"{""hazard"": true, ""kind"": ""unpaved""}",2026-08-15T06:02:43+00:00,0.7,REPORTED
607820,road_hazard,"{""hazard"": true, ""kind"": ""unpaved""}",2026-08-15T06:02:43+00:00,0.7,REPORTED
607862,road_hazard,"{""hazard"": true, ""kind"": ""unpaved""}",2026-08-15T06:02:43+00:00,0.7,REPORTED
416105,road_hazard,"{""hazard"": true, ""kind"": ""unpaved""}",2026-08-15T06:02:43+00:00,0.7,REPORTED
416103,road_hazard,"{""hazard"": true, ""kind"": ""unpaved""}",2026-08-15T06:02:43+00:00,0.7,REPORTED
415922,road_hazard,"{""hazard"": true, ""kind"": ""unpaved""}",2026-08-15T06:02:43+00:00,0.7,REPORTED
415923,road_hazard,"{""hazard"": true, ""kind"": ""unpaved""}",2026-08-15T06:02:43+00:00,0.7,REPORTED
415921,road_hazard,"{""hazard"": true, ""kind"": ""unpaved""}",2026-08-15T06:02:43+00:00,0.7,REPORTED
415924,road_hazard,"{""hazard"": true, ""kind"": ""unpaved""}",2026-08-15T06:02:43+00:00,0.7,REPORTED
415926,road_hazard,"{""hazard"": true, ""kind"": ""unpaved""}",2026-08-15T06:02:43+00:00,0.7,REPORTED
607783,road_hazard,"{""hazard"": true, ""kind"": ""unpaved""}",2026-08-15T06:02:43+00:00,0.7,REPORTED
240072,road_hazard,"{""hazard"": true, ""kind"": ""unpaved""}",2026-08-15T06:02:43+00:00,0.7,REPORTED
364914,road_hazard,"{""hazard"": true, ""kind"": ""unpaved""}",2026-08-15T06:02:43+00:00,0.7,REPORTED
680938,road_hazard,"{""hazard"": true, ""kind"": ""unpaved""}",2026-08-15T06:02:43+00:00,0.7,REPORTED
607967,road_hazard,"{""hazard"": true, ""kind"": ""unpaved""}",2026-08-15T06:02:43+00:00,0.7,REPORTED
607951,road_hazard,"{""hazard"": true, ""kind"": ""unpaved""}",2026-08-15T06:02:43+00:00,0.7,REPORTED
680957,road_hazard,"{""hazard"": true, ""kind"": ""unpaved""}",2026-08-15T06:02:43+00:00,0.7,REPORTED
680975,road_hazard,"{""hazard"": true, ""kind"": ""unpaved""}",2026-08-15T06:02:43+00:00,0.7,REPORTED
487137,road_hazard,"{""hazard"": true, ""kind"": ""unpaved""}",2026-08-15T06:02:43+00:00,0.7,REPORTED
367841,road_hazard,"{""hazard"": true, ""kind"": ""unpaved""}",2026-08-15T06:02:43+00:00,0.7,REPORTED
415918,road_hazard,"{""hazard"": true, ""kind"": ""unpaved""}",2026-08-15T06:02:43+00:00,0.7,REPORTED
415917,road_hazard,"{""hazard"": true, ""kind"": ""unpaved""}",2026-08-15T06:02:43+00:00,0.7,REPORTED
663894,road_hazard,"{""hazard"": true, ""kind"": ""unpaved""}",2026-08-15T06:02:43+00:00,0.7,REPORTED
677671,road_hazard,"{""hazard"": true, ""kind"": ""unpaved""}",2026-08-15T06:02:43+00:00,0.7,REPORTED
607720,road_hazard,"{""hazard"": true, ""kind"": ""unpaved""}",2026-08-15T06:02:43+00:00,0.7,REPORTED
416470,road_hazard,"{""hazard"": true, ""kind"": ""unpaved""}",2026-08-15T06:02:43+00:00,0.7,REPORTED
364926,road_hazard,"{""hazard"": true, ""kind"": ""unpaved""}",2026-08-15T06:02:43+00:00,0.7,REPORTED
415925,road_hazard,"{""hazard"": true, ""kind"": ""unpaved""}",2026-08-15T06:02:43+00:00,0.7,REPORTED
607953,road_hazard,"{""hazard"": true, ""kind"": ""unpaved""}",2026-08-15T06:02:43+00:00,0.7,REPORTED
607726,road_hazard,"{""hazard"": true, ""kind"": ""unpaved""}",2026-08-15T06:02:43+00:00,0.7,REPORTED
607727,road_hazard,"{""hazard"": true, ""kind"": ""unpaved""}",2026-08-15T06:02:43+00:00,0.7,REPORTED
607767,road_hazard,"{""hazard"": true, ""kind"": ""unpaved""}",2026-08-15T06:02:43+00:00,0.7,REPORTED
663815,road_hazard,"{""hazard"": true, ""kind"": ""unpaved""}",2026-08-15T06:02:43+00:00,0.7,REPORTED
369817,road_hazard,"{""hazard"": true, ""kind"": ""unpaved""}",2026-08-15T06:02:43+00:00,0.7,REPORTED
618745,road_hazard,"{""hazard"": true, ""kind"": ""unpaved""}",2026-08-15T06:02:43+00:00,0.7,REPORTED
619277,road_hazard,"{""hazard"": true, ""kind"": ""unpaved""}",2026-08-15T06:02:43+00:00,0.7,REPORTED
619231,road_hazard,"{""hazard"": true, ""kind"": ""unpaved""}",2026-08-15T06:02:43+00:00,0.7,REPORTED
619123,road_hazard,"{""hazard"": true, ""kind"": ""unpaved""}",2026-08-15T06:02:43+00:00,0.7,REPORTED
607751,road_hazard,"{""hazard"": true, ""kind"": ""unpaved""}",2026-08-15T06:02:43+00:00,0.7,REPORTED
607725,road_hazard,"{""hazard"": true, ""kind"": ""unpaved""}",2026-08-15T06:02:43+00:00,0.7,REPORTED
680978,road_hazard,"{""hazard"": true, ""kind"": ""unpaved""}",2026-08-15T06:02:43+00:00,0.7,REPORTED
486031,road_hazard,"{""hazard"": true, ""kind"": ""unpaved""}",2026-08-15T06:02:43+00:00,0.7,REPORTED
532776,road_hazard,"{""hazard"": true, ""kind"": ""unpaved""}",2026-08-15T06:02:43+00:00,0.7,REPORTED
678016,road_hazard,"{""hazard"": true, ""kind"": ""unpaved""}",2026-08-15T06:02:43+00:00,0.7,REPORTED
677715,road_hazard,"{""hazard"": true, ""kind"": ""unpaved""}",2026-08-15T06:02:43+00:00,0.7,REPORTED
677618,road_hazard,"{""hazard"": true, ""kind"": ""unpaved""}",2026-08-15T06:02:43+00:00,0.7,REPORTED
356917,road_hazard,"{""hazard"": true, ""kind"": ""unpaved""}",2026-08-15T06:02:43+00:00,0.7,REPORTED
356916,road_hazard,"{""hazard"": true, ""kind"": ""unpaved""}",2026-08-15T06:02:43+00:00,0.7,REPORTED
356774,road_hazard,"{""hazard"": true, ""kind"": ""unpaved""}",2026-08-15T06:02:43+00:00,0.7,REPORTED
665136,road_hazard,"{""hazard"": true, ""kind"": ""unpaved""}",2026-08-15T06:02:43+00:00,0.7,REPORTED
670283,road_hazard,"{""hazard"": true, ""kind"": ""unpaved""}",2026-08-15T06:02:43+00:00,0.7,REPORTED
665045,road_hazard,"{""hazard"": true, ""kind"": ""unpaved""}",2026-08-15T06:02:43+00:00,0.7,REPORTED
665044,road_hazard,"{""hazard"": true, ""kind"": ""unpaved""}",2026-08-15T06:02:43+00:00,0.7,REPORTED
665054,road_hazard,"{""hazard"": true, ""kind"": ""unpaved""}",2026-08-15T06:02:43+00:00,0.7,REPORTED
607561,road_hazard,"{""hazard"": true, ""kind"": ""unpaved""}",2026-08-15T06:02:43+00:00,0.7,REPORTED
679692,road_hazard,"{""hazard"": true, ""kind"": ""unpaved""}",2026-08-15T06:02:43+00:00,0.7,REPORTED
665129,road_hazard,"{""hazard"": true, ""kind"": ""unpaved""}",2026-08-15T06:02:43+00:00,0.7,REPORTED
665047,road_hazard,"{""hazard"": true, ""kind"": ""unpaved""}",2026-08-15T06:02:43+00:00,0.7,REPORTED
664939,road_hazard,"{""hazard"": true, ""kind"": ""unpaved""}",2026-08-15T06:02:43+00:00,0.7,REPORTED
665055,road_hazard,"{""hazard"": true, ""kind"": ""unpaved""}",2026-08-15T06:02:43+00:00,0.7,REPORTED
480667,road_hazard,"{""hazard"": true, ""kind"": ""unpaved""}",2026-08-15T06:02:43+00:00,0.7,REPORTED
607552,road_hazard,"{""hazard"": true, ""kind"": ""unpaved""}",2026-08-15T06:02:43+00:00,0.7,REPORTED
607544,road_hazard,"{""hazard"": true, ""kind"": ""unpaved""}",2026-08-15T06:02:43+00:00,0.7,REPORTED
358310,road_hazard,"{""hazard"": true, ""kind"": ""unpaved""}",2026-08-15T06:02:43+00:00,0.7,REPORTED
603751,road_hazard,"{""hazard"": true, ""kind"": ""unpaved""}",2026-08-15T06:02:43+00:00,0.7,REPORTED
679611,road_hazard,"{""hazard"": true, ""kind"": ""unpaved""}",2026-08-15T06:02:43+00:00,0.7,REPORTED
679596,road_hazard,"{""hazard"": true, ""kind"": ""unpaved""}",2026-08-15T06:02:43+00:00,0.7,REPORTED
679519,road_hazard,"{""hazard"": true, ""kind"": ""unpaved""}",2026-08-15T06:02:43+00:00,0.7,REPORTED
679485,road_hazard,"{""hazard"": true, ""kind"": ""unpaved""}",2026-08-15T06:02:43+00:00,0.7,REPORTED
679436,road_hazard,"{""hazard"": true, ""kind"": ""unpaved""}",2026-08-15T06:02:43+00:00,0.7,REPORTED
679515,road_hazard,"{""hazard"": true, ""kind"": ""unpaved""}",2026-08-15T06:02:43+00:00,0.7,REPORTED
679520,road_hazard,"{""hazard"": true, ""kind"": ""unpaved""}",2026-08-15T06:02:43+00:00,0.7,REPORTED
679517,road_hazard,"{""hazard"": true, ""kind"": ""unpaved""}",2026-08-15T06:02:43+00:00,0.7,REPORTED
679516,road_hazard,"{""hazard"": true, ""kind"": ""unpaved""}",2026-08-15T06:02:43+00:00,0.7,REPORTED
368982,road_hazard,"{""hazard"": true, ""kind"": ""unpaved""}",2026-08-15T06:02:43+00:00,0.7,REPORTED
679646,road_hazard,"{""hazard"": true, ""kind"": ""unpaved""}",2026-08-15T06:02:43+00:00,0.7,REPORTED
368981,road_hazard,"{""hazard"": true, ""kind"": ""unpaved""}",2026-08-15T06:02:43+00:00,0.7,REPORTED
617265,road_hazard,"{""hazard"": true, ""kind"": ""unpaved""}",2026-08-15T06:02:43+00:00,0.7,REPORTED
600426,road_hazard,"{""hazard"": true, ""kind"": ""unpaved""}",2026-08-15T06:02:43+00:00,0.7,REPORTED
600429,road_hazard,"{""hazard"": true, ""kind"": ""unpaved""}",2026-08-15T06:02:43+00:00,0.7,REPORTED
600430,road_hazard,"{""hazard"": true, ""kind"": ""unpaved""}",2026-08-15T06:02:43+00:00,0.7,REPORTED
356817,road_hazard,"{""hazard"": true, ""kind"": ""unpaved""}",2026-08-15T06:02:43+00:00,0.7,REPORTED
356818,road_hazard,"{""hazard"": true, ""kind"": ""unpaved""}",2026-08-15T06:02:43+00:00,0.7,REPORTED
684811,road_hazard,"{""hazard"": true, ""kind"": ""unpaved""}",2026-08-15T06:02:43+00:00,0.7,REPORTED
684812,road_hazard,"{""hazard"": true, ""kind"": ""unpaved""}",2026-08-15T06:02:43+00:00,0.7,REPORTED
618267,road_hazard,"{""hazard"": true, ""kind"": ""unpaved""}",2026-08-15T06:02:43+00:00,0.7,REPORTED
603814,road_hazard,"{""hazard"": true, ""kind"": ""unpaved""}",2026-08-15T06:02:43+00:00,0.7,REPORTED
680413,road_hazard,"{""hazard"": true, ""kind"": ""unpaved""}",2026-08-15T06:02:43+00:00,0.7,REPORTED
679658,road_hazard,"{""hazard"": true, ""kind"": ""unpaved""}",2026-08-15T06:02:43+00:00,0.7,REPORTED
679655,road_hazard,"{""hazard"": true, ""kind"": ""unpaved""}",2026-08-15T06:02:43+00:00,0.7,REPORTED
679654,road_hazard,"{""hazard"": true, ""kind"": ""unpaved""}",2026-08-15T06:02:43+00:00,0.7,REPORTED
664982,road_hazard,"{""hazard"": true, ""kind"": ""unpaved""}",2026-08-15T06:02:43+00:00,0.7,REPORTED
533204,road_hazard,"{""hazard"": true, ""kind"": ""unpaved""}",2026-08-15T06:02:43+00:00,0.7,REPORTED
659038,road_hazard,"{""hazard"": true, ""kind"": ""unpaved""}",2026-08-15T06:02:43+00:00,0.7,REPORTED
659069,road_hazard,"{""hazard"": true, ""kind"": ""unpaved""}",2026-08-15T06:02:43+00:00,0.7,REPORTED
605138,road_hazard,"{""hazard"": true, ""kind"": ""unpaved""}",2026-08-15T06:02:43+00:00,0.7,REPORTED
357220,road_hazard,"{""hazard"": true, ""kind"": ""unpaved""}",2026-08-15T06:02:43+00:00,0.7,REPORTED
680407,road_hazard,"{""hazard"": true, ""kind"": ""unpaved""}",2026-08-15T06:02:43+00:00,0.7,REPORTED
369685,road_hazard,"{""hazard"": true, ""kind"": ""unpaved""}",2026-08-15T06:02:43+00:00,0.7,REPORTED
358506,road_hazard,"{""hazard"": true, ""kind"": ""unpaved""}",2026-08-15T06:02:43+00:00,0.7,REPORTED
358436,road_hazard,"{""hazard"": true, ""kind"": ""unpaved""}",2026-08-15T06:02:43+00:00,0.7,REPORTED
680415,road_hazard,"{""hazard"": true, ""kind"": ""unpaved""}",2026-08-15T06:02:43+00:00,0.7,REPORTED
416787,road_hazard,"{""hazard"": true, ""kind"": ""unpaved""}",2026-08-15T06:02:43+00:00,0.7,REPORTED
533071,road_hazard,"{""hazard"": true, ""kind"": ""unpaved""}",2026-08-15T06:02:43+00:00,0.7,REPORTED
369816,road_hazard,"{""hazard"": true, ""kind"": ""unpaved""}",2026-08-15T06:02:43+00:00,0.7,REPORTED
418512,road_hazard,"{""hazard"": true, ""kind"": ""unpaved""}",2026-08-15T06:02:43+00:00,0.7,REPORTED
533041,road_hazard,"{""hazard"": true, ""kind"": ""unpaved""}",2026-08-15T06:02:43+00:00,0.7,REPORTED
359921,road_hazard,"{""hazard"": true, ""kind"": ""unpaved""}",2026-08-15T06:02:43+00:00,0.7,REPORTED
601925,road_hazard,"{""hazard"": true, ""kind"": ""unpaved""}",2026-08-15T06:02:43+00:00,0.7,REPORTED
598066,road_hazard,"{""hazard"": true, ""kind"": ""unpaved""}",2026-08-15T06:02:43+00:00,0.7,REPORTED
532518,blocked_sidewalk,"{""blocked"": true}",2026-08-15T06:02:43+00:00,0.7,REPORTED
532520,blocked_sidewalk,"{""blocked"": true}",2026-08-15T06:02:43+00:00,0.7,REPORTED
532519,blocked_sidewalk,"{""blocked"": true}",2026-08-15T06:02:43+00:00,0.7,REPORTED
532649,blocked_sidewalk,"{""blocked"": true}",2026-08-15T06:02:43+00:00,0.7,REPORTED
532670,blocked_sidewalk,"{""blocked"": true}",2026-08-15T06:02:43+00:00,0.7,REPORTED
532667,blocked_sidewalk,"{""blocked"": true}",2026-08-15T06:02:43+00:00,0.7,REPORTED
532667,road_hazard,"{""hazard"": true, ""kind"": ""ground""}",2026-08-15T06:02:43+00:00,0.7,REPORTED
532671,blocked_sidewalk,"{""blocked"": true}",2026-08-15T06:02:43+00:00,0.7,REPORTED
532671,road_hazard,"{""hazard"": true, ""kind"": ""unpaved""}",2026-08-15T06:02:43+00:00,0.7,REPORTED
532672,blocked_sidewalk,"{""blocked"": true}",2026-08-15T06:02:43+00:00,0.7,REPORTED
532668,blocked_sidewalk,"{""blocked"": true}",2026-08-15T06:02:43+00:00,0.7,REPORTED
532652,blocked_sidewalk,"{""blocked"": true}",2026-08-15T06:02:43+00:00,0.7,REPORTED
532666,blocked_sidewalk,"{""blocked"": true}",2026-08-15T06:02:43+00:00,0.7,REPORTED
532665,blocked_sidewalk,"{""blocked"": true}",2026-08-15T06:02:43+00:00,0.7,REPORTED
532657,blocked_sidewalk,"{""blocked"": true}",2026-08-15T06:02:43+00:00,0.7,REPORTED
532657,road_hazard,"{""hazard"": true, ""kind"": ""ground""}",2026-08-15T06:02:43+00:00,0.7,REPORTED
532656,blocked_sidewalk,"{""blocked"": true}",2026-08-15T06:02:43+00:00,0.7,REPORTED
532662,blocked_sidewalk,"{""blocked"": true}",2026-08-15T06:02:43+00:00,0.7,REPORTED
532636,blocked_sidewalk,"{""blocked"": true}",2026-08-15T06:02:43+00:00,0.7,REPORTED
532637,blocked_sidewalk,"{""blocked"": true}",2026-08-15T06:02:43+00:00,0.7,REPORTED
532637,road_hazard,"{""hazard"": true, ""kind"": ""ground""}",2026-08-15T06:02:43+00:00,0.7,REPORTED
532664,blocked_sidewalk,"{""blocked"": true}",2026-08-15T06:02:43+00:00,0.7,REPORTED
532648,road_hazard,"{""hazard"": true, ""kind"": ""ground""}",2026-08-15T06:02:43+00:00,0.7,REPORTED
357238,road_hazard,"{""hazard"": true, ""kind"": ""unpaved""}",2026-08-15T06:02:43+00:00,0.7,REPORTED
415916,road_hazard,"{""hazard"": true, ""kind"": ""unpaved""}",2026-08-15T06:02:43+00:00,0.7,REPORTED
415912,road_hazard,"{""hazard"": true, ""kind"": ""unpaved""}",2026-08-15T06:02:43+00:00,0.7,REPORTED
414926,road_hazard,"{""hazard"": true, ""kind"": ""unpaved""}",2026-08-15T06:02:43+00:00,0.7,REPORTED
579670,road_hazard,"{""hazard"": true, ""kind"": ""unpaved""}",2026-08-15T06:02:43+00:00,0.7,REPORTED
579666,road_hazard,"{""hazard"": true, ""kind"": ""unpaved""}",2026-08-15T06:02:43+00:00,0.7,REPORTED
579669,road_hazard,"{""hazard"": true, ""kind"": ""unpaved""}",2026-08-15T06:02:43+00:00,0.7,REPORTED
579673,road_hazard,"{""hazard"": true, ""kind"": ""unpaved""}",2026-08-15T06:02:43+00:00,0.7,REPORTED
579671,road_hazard,"{""hazard"": true, ""kind"": ""unpaved""}",2026-08-15T06:02:43+00:00,0.7,REPORTED
578009,road_hazard,"{""hazard"": true, ""kind"": ""unpaved""}",2026-08-15T06:02:43+00:00,0.7,REPORTED
578668,road_hazard,"{""hazard"": true, ""kind"": ""unpaved""}",2026-08-15T06:02:43+00:00,0.7,REPORTED
603649,road_hazard,"{""hazard"": true, ""kind"": ""unpaved""}",2026-08-15T06:02:43+00:00,0.7,REPORTED
603650,road_hazard,"{""hazard"": true, ""kind"": ""unpaved""}",2026-08-15T06:02:43+00:00,0.7,REPORTED
588584,road_hazard,"{""hazard"": true, ""kind"": ""unpaved""}",2026-08-15T06:02:43+00:00,0.7,REPORTED
588848,road_hazard,"{""hazard"": true, ""kind"": ""ground""}",2026-08-15T06:02:43+00:00,0.7,REPORTED
580239,road_hazard,"{""hazard"": true, ""kind"": ""unpaved""}",2026-08-15T06:02:43+00:00,0.7,REPORTED
580240,road_hazard,"{""hazard"": true, ""kind"": ""unpaved""}",2026-08-15T06:02:43+00:00,0.7,REPORTED
604169,road_hazard,"{""hazard"": true, ""kind"": ""unpaved""}",2026-08-15T06:02:43+00:00,0.7,REPORTED
479955,road_hazard,"{""hazard"": true, ""kind"": ""unpaved""}",2026-08-15T06:02:43+00:00,0.7,REPORTED
479957,road_hazard,"{""hazard"": true, ""kind"": ""unpaved""}",2026-08-15T06:02:43+00:00,0.7,REPORTED
598414,road_hazard,"{""hazard"": true, ""kind"": ""unpaved""}",2026-08-15T06:02:43+00:00,0.7,REPORTED
609013,road_hazard,"{""hazard"": true, ""kind"": ""unpaved""}",2026-08-15T06:02:43+00:00,0.7,REPORTED
608947,road_hazard,"{""hazard"": true, ""kind"": ""unpaved""}",2026-08-15T06:02:43+00:00,0.7,REPORTED
370570,road_hazard,"{""hazard"": true, ""kind"": ""unpaved""}",2026-08-15T06:02:43+00:00,0.7,REPORTED
414732,road_hazard,"{""hazard"": true, ""kind"": ""dirt""}",2026-08-15T06:02:43+00:00,0.7,REPORTED
609022,road_hazard,"{""hazard"": true, ""kind"": ""unpaved""}",2026-08-15T06:02:43+00:00,0.7,REPORTED
608943,road_hazard,"{""hazard"": true, ""kind"": ""unpaved""}",2026-08-15T06:02:43+00:00,0.7,REPORTED
562925,road_hazard,"{""hazard"": true, ""kind"": ""unpaved""}",2026-08-15T06:02:43+00:00,0.7,REPORTED
665336,road_hazard,"{""hazard"": true, ""kind"": ""unpaved""}",2026-08-15T06:02:43+00:00,0.7,REPORTED
598120,road_hazard,"{""hazard"": true, ""kind"": ""unpaved""}",2026-08-15T06:02:43+00:00,0.7,REPORTED
665491,road_hazard,"{""hazard"": true, ""kind"": ""unpaved""}",2026-08-15T06:02:43+00:00,0.7,REPORTED
665353,road_hazard,"{""hazard"": true, ""kind"": ""unpaved""}",2026-08-15T06:02:43+00:00,0.7,REPORTED
666147,road_hazard,"{""hazard"": true, ""kind"": ""unpaved""}",2026-08-15T06:02:43+00:00,0.7,REPORTED
666146,road_hazard,"{""hazard"": true, ""kind"": ""unpaved""}",2026-08-15T06:02:43+00:00,0.7,REPORTED
665472,road_hazard,"{""hazard"": true, ""kind"": ""unpaved""}",2026-08-15T06:02:43+00:00,0.7,REPORTED
665332,road_hazard,"{""hazard"": true, ""kind"": ""unpaved""}",2026-08-15T06:02:43+00:00,0.7,REPORTED
665476,road_hazard,"{""hazard"": true, ""kind"": ""unpaved""}",2026-08-15T06:02:43+00:00,0.7,REPORTED
665475,road_hazard,"{""hazard"": true, ""kind"": ""unpaved""}",2026-08-15T06:02:43+00:00,0.7,REPORTED
598159,road_hazard,"{""hazard"": true, ""kind"": ""unpaved""}",2026-08-15T06:02:43+00:00,0.7,REPORTED
578605,road_hazard,"{""hazard"": true, ""kind"": ""unpaved""}",2026-08-15T06:02:43+00:00,0.7,REPORTED
659959,road_hazard,"{""hazard"": true, ""kind"": ""unpaved""}",2026-08-15T06:02:43+00:00,0.7,REPORTED
602789,road_hazard,"{""hazard"": true, ""kind"": ""unpaved""}",2026-08-15T06:02:43+00:00,0.7,REPORTED
605020,road_hazard,"{""hazard"": true, ""kind"": ""unpaved""}",2026-08-15T06:02:43+00:00,0.7,REPORTED
602795,road_hazard,"{""hazard"": true, ""kind"": ""unpaved""}",2026-08-15T06:02:43+00:00,0.7,REPORTED
487141,road_hazard,"{""hazard"": true, ""kind"": ""unpaved""}",2026-08-15T06:02:43+00:00,0.7,REPORTED
604428,road_hazard,"{""hazard"": true, ""kind"": ""unpaved""}",2026-08-15T06:02:43+00:00,0.7,REPORTED
368374,road_hazard,"{""hazard"": true, ""kind"": ""unpaved""}",2026-08-15T06:02:43+00:00,0.7,REPORTED
593986,road_hazard,"{""hazard"": true, ""kind"": ""unpaved""}",2026-08-15T06:02:43+00:00,0.7,REPORTED
480537,road_hazard,"{""hazard"": true, ""kind"": ""unpaved""}",2026-08-15T06:02:43+00:00,0.7,REPORTED
480538,road_hazard,"{""hazard"": true, ""kind"": ""unpaved""}",2026-08-15T06:02:43+00:00,0.7,REPORTED
593472,road_hazard,"{""hazard"": true, ""kind"": ""unpaved""}",2026-08-15T06:02:43+00:00,0.7,REPORTED
604446,road_hazard,"{""hazard"": true, ""kind"": ""unpaved""}",2026-08-15T06:02:43+00:00,0.7,REPORTED
602623,road_hazard,"{""hazard"": true, ""kind"": ""unpaved""}",2026-08-15T06:02:43+00:00,0.7,REPORTED
605024,road_hazard,"{""hazard"": true, ""kind"": ""unpaved""}",2026-08-15T06:02:43+00:00,0.7,REPORTED
602899,road_hazard,"{""hazard"": true, ""kind"": ""unpaved""}",2026-08-15T06:02:43+00:00,0.7,REPORTED
602846,road_hazard,"{""hazard"": true, ""kind"": ""unpaved""}",2026-08-15T06:02:43+00:00,0.7,REPORTED
602843,road_hazard,"{""hazard"": true, ""kind"": ""unpaved""}",2026-08-15T06:02:43+00:00,0.7,REPORTED
659300,road_hazard,"{""hazard"": true, ""kind"": ""unpaved""}",2026-08-15T06:02:43+00:00,0.7,REPORTED
489671,road_hazard,"{""hazard"": true, ""kind"": ""unpaved""}",2026-08-15T06:02:43+00:00,0.7,REPORTED
489669,road_hazard,"{""hazard"": true, ""kind"": ""unpaved""}",2026-08-15T06:02:43+00:00,0.7,REPORTED
489653,road_hazard,"{""hazard"": true, ""kind"": ""unpaved""}",2026-08-15T06:02:43+00:00,0.7,REPORTED
486757,road_hazard,"{""hazard"": true, ""kind"": ""unpaved""}",2026-08-15T06:02:43+00:00,0.7,REPORTED
604370,road_hazard,"{""hazard"": true, ""kind"": ""unpaved""}",2026-08-15T06:02:43+00:00,0.7,REPORTED
486749,road_hazard,"{""hazard"": true, ""kind"": ""unpaved""}",2026-08-15T06:02:43+00:00,0.7,REPORTED
604477,road_hazard,"{""hazard"": true, ""kind"": ""unpaved""}",2026-08-15T06:02:43+00:00,0.7,REPORTED
604094,road_hazard,"{""hazard"": true, ""kind"": ""unpaved""}",2026-08-15T06:02:43+00:00,0.7,REPORTED
489766,road_hazard,"{""hazard"": true, ""kind"": ""unpaved""}",2026-08-15T06:02:43+00:00,0.7,REPORTED
575204,road_hazard,"{""hazard"": true, ""kind"": ""unpaved""}",2026-08-15T06:02:43+00:00,0.7,REPORTED
366197,road_hazard,"{""hazard"": true, ""kind"": ""unpaved""}",2026-08-15T06:02:43+00:00,0.7,REPORTED
603516,road_hazard,"{""hazard"": true, ""kind"": ""unpaved""}",2026-08-15T06:02:43+00:00,0.7,REPORTED
603029,road_hazard,"{""hazard"": true, ""kind"": ""unpaved""}",2026-08-15T06:02:43+00:00,0.7,REPORTED
602987,road_hazard,"{""hazard"": true, ""kind"": ""unpaved""}",2026-08-15T06:02:43+00:00,0.7,REPORTED
583596,road_hazard,"{""hazard"": true, ""kind"": ""unpaved""}",2026-08-15T06:02:43+00:00,0.7,REPORTED
603475,road_hazard,"{""hazard"": true, ""kind"": ""unpaved""}",2026-08-15T06:02:43+00:00,0.7,REPORTED
583593,road_hazard,"{""hazard"": true, ""kind"": ""unpaved""}",2026-08-15T06:02:43+00:00,0.7,REPORTED
583548,road_hazard,"{""hazard"": true, ""kind"": ""unpaved""}",2026-08-15T06:02:43+00:00,0.7,REPORTED
581221,road_hazard,"{""hazard"": true, ""kind"": ""unpaved""}",2026-08-15T06:02:43+00:00,0.7,REPORTED
603515,road_hazard,"{""hazard"": true, ""kind"": ""unpaved""}",2026-08-15T06:02:43+00:00,0.7,REPORTED
589346,road_hazard,"{""hazard"": true, ""kind"": ""unpaved""}",2026-08-15T06:02:43+00:00,0.7,REPORTED
589017,road_hazard,"{""hazard"": true, ""kind"": ""unpaved""}",2026-08-15T06:02:43+00:00,0.7,REPORTED
589209,road_hazard,"{""hazard"": true, ""kind"": ""unpaved""}",2026-08-15T06:02:43+00:00,0.7,REPORTED
589213,road_hazard,"{""hazard"": true, ""kind"": ""unpaved""}",2026-08-15T06:02:43+00:00,0.7,REPORTED
589195,road_hazard,"{""hazard"": true, ""kind"": ""unpaved""}",2026-08-15T06:02:43+00:00,0.7,REPORTED
589200,road_hazard,"{""hazard"": true, ""kind"": ""unpaved""}",2026-08-15T06:02:43+00:00,0.7,REPORTED
589211,road_hazard,"{""hazard"": true, ""kind"": ""unpaved""}",2026-08-15T06:02:43+00:00,0.7,REPORTED
601228,road_hazard,"{""hazard"": true, ""kind"": ""unpaved""}",2026-08-15T06:02:43+00:00,0.7,REPORTED
601227,road_hazard,"{""hazard"": true, ""kind"": ""unpaved""}",2026-08-15T06:02:43+00:00,0.7,REPORTED
485477,road_hazard,"{""hazard"": true, ""kind"": ""unpaved""}",2026-08-15T06:02:43+00:00,0.7,REPORTED
574953,road_hazard,"{""hazard"": true, ""kind"": ""unpaved""}",2026-08-15T06:02:43+00:00,0.7,REPORTED
601446,road_hazard,"{""hazard"": true, ""kind"": ""unpaved""}",2026-08-15T06:02:43+00:00,0.7,REPORTED
601447,road_hazard,"{""hazard"": true, ""kind"": ""unpaved""}",2026-08-15T06:02:43+00:00,0.7,REPORTED
576326,road_hazard,"{""hazard"": true, ""kind"": ""unpaved""}",2026-08-15T06:02:43+00:00,0.7,REPORTED
576325,road_hazard,"{""hazard"": true, ""kind"": ""unpaved""}",2026-08-15T06:02:43+00:00,0.7,REPORTED
580936,road_hazard,"{""hazard"": true, ""kind"": ""unpaved""}",2026-08-15T06:02:43+00:00,0.7,REPORTED
594614,road_hazard,"{""hazard"": true, ""kind"": ""unpaved""}",2026-08-15T06:02:43+00:00,0.7,REPORTED
591622,blocked_sidewalk,"{""blocked"": true}",2026-08-15T06:02:43+00:00,0.7,REPORTED
485327,road_hazard,"{""hazard"": true, ""kind"": ""unpaved""}",2026-08-15T06:02:43+00:00,0.7,REPORTED
581310,road_hazard,"{""hazard"": true, ""kind"": ""unpaved""}",2026-08-15T06:02:43+00:00,0.7,REPORTED
660259,road_hazard,"{""hazard"": true, ""kind"": ""unpaved""}",2026-08-15T06:02:43+00:00,0.7,REPORTED
477405,road_hazard,"{""hazard"": true, ""kind"": ""unpaved""}",2026-08-15T06:02:43+00:00,0.7,REPORTED
555974,road_hazard,"{""hazard"": true, ""kind"": ""unpaved""}",2026-08-15T06:02:43+00:00,0.7,REPORTED
589199,road_hazard,"{""hazard"": true, ""kind"": ""unpaved""}",2026-08-15T06:02:43+00:00,0.7,REPORTED
585138,road_hazard,"{""hazard"": true, ""kind"": ""unpaved""}",2026-08-15T06:02:43+00:00,0.7,REPORTED
464283,blocked_sidewalk,"{""blocked"": true}",2026-08-15T06:02:43+00:00,0.7,REPORTED
578494,road_hazard,"{""hazard"": true, ""kind"": ""unpaved""}",2026-08-15T06:02:43+00:00,0.7,REPORTED
576556,road_hazard,"{""hazard"": true, ""kind"": ""unpaved""}",2026-08-15T06:02:43+00:00,0.7,REPORTED
593348,road_hazard,"{""hazard"": true, ""kind"": ""unpaved""}",2026-08-15T06:02:43+00:00,0.7,REPORTED
460930,blocked_sidewalk,"{""blocked"": true}",2026-08-15T06:02:43+00:00,0.7,REPORTED
460877,blocked_sidewalk,"{""blocked"": true}",2026-08-15T06:02:43+00:00,0.7,REPORTED
460886,blocked_sidewalk,"{""blocked"": true}",2026-08-15T06:02:43+00:00,0.7,REPORTED
460878,blocked_sidewalk,"{""blocked"": true}",2026-08-15T06:02:43+00:00,0.7,REPORTED
460881,blocked_sidewalk,"{""blocked"": true}",2026-08-15T06:02:43+00:00,0.7,REPORTED
460879,blocked_sidewalk,"{""blocked"": true}",2026-08-15T06:02:43+00:00,0.7,REPORTED
371455,road_hazard,"{""hazard"": true, ""kind"": ""unpaved""}",2026-08-15T06:02:43+00:00,0.7,REPORTED
562926,road_hazard,"{""hazard"": true, ""kind"": ""unpaved""}",2026-08-15T06:02:43+00:00,0.7,REPORTED
401441,poor_lighting,"{""poor"": true}",2026-08-15T06:02:43+00:00,0.7,REPORTED
511035,road_hazard,"{""hazard"": true, ""kind"": ""ground""}",2026-08-15T06:02:43+00:00,0.7,REPORTED
592407,road_hazard,"{""hazard"": true, ""kind"": ""gravel""}",2026-08-15T06:02:43+00:00,0.7,REPORTED
588823,road_hazard,"{""hazard"": true, ""kind"": ""unpaved""}",2026-08-15T06:02:43+00:00,0.7,REPORTED
597926,road_hazard,"{""hazard"": true, ""kind"": ""unpaved""}",2026-08-15T06:02:43+00:00,0.7,REPORTED
576236,road_hazard,"{""hazard"": true, ""kind"": ""unpaved""}",2026-08-15T06:02:43+00:00,0.7,REPORTED
409608,blocked_sidewalk,"{""blocked"": true}",2026-08-15T06:02:43+00:00,0.7,REPORTED
605662,road_hazard,"{""hazard"": true, ""kind"": ""unpaved""}",2026-08-15T06:02:43+00:00,0.7,REPORTED
401353,blocked_sidewalk,"{""blocked"": true}",2026-08-15T06:02:43+00:00,0.7,REPORTED
458037,poor_lighting,"{""poor"": true}",2026-08-15T06:02:43+00:00,0.7,REPORTED
458032,poor_lighting,"{""poor"": true}",2026-08-15T06:02:43+00:00,0.7,REPORTED
454092,road_hazard,"{""hazard"": true, ""kind"": ""unpaved""}",2026-08-15T06:02:43+00:00,0.7,REPORTED
454109,road_hazard,"{""hazard"": true, ""kind"": ""unpaved""}",2026-08-15T06:02:43+00:00,0.7,REPORTED
454105,road_hazard,"{""hazard"": true, ""kind"": ""unpaved""}",2026-08-15T06:02:43+00:00,0.7,REPORTED
454104,road_hazard,"{""hazard"": true, ""kind"": ""unpaved""}",2026-08-15T06:02:43+00:00,0.7,REPORTED
454106,road_hazard,"{""hazard"": true, ""kind"": ""unpaved""}",2026-08-15T06:02:43+00:00,0.7,REPORTED
454108,road_hazard,"{""hazard"": true, ""kind"": ""unpaved""}",2026-08-15T06:02:43+00:00,0.7,REPORTED
454093,road_hazard,"{""hazard"": true, ""kind"": ""unpaved""}",2026-08-15T06:02:43+00:00,0.7,REPORTED
454095,road_hazard,"{""hazard"": true, ""kind"": ""unpaved""}",2026-08-15T06:02:43+00:00,0.7,REPORTED
454094,road_hazard,"{""hazard"": true, ""kind"": ""unpaved""}",2026-08-15T06:02:43+00:00,0.7,REPORTED
604678,road_hazard,"{""hazard"": true, ""kind"": ""unpaved""}",2026-08-15T06:02:43+00:00,0.7,REPORTED
365293,road_hazard,"{""hazard"": true, ""kind"": ""unpaved""}",2026-08-15T06:02:43+00:00,0.7,REPORTED
362210,blocked_sidewalk,"{""blocked"": true}",2026-08-15T06:02:43+00:00,0.7,REPORTED
362080,blocked_sidewalk,"{""blocked"": true}",2026-08-15T06:02:43+00:00,0.7,REPORTED
362059,blocked_sidewalk,"{""blocked"": true}",2026-08-15T06:02:43+00:00,0.7,REPORTED
362084,blocked_sidewalk,"{""blocked"": true}",2026-08-15T06:02:43+00:00,0.7,REPORTED
365251,road_hazard,"{""hazard"": true, ""kind"": ""unpaved""}",2026-08-15T06:02:43+00:00,0.7,REPORTED
427631,road_hazard,"{""hazard"": true, ""kind"": ""unpaved""}",2026-08-15T06:02:43+00:00,0.7,REPORTED
576688,road_hazard,"{""hazard"": true, ""kind"": ""unpaved""}",2026-08-15T06:02:43+00:00,0.7,REPORTED
577298,road_hazard,"{""hazard"": true, ""kind"": ""unpaved""}",2026-08-15T06:02:43+00:00,0.7,REPORTED
577299,road_hazard,"{""hazard"": true, ""kind"": ""unpaved""}",2026-08-15T06:02:43+00:00,0.7,REPORTED
576687,road_hazard,"{""hazard"": true, ""kind"": ""unpaved""}",2026-08-15T06:02:43+00:00,0.7,REPORTED
497825,road_hazard,"{""hazard"": true, ""kind"": ""dirt""}",2026-08-15T06:02:43+00:00,0.7,REPORTED
506158,blocked_sidewalk,"{""blocked"": true}",2026-08-15T06:02:43+00:00,0.7,REPORTED
604997,road_hazard,"{""hazard"": true, ""kind"": ""unpaved""}",2026-08-15T06:02:43+00:00,0.7,REPORTED
464102,road_hazard,"{""hazard"": true, ""kind"": ""unpaved""}",2026-08-15T06:02:43+00:00,0.7,REPORTED
459652,blocked_sidewalk,"{""blocked"": true}",2026-08-15T06:02:43+00:00,0.7,REPORTED
459653,blocked_sidewalk,"{""blocked"": true}",2026-08-15T06:02:43+00:00,0.7,REPORTED
459650,blocked_sidewalk,"{""blocked"": true}",2026-08-15T06:02:43+00:00,0.7,REPORTED
467642,blocked_sidewalk,"{""blocked"": true}",2026-08-15T06:02:43+00:00,0.7,REPORTED
466568,blocked_sidewalk,"{""blocked"": true}",2026-08-15T06:02:43+00:00,0.7,REPORTED
370992,road_hazard,"{""hazard"": true, ""kind"": ""unpaved""}",2026-08-15T06:02:43+00:00,0.7,REPORTED
584957,road_hazard,"{""hazard"": true, ""kind"": ""unpaved""}",2026-08-15T06:02:43+00:00,0.7,REPORTED
453585,blocked_sidewalk,"{""blocked"": true}",2026-08-15T06:02:43+00:00,0.7,REPORTED
589518,road_hazard,"{""hazard"": true, ""kind"": ""unpaved""}",2026-08-15T06:02:43+00:00,0.7,REPORTED
495769,blocked_sidewalk,"{""blocked"": true}",2026-08-15T06:02:43+00:00,0.7,REPORTED
408376,road_hazard,"{""hazard"": true, ""kind"": ""dirt""}",2026-08-15T06:02:43+00:00,0.7,REPORTED
402296,blocked_sidewalk,"{""blocked"": true}",2026-08-15T06:02:43+00:00,0.7,REPORTED
401352,blocked_sidewalk,"{""blocked"": true}",2026-08-15T06:02:43+00:00,0.7,REPORTED
401582,blocked_sidewalk,"{""blocked"": true}",2026-08-15T06:02:43+00:00,0.7,REPORTED
401592,blocked_sidewalk,"{""blocked"": true}",2026-08-15T06:02:43+00:00,0.7,REPORTED
401366,blocked_sidewalk,"{""blocked"": true}",2026-08-15T06:02:43+00:00,0.7,REPORTED
401403,blocked_sidewalk,"{""blocked"": true}",2026-08-15T06:02:43+00:00,0.7,REPORTED
410915,road_hazard,"{""hazard"": true, ""kind"": ""unpaved""}",2026-08-15T06:02:43+00:00,0.7,REPORTED
410917,road_hazard,"{""hazard"": true, ""kind"": ""unpaved""}",2026-08-15T06:02:43+00:00,0.7,REPORTED
410913,road_hazard,"{""hazard"": true, ""kind"": ""unpaved""}",2026-08-15T06:02:43+00:00,0.7,REPORTED
410914,road_hazard,"{""hazard"": true, ""kind"": ""unpaved""}",2026-08-15T06:02:43+00:00,0.7,REPORTED
479907,road_hazard,"{""hazard"": true, ""kind"": ""unpaved""}",2026-08-15T06:02:43+00:00,0.7,REPORTED
493073,road_hazard,"{""hazard"": true, ""kind"": ""unpaved""}",2026-08-15T06:02:43+00:00,0.7,REPORTED
493074,road_hazard,"{""hazard"": true, ""kind"": ""unpaved""}",2026-08-15T06:02:43+00:00,0.7,REPORTED
493211,road_hazard,"{""hazard"": true, ""kind"": ""unpaved""}",2026-08-15T06:02:43+00:00,0.7,REPORTED
475479,road_hazard,"{""hazard"": true, ""kind"": ""dirt""}",2026-08-15T06:02:43+00:00,0.7,REPORTED
372375,road_hazard,"{""hazard"": true, ""kind"": ""unpaved""}",2026-08-15T06:02:43+00:00,0.7,REPORTED
411120,road_hazard,"{""hazard"": true, ""kind"": ""unpaved""}",2026-08-15T06:02:43+00:00,0.7,REPORTED
411121,road_hazard,"{""hazard"": true, ""kind"": ""unpaved""}",2026-08-15T06:02:43+00:00,0.7,REPORTED
372335,road_hazard,"{""hazard"": true, ""kind"": ""unpaved""}",2026-08-15T06:02:43+00:00,0.7,REPORTED
372337,road_hazard,"{""hazard"": true, ""kind"": ""unpaved""}",2026-08-15T06:02:43+00:00,0.7,REPORTED
411124,road_hazard,"{""hazard"": true, ""kind"": ""unpaved""}",2026-08-15T06:02:43+00:00,0.7,REPORTED
411133,road_hazard,"{""hazard"": true, ""kind"": ""unpaved""}",2026-08-15T06:02:43+00:00,0.7,REPORTED
411125,road_hazard,"{""hazard"": true, ""kind"": ""unpaved""}",2026-08-15T06:02:43+00:00,0.7,REPORTED
411251,road_hazard,"{""hazard"": true, ""kind"": ""unpaved""}",2026-08-15T06:02:43+00:00,0.7,REPORTED
583135,road_hazard,"{""hazard"": true, ""kind"": ""unpaved""}",2026-08-15T06:02:43+00:00,0.7,REPORTED
372276,road_hazard,"{""hazard"": true, ""kind"": ""unpaved""}",2026-08-15T06:02:43+00:00,0.7,REPORTED
506837,poor_lighting,"{""poor"": true}",2026-08-15T06:02:43+00:00,0.7,REPORTED
506835,poor_lighting,"{""poor"": true}",2026-08-15T06:02:43+00:00,0.7,REPORTED
506834,poor_lighting,"{""poor"": true}",2026-08-15T06:02:43+00:00,0.7,REPORTED
506780,poor_lighting,"{""poor"": true}",2026-08-15T06:02:43+00:00,0.7,REPORTED
574875,road_hazard,"{""hazard"": true, ""kind"": ""unpaved""}",2026-08-15T06:02:43+00:00,0.7,REPORTED
574871,road_hazard,"{""hazard"": true, ""kind"": ""unpaved""}",2026-08-15T06:02:43+00:00,0.7,REPORTED
574872,road_hazard,"{""hazard"": true, ""kind"": ""unpaved""}",2026-08-15T06:02:43+00:00,0.7,REPORTED
574870,road_hazard,"{""hazard"": true, ""kind"": ""unpaved""}",2026-08-15T06:02:43+00:00,0.7,REPORTED
574869,road_hazard,"{""hazard"": true, ""kind"": ""unpaved""}",2026-08-15T06:02:43+00:00,0.7,REPORTED
372347,road_hazard,"{""hazard"": true, ""kind"": ""unpaved""}",2026-08-15T06:02:43+00:00,0.7,REPORTED
372350,road_hazard,"{""hazard"": true, ""kind"": ""unpaved""}",2026-08-15T06:02:43+00:00,0.7,REPORTED
576703,road_hazard,"{""hazard"": true, ""kind"": ""unpaved""}",2026-08-15T06:02:43+00:00,0.7,REPORTED
576681,road_hazard,"{""hazard"": true, ""kind"": ""unpaved""}",2026-08-15T06:02:43+00:00,0.7,REPORTED
557227,road_hazard,"{""hazard"": true, ""kind"": ""unpaved""}",2026-08-15T06:02:43+00:00,0.7,REPORTED
461318,blocked_sidewalk,"{""blocked"": true}",2026-08-15T06:02:43+00:00,0.7,REPORTED
362077,blocked_sidewalk,"{""blocked"": true}",2026-08-15T06:02:43+00:00,0.7,REPORTED
362078,blocked_sidewalk,"{""blocked"": true}",2026-08-15T06:02:43+00:00,0.7,REPORTED
362265,blocked_sidewalk,"{""blocked"": true}",2026-08-15T06:02:43+00:00,0.7,REPORTED
362267,blocked_sidewalk,"{""blocked"": true}",2026-08-15T06:02:43+00:00,0.7,REPORTED
493362,road_hazard,"{""hazard"": true, ""kind"": ""unpaved""}",2026-08-15T06:02:43+00:00,0.7,REPORTED
493359,road_hazard,"{""hazard"": true, ""kind"": ""unpaved""}",2026-08-15T06:02:43+00:00,0.7,REPORTED
411195,road_hazard,"{""hazard"": true, ""kind"": ""unpaved""}",2026-08-15T06:02:43+00:00,0.7,REPORTED
603336,road_hazard,"{""hazard"": true, ""kind"": ""sand""}",2026-08-15T06:02:43+00:00,0.7,REPORTED
411193,road_hazard,"{""hazard"": true, ""kind"": ""unpaved""}",2026-08-15T06:02:43+00:00,0.7,REPORTED
488224,road_hazard,"{""hazard"": true, ""kind"": ""unpaved""}",2026-08-15T06:02:43+00:00,0.7,REPORTED
594700,road_hazard,"{""hazard"": true, ""kind"": ""unpaved""}",2026-08-15T06:02:43+00:00,0.7,REPORTED
593471,road_hazard,"{""hazard"": true, ""kind"": ""unpaved""}",2026-08-15T06:02:43+00:00,0.7,REPORTED
487578,road_hazard,"{""hazard"": true, ""kind"": ""unpaved""}",2026-08-15T06:02:43+00:00,0.7,REPORTED
588864,road_hazard,"{""hazard"": true, ""kind"": ""unpaved""}",2026-08-15T06:02:43+00:00,0.7,REPORTED
588866,road_hazard,"{""hazard"": true, ""kind"": ""unpaved""}",2026-08-15T06:02:43+00:00,0.7,REPORTED
597937,road_hazard,"{""hazard"": true, ""kind"": ""unpaved""}",2026-08-15T06:02:43+00:00,0.7,REPORTED
592331,road_hazard,"{""hazard"": true, ""kind"": ""unpaved""}",2026-08-15T06:02:43+00:00,0.7,REPORTED
592411,road_hazard,"{""hazard"": true, ""kind"": ""unpaved""}",2026-08-15T06:02:43+00:00,0.7,REPORTED
491172,poor_lighting,"{""poor"": true}",2026-08-15T06:02:43+00:00,0.7,REPORTED
592883,road_hazard,"{""hazard"": true, ""kind"": ""unpaved""}",2026-08-15T06:02:43+00:00,0.7,REPORTED
567123,blocked_sidewalk,"{""blocked"": true}",2026-08-15T06:02:43+00:00,0.7,REPORTED
567374,blocked_sidewalk,"{""blocked"": true}",2026-08-15T06:02:43+00:00,0.7,REPORTED
504410,blocked_sidewalk,"{""blocked"": true}",2026-08-15T06:02:43+00:00,0.7,REPORTED
567311,blocked_sidewalk,"{""blocked"": true}",2026-08-15T06:02:43+00:00,0.7,REPORTED
504452,blocked_sidewalk,"{""blocked"": true}",2026-08-15T06:02:43+00:00,0.7,REPORTED
504451,blocked_sidewalk,"{""blocked"": true}",2026-08-15T06:02:43+00:00,0.7,REPORTED
504403,blocked_sidewalk,"{""blocked"": true}",2026-08-15T06:02:43+00:00,0.7,REPORTED
567393,blocked_sidewalk,"{""blocked"": true}",2026-08-15T06:02:43+00:00,0.7,REPORTED
588588,road_hazard,"{""hazard"": true, ""kind"": ""unpaved""}",2026-08-15T06:02:43+00:00,0.7,REPORTED
588570,road_hazard,"{""hazard"": true, ""kind"": ""unpaved""}",2026-08-15T06:02:43+00:00,0.7,REPORTED
588455,road_hazard,"{""hazard"": true, ""kind"": ""unpaved""}",2026-08-15T06:02:43+00:00,0.7,REPORTED
464206,poor_lighting,"{""poor"": true}",2026-08-15T06:02:43+00:00,0.7,REPORTED
464206,blocked_sidewalk,"{""blocked"": true}",2026-08-15T06:02:43+00:00,0.7,REPORTED
464197,poor_lighting,"{""poor"": true}",2026-08-15T06:02:43+00:00,0.7,REPORTED
464197,blocked_sidewalk,"{""blocked"": true}",2026-08-15T06:02:43+00:00,0.7,REPORTED
485366,road_hazard,"{""hazard"": true, ""kind"": ""unpaved""}",2026-08-15T06:02:43+00:00,0.7,REPORTED
472353,road_hazard,"{""hazard"": true, ""kind"": ""sand""}",2026-08-15T06:02:43+00:00,0.7,REPORTED
472356,road_hazard,"{""hazard"": true, ""kind"": ""sand""}",2026-08-15T06:02:43+00:00,0.7,REPORTED
472355,road_hazard,"{""hazard"": true, ""kind"": ""sand""}",2026-08-15T06:02:43+00:00,0.7,REPORTED
472354,road_hazard,"{""hazard"": true, ""kind"": ""sand""}",2026-08-15T06:02:43+00:00,0.7,REPORTED
553169,road_hazard,"{""hazard"": true, ""kind"": ""unpaved""}",2026-08-15T06:02:43+00:00,0.7,REPORTED
575523,road_hazard,"{""hazard"": true, ""kind"": ""unpaved""}",2026-08-15T06:02:43+00:00,0.7,REPORTED
577137,road_hazard,"{""hazard"": true, ""kind"": ""sand""}",2026-08-15T06:02:43+00:00,0.7,REPORTED
410850,road_hazard,"{""hazard"": true, ""kind"": ""unpaved""}",2026-08-15T06:02:43+00:00,0.7,REPORTED
410844,road_hazard,"{""hazard"": true, ""kind"": ""unpaved""}",2026-08-15T06:02:43+00:00,0.7,REPORTED
410851,road_hazard,"{""hazard"": true, ""kind"": ""unpaved""}",2026-08-15T06:02:43+00:00,0.7,REPORTED
509668,road_hazard,"{""hazard"": true, ""kind"": ""sand""}",2026-08-15T06:02:43+00:00,0.7,REPORTED
588003,road_hazard,"{""hazard"": true, ""kind"": ""unpaved""}",2026-08-15T06:02:43+00:00,0.7,REPORTED
409726,blocked_sidewalk,"{""blocked"": true}",2026-08-15T06:02:43+00:00,0.7,REPORTED
373047,road_hazard,"{""hazard"": true, ""kind"": ""unpaved""}",2026-08-15T06:02:43+00:00,0.7,REPORTED
594029,road_hazard,"{""hazard"": true, ""kind"": ""sand""}",2026-08-15T06:02:43+00:00,0.7,REPORTED
514273,blocked_sidewalk,"{""blocked"": true}",2026-08-15T06:02:43+00:00,0.7,REPORTED
513891,blocked_sidewalk,"{""blocked"": true}",2026-08-15T06:02:43+00:00,0.7,REPORTED
463058,road_hazard,"{""hazard"": true, ""kind"": ""unpaved""}",2026-08-15T06:02:43+00:00,0.7,REPORTED
582256,road_hazard,"{""hazard"": true, ""kind"": ""unpaved""}",2026-08-15T06:02:43+00:00,0.7,REPORTED
464004,blocked_sidewalk,"{""blocked"": true}",2026-08-15T06:02:43+00:00,0.7,REPORTED
359857,blocked_sidewalk,"{""blocked"": true}",2026-08-15T06:02:43+00:00,0.7,REPORTED
359856,blocked_sidewalk,"{""blocked"": true}",2026-08-15T06:02:43+00:00,0.7,REPORTED
373152,road_hazard,"{""hazard"": true, ""kind"": ""unpaved""}",2026-08-15T06:02:43+00:00,0.7,REPORTED
373149,road_hazard,"{""hazard"": true, ""kind"": ""unpaved""}",2026-08-15T06:02:43+00:00,0.7,REPORTED
462791,blocked_sidewalk,"{""blocked"": true}",2026-08-15T06:02:43+00:00,0.7,REPORTED
598296,road_hazard,"{""hazard"": true, ""kind"": ""unpaved""}",2026-08-15T06:02:43+00:00,0.7,REPORTED
589156,road_hazard,"{""hazard"": true, ""kind"": ""unpaved""}",2026-08-15T06:02:43+00:00,0.7,REPORTED
597891,road_hazard,"{""hazard"": true, ""kind"": ""unpaved""}",2026-08-15T06:02:43+00:00,0.7,REPORTED
480168,road_hazard,"{""hazard"": true, ""kind"": ""unpaved""}",2026-08-15T06:02:43+00:00,0.7,REPORTED
480203,road_hazard,"{""hazard"": true, ""kind"": ""unpaved""}",2026-08-15T06:02:43+00:00,0.7,REPORTED
480185,road_hazard,"{""hazard"": true, ""kind"": ""unpaved""}",2026-08-15T06:02:43+00:00,0.7,REPORTED
579067,road_hazard,"{""hazard"": true, ""kind"": ""unpaved""}",2026-08-15T06:02:43+00:00,0.7,REPORTED
579061,road_hazard,"{""hazard"": true, ""kind"": ""unpaved""}",2026-08-15T06:02:43+00:00,0.7,REPORTED
585148,road_hazard,"{""hazard"": true, ""kind"": ""unpaved""}",2026-08-15T06:02:43+00:00,0.7,REPORTED
585149,road_hazard,"{""hazard"": true, ""kind"": ""unpaved""}",2026-08-15T06:02:43+00:00,0.7,REPORTED
372681,road_hazard,"{""hazard"": true, ""kind"": ""unpaved""}",2026-08-15T06:02:43+00:00,0.7,REPORTED
410789,road_hazard,"{""hazard"": true, ""kind"": ""unpaved""}",2026-08-15T06:02:43+00:00,0.7,REPORTED
410795,road_hazard,"{""hazard"": true, ""kind"": ""unpaved""}",2026-08-15T06:02:43+00:00,0.7,REPORTED
372896,road_hazard,"{""hazard"": true, ""kind"": ""unpaved""}",2026-08-15T06:02:43+00:00,0.7,REPORTED
410796,road_hazard,"{""hazard"": true, ""kind"": ""unpaved""}",2026-08-15T06:02:43+00:00,0.7,REPORTED
448252,road_hazard,"{""hazard"": true, ""kind"": ""unpaved""}",2026-08-15T06:02:43+00:00,0.7,REPORTED
410167,road_hazard,"{""hazard"": true, ""kind"": ""unpaved""}",2026-08-15T06:02:43+00:00,0.7,REPORTED
466870,blocked_sidewalk,"{""blocked"": true}",2026-08-15T06:02:43+00:00,0.7,REPORTED
448434,road_hazard,"{""hazard"": true, ""kind"": ""unpaved""}",2026-08-15T06:02:43+00:00,0.7,REPORTED
397761,road_hazard,"{""hazard"": true, ""kind"": ""unpaved""}",2026-08-15T06:02:43+00:00,0.7,REPORTED
372784,road_hazard,"{""hazard"": true, ""kind"": ""unpaved""}",2026-08-15T06:02:43+00:00,0.7,REPORTED
372736,road_hazard,"{""hazard"": true, ""kind"": ""unpaved""}",2026-08-15T06:02:43+00:00,0.7,REPORTED
372735,road_hazard,"{""hazard"": true, ""kind"": ""unpaved""}",2026-08-15T06:02:43+00:00,0.7,REPORTED
408097,blocked_sidewalk,"{""blocked"": true}",2026-08-15T06:02:43+00:00,0.7,REPORTED
588307,road_hazard,"{""hazard"": true, ""kind"": ""sand""}",2026-08-15T06:02:43+00:00,0.7,REPORTED
589158,road_hazard,"{""hazard"": true, ""kind"": ""sand""}",2026-08-15T06:02:43+00:00,0.7,REPORTED
373011,road_hazard,"{""hazard"": true, ""kind"": ""unpaved""}",2026-08-15T06:02:43+00:00,0.7,REPORTED
373010,road_hazard,"{""hazard"": true, ""kind"": ""unpaved""}",2026-08-15T06:02:43+00:00,0.7,REPORTED
684539,road_hazard,"{""hazard"": true, ""kind"": ""unpaved""}",2026-08-15T06:02:43+00:00,0.7,REPORTED
372746,road_hazard,"{""hazard"": true, ""kind"": ""unpaved""}",2026-08-15T06:02:43+00:00,0.7,REPORTED
372743,road_hazard,"{""hazard"": true, ""kind"": ""unpaved""}",2026-08-15T06:02:43+00:00,0.7,REPORTED
372725,road_hazard,"{""hazard"": true, ""kind"": ""unpaved""}",2026-08-15T06:02:43+00:00,0.7,REPORTED
372722,road_hazard,"{""hazard"": true, ""kind"": ""unpaved""}",2026-08-15T06:02:43+00:00,0.7,REPORTED
372708,road_hazard,"{""hazard"": true, ""kind"": ""unpaved""}",2026-08-15T06:02:43+00:00,0.7,REPORTED
401363,blocked_sidewalk,"{""blocked"": true}",2026-08-15T06:02:43+00:00,0.7,REPORTED
410809,road_hazard,"{""hazard"": true, ""kind"": ""unpaved""}",2026-08-15T06:02:43+00:00,0.7,REPORTED
410832,road_hazard,"{""hazard"": true, ""kind"": ""unpaved""}",2026-08-15T06:02:43+00:00,0.7,REPORTED
372666,road_hazard,"{""hazard"": true, ""kind"": ""unpaved""}",2026-08-15T06:02:43+00:00,0.7,REPORTED
372671,road_hazard,"{""hazard"": true, ""kind"": ""unpaved""}",2026-08-15T06:02:43+00:00,0.7,REPORTED
372572,road_hazard,"{""hazard"": true, ""kind"": ""unpaved""}",2026-08-15T06:02:43+00:00,0.7,REPORTED
372670,road_hazard,"{""hazard"": true, ""kind"": ""unpaved""}",2026-08-15T06:02:43+00:00,0.7,REPORTED
372667,road_hazard,"{""hazard"": true, ""kind"": ""unpaved""}",2026-08-15T06:02:43+00:00,0.7,REPORTED
372668,road_hazard,"{""hazard"": true, ""kind"": ""unpaved""}",2026-08-15T06:02:43+00:00,0.7,REPORTED
372576,road_hazard,"{""hazard"": true, ""kind"": ""unpaved""}",2026-08-15T06:02:43+00:00,0.7,REPORTED
410824,road_hazard,"{""hazard"": true, ""kind"": ""unpaved""}",2026-08-15T06:02:43+00:00,0.7,REPORTED
410822,road_hazard,"{""hazard"": true, ""kind"": ""unpaved""}",2026-08-15T06:02:43+00:00,0.7,REPORTED
372637,road_hazard,"{""hazard"": true, ""kind"": ""unpaved""}",2026-08-15T06:02:43+00:00,0.7,REPORTED
401568,blocked_sidewalk,"{""blocked"": true}",2026-08-15T06:02:43+00:00,0.7,REPORTED
401551,blocked_sidewalk,"{""blocked"": true}",2026-08-15T06:02:43+00:00,0.7,REPORTED
503729,road_hazard,"{""hazard"": true, ""kind"": ""unpaved""}",2026-08-15T06:02:43+00:00,0.7,REPORTED
505279,road_hazard,"{""hazard"": true, ""kind"": ""unpaved""}",2026-08-15T06:02:43+00:00,0.7,REPORTED
565152,road_hazard,"{""hazard"": true, ""kind"": ""unpaved""}",2026-08-15T06:02:43+00:00,0.7,REPORTED
556050,road_hazard,"{""hazard"": true, ""kind"": ""unpaved""}",2026-08-15T06:02:43+00:00,0.7,REPORTED
374691,blocked_sidewalk,"{""blocked"": true}",2026-08-15T06:02:43+00:00,0.7,REPORTED
588805,poor_lighting,"{""poor"": true}",2026-08-15T06:02:43+00:00,0.7,REPORTED
588805,blocked_sidewalk,"{""blocked"": true}",2026-08-15T06:02:43+00:00,0.7,REPORTED
588805,road_hazard,"{""hazard"": true, ""kind"": ""dirt""}",2026-08-15T06:02:43+00:00,0.7,REPORTED
484307,blocked_sidewalk,"{""blocked"": true}",2026-08-15T06:02:43+00:00,0.7,REPORTED
357604,blocked_sidewalk,"{""blocked"": true}",2026-08-15T06:02:43+00:00,0.7,REPORTED
357606,blocked_sidewalk,"{""blocked"": true}",2026-08-15T06:02:43+00:00,0.7,REPORTED
581507,blocked_sidewalk,"{""blocked"": true}",2026-08-15T06:02:43+00:00,0.7,REPORTED
594138,blocked_sidewalk,"{""blocked"": true}",2026-08-15T06:02:43+00:00,0.7,REPORTED
508182,road_hazard,"{""hazard"": true, ""kind"": ""gravel""}",2026-08-15T06:02:43+00:00,0.7,REPORTED
512701,road_hazard,"{""hazard"": true, ""kind"": ""sand""}",2026-08-15T06:02:43+00:00,0.7,REPORTED
512702,road_hazard,"{""hazard"": true, ""kind"": ""sand""}",2026-08-15T06:02:43+00:00,0.7,REPORTED
512700,road_hazard,"{""hazard"": true, ""kind"": ""sand""}",2026-08-15T06:02:43+00:00,0.7,REPORTED
512712,road_hazard,"{""hazard"": true, ""kind"": ""sand""}",2026-08-15T06:02:43+00:00,0.7,REPORTED
512703,road_hazard,"{""hazard"": true, ""kind"": ""sand""}",2026-08-15T06:02:43+00:00,0.7,REPORTED
512710,road_hazard,"{""hazard"": true, ""kind"": ""sand""}",2026-08-15T06:02:43+00:00,0.7,REPORTED
512711,road_hazard,"{""hazard"": true, ""kind"": ""sand""}",2026-08-15T06:02:43+00:00,0.7,REPORTED
512699,road_hazard,"{""hazard"": true, ""kind"": ""sand""}",2026-08-15T06:02:43+00:00,0.7,REPORTED
512709,road_hazard,"{""hazard"": true, ""kind"": ""sand""}",2026-08-15T06:02:43+00:00,0.7,REPORTED
511023,road_hazard,"{""hazard"": true, ""kind"": ""grass""}",2026-08-15T06:02:43+00:00,0.7,REPORTED
511015,road_hazard,"{""hazard"": true, ""kind"": ""grass""}",2026-08-15T06:02:43+00:00,0.7,REPORTED
511028,road_hazard,"{""hazard"": true, ""kind"": ""ground""}",2026-08-15T06:02:43+00:00,0.7,REPORTED
511025,road_hazard,"{""hazard"": true, ""kind"": ""ground""}",2026-08-15T06:02:43+00:00,0.7,REPORTED
511016,road_hazard,"{""hazard"": true, ""kind"": ""ground""}",2026-08-15T06:02:43+00:00,0.7,REPORTED
511024,road_hazard,"{""hazard"": true, ""kind"": ""ground""}",2026-08-15T06:02:43+00:00,0.7,REPORTED
511017,road_hazard,"{""hazard"": true, ""kind"": ""ground""}",2026-08-15T06:02:43+00:00,0.7,REPORTED
511019,road_hazard,"{""hazard"": true, ""kind"": ""ground""}",2026-08-15T06:02:43+00:00,0.7,REPORTED
511082,road_hazard,"{""hazard"": true, ""kind"": ""ground""}",2026-08-15T06:02:43+00:00,0.7,REPORTED
511081,road_hazard,"{""hazard"": true, ""kind"": ""ground""}",2026-08-15T06:02:43+00:00,0.7,REPORTED
511077,road_hazard,"{""hazard"": true, ""kind"": ""ground""}",2026-08-15T06:02:43+00:00,0.7,REPORTED
511080,road_hazard,"{""hazard"": true, ""kind"": ""ground""}",2026-08-15T06:02:43+00:00,0.7,REPORTED
511079,road_hazard,"{""hazard"": true, ""kind"": ""ground""}",2026-08-15T06:02:43+00:00,0.7,REPORTED
496471,blocked_sidewalk,"{""blocked"": true}",2026-08-15T06:02:43+00:00,0.7,REPORTED
496472,blocked_sidewalk,"{""blocked"": true}",2026-08-15T06:02:43+00:00,0.7,REPORTED
496543,blocked_sidewalk,"{""blocked"": true}",2026-08-15T06:02:43+00:00,0.7,REPORTED
484447,blocked_sidewalk,"{""blocked"": true}",2026-08-15T06:02:43+00:00,0.7,REPORTED
490199,blocked_sidewalk,"{""blocked"": true}",2026-08-15T06:02:43+00:00,0.7,REPORTED
490201,blocked_sidewalk,"{""blocked"": true}",2026-08-15T06:02:43+00:00,0.7,REPORTED
484489,blocked_sidewalk,"{""blocked"": true}",2026-08-15T06:02:43+00:00,0.7,REPORTED
381038,blocked_sidewalk,"{""blocked"": true}",2026-08-15T06:02:43+00:00,0.7,REPORTED
489621,road_hazard,"{""hazard"": true, ""kind"": ""unpaved""}",2026-08-15T06:02:43+00:00,0.7,REPORTED
573240,road_hazard,"{""hazard"": true, ""kind"": ""unpaved""}",2026-08-15T06:02:43+00:00,0.7,REPORTED
606223,road_hazard,"{""hazard"": true, ""kind"": ""unpaved""}",2026-08-15T06:02:43+00:00,0.7,REPORTED
606222,road_hazard,"{""hazard"": true, ""kind"": ""unpaved""}",2026-08-15T06:02:43+00:00,0.7,REPORTED
357815,blocked_sidewalk,"{""blocked"": true}",2026-08-15T06:02:43+00:00,0.7,REPORTED
239703,blocked_sidewalk,"{""blocked"": true}",2026-08-15T06:02:43+00:00,0.7,REPORTED
239863,blocked_sidewalk,"{""blocked"": true}",2026-08-15T06:02:43+00:00,0.7,REPORTED
357811,blocked_sidewalk,"{""blocked"": true}",2026-08-15T06:02:43+00:00,0.7,REPORTED
426865,road_hazard,"{""hazard"": true, ""kind"": ""unpaved""}",2026-08-15T06:02:43+00:00,0.7,REPORTED
426866,road_hazard,"{""hazard"": true, ""kind"": ""unpaved""}",2026-08-15T06:02:43+00:00,0.7,REPORTED
496032,road_hazard,"{""hazard"": true, ""kind"": ""ground""}",2026-08-15T06:02:43+00:00,0.7,REPORTED
469612,road_hazard,"{""hazard"": true, ""kind"": ""ground""}",2026-08-15T06:02:43+00:00,0.7,REPORTED
576555,road_hazard,"{""hazard"": true, ""kind"": ""unpaved""}",2026-08-15T06:02:43+00:00,0.7,REPORTED
576562,road_hazard,"{""hazard"": true, ""kind"": ""unpaved""}",2026-08-15T06:02:43+00:00,0.7,REPORTED
576545,road_hazard,"{""hazard"": true, ""kind"": ""unpaved""}",2026-08-15T06:02:43+00:00,0.7,REPORTED
462906,road_hazard,"{""hazard"": true, ""kind"": ""unpaved""}",2026-08-15T06:02:43+00:00,0.7,REPORTED
374701,road_hazard,"{""hazard"": true, ""kind"": ""unpaved""}",2026-08-15T06:02:43+00:00,0.7,REPORTED
593505,road_hazard,"{""hazard"": true, ""kind"": ""unpaved""}",2026-08-15T06:02:43+00:00,0.7,REPORTED
598169,road_hazard,"{""hazard"": true, ""kind"": ""unpaved""}",2026-08-15T06:02:43+00:00,0.7,REPORTED
429237,road_hazard,"{""hazard"": true, ""kind"": ""unpaved""}",2026-08-15T06:02:43+00:00,0.7,REPORTED
579678,road_hazard,"{""hazard"": true, ""kind"": ""unpaved""}",2026-08-15T06:02:43+00:00,0.7,REPORTED
579679,road_hazard,"{""hazard"": true, ""kind"": ""unpaved""}",2026-08-15T06:02:43+00:00,0.7,REPORTED
560618,road_hazard,"{""hazard"": true, ""kind"": ""unpaved""}",2026-08-15T06:02:43+00:00,0.7,REPORTED
492531,road_hazard,"{""hazard"": true, ""kind"": ""unpaved""}",2026-08-15T06:02:43+00:00,0.7,REPORTED
492530,road_hazard,"{""hazard"": true, ""kind"": ""unpaved""}",2026-08-15T06:02:43+00:00,0.7,REPORTED
484417,road_hazard,"{""hazard"": true, ""kind"": ""unpaved""}",2026-08-15T06:02:43+00:00,0.7,REPORTED
492636,road_hazard,"{""hazard"": true, ""kind"": ""unpaved""}",2026-08-15T06:02:43+00:00,0.7,REPORTED
492577,road_hazard,"{""hazard"": true, ""kind"": ""unpaved""}",2026-08-15T06:02:43+00:00,0.7,REPORTED
492571,road_hazard,"{""hazard"": true, ""kind"": ""unpaved""}",2026-08-15T06:02:43+00:00,0.7,REPORTED
560557,road_hazard,"{""hazard"": true, ""kind"": ""unpaved""}",2026-08-15T06:02:43+00:00,0.7,REPORTED
564449,blocked_sidewalk,"{""blocked"": true}",2026-08-15T06:02:43+00:00,0.7,REPORTED
564484,blocked_sidewalk,"{""blocked"": true}",2026-08-15T06:02:43+00:00,0.7,REPORTED
564482,blocked_sidewalk,"{""blocked"": true}",2026-08-15T06:02:43+00:00,0.7,REPORTED
429160,road_hazard,"{""hazard"": true, ""kind"": ""unpaved""}",2026-08-15T06:02:43+00:00,0.7,REPORTED
591587,road_hazard,"{""hazard"": true, ""kind"": ""unpaved""}",2026-08-15T06:02:43+00:00,0.7,REPORTED
578963,road_hazard,"{""hazard"": true, ""kind"": ""unpaved""}",2026-08-15T06:02:43+00:00,0.7,REPORTED
579059,road_hazard,"{""hazard"": true, ""kind"": ""unpaved""}",2026-08-15T06:02:43+00:00,0.7,REPORTED
579063,road_hazard,"{""hazard"": true, ""kind"": ""unpaved""}",2026-08-15T06:02:43+00:00,0.7,REPORTED
579073,road_hazard,"{""hazard"": true, ""kind"": ""unpaved""}",2026-08-15T06:02:43+00:00,0.7,REPORTED
579072,road_hazard,"{""hazard"": true, ""kind"": ""unpaved""}",2026-08-15T06:02:43+00:00,0.7,REPORTED
576226,road_hazard,"{""hazard"": true, ""kind"": ""unpaved""}",2026-08-15T06:02:43+00:00,0.7,REPORTED
576668,road_hazard,"{""hazard"": true, ""kind"": ""unpaved""}",2026-08-15T06:02:43+00:00,0.7,REPORTED
576751,road_hazard,"{""hazard"": true, ""kind"": ""unpaved""}",2026-08-15T06:02:43+00:00,0.7,REPORTED
575203,road_hazard,"{""hazard"": true, ""kind"": ""unpaved""}",2026-08-15T06:02:43+00:00,0.7,REPORTED
576675,road_hazard,"{""hazard"": true, ""kind"": ""unpaved""}",2026-08-15T06:02:43+00:00,0.7,REPORTED
575215,road_hazard,"{""hazard"": true, ""kind"": ""unpaved""}",2026-08-15T06:02:43+00:00,0.7,REPORTED
576559,road_hazard,"{""hazard"": true, ""kind"": ""unpaved""}",2026-08-15T06:02:43+00:00,0.7,REPORTED
575206,road_hazard,"{""hazard"": true, ""kind"": ""unpaved""}",2026-08-15T06:02:43+00:00,0.7,REPORTED
576590,road_hazard,"{""hazard"": true, ""kind"": ""unpaved""}",2026-08-15T06:02:43+00:00,0.7,REPORTED
576537,road_hazard,"{""hazard"": true, ""kind"": ""unpaved""}",2026-08-15T06:02:43+00:00,0.7,REPORTED
576698,road_hazard,"{""hazard"": true, ""kind"": ""unpaved""}",2026-08-15T06:02:43+00:00,0.7,REPORTED
576697,road_hazard,"{""hazard"": true, ""kind"": ""unpaved""}",2026-08-15T06:02:43+00:00,0.7,REPORTED
576692,road_hazard,"{""hazard"": true, ""kind"": ""unpaved""}",2026-08-15T06:02:43+00:00,0.7,REPORTED
619251,road_hazard,"{""hazard"": true, ""kind"": ""unpaved""}",2026-08-15T06:02:43+00:00,0.7,REPORTED
618742,road_hazard,"{""hazard"": true, ""kind"": ""unpaved""}",2026-08-15T06:02:43+00:00,0.7,REPORTED
372439,road_hazard,"{""hazard"": true, ""kind"": ""unpaved""}",2026-08-15T06:02:43+00:00,0.7,REPORTED
619234,road_hazard,"{""hazard"": true, ""kind"": ""unpaved""}",2026-08-15T06:02:43+00:00,0.7,REPORTED
619226,road_hazard,"{""hazard"": true, ""kind"": ""unpaved""}",2026-08-15T06:02:43+00:00,0.7,REPORTED
619228,road_hazard,"{""hazard"": true, ""kind"": ""unpaved""}",2026-08-15T06:02:43+00:00,0.7,REPORTED
619266,road_hazard,"{""hazard"": true, ""kind"": ""unpaved""}",2026-08-15T06:02:43+00:00,0.7,REPORTED
602455,road_hazard,"{""hazard"": true, ""kind"": ""unpaved""}",2026-08-15T06:02:43+00:00,0.7,REPORTED
619262,road_hazard,"{""hazard"": true, ""kind"": ""unpaved""}",2026-08-15T06:02:43+00:00,0.7,REPORTED
619264,road_hazard,"{""hazard"": true, ""kind"": ""unpaved""}",2026-08-15T06:02:43+00:00,0.7,REPORTED
619260,road_hazard,"{""hazard"": true, ""kind"": ""unpaved""}",2026-08-15T06:02:43+00:00,0.7,REPORTED
619282,road_hazard,"{""hazard"": true, ""kind"": ""unpaved""}",2026-08-15T06:02:43+00:00,0.7,REPORTED
619279,road_hazard,"{""hazard"": true, ""kind"": ""unpaved""}",2026-08-15T06:02:43+00:00,0.7,REPORTED
589399,road_hazard,"{""hazard"": true, ""kind"": ""unpaved""}",2026-08-15T06:02:43+00:00,0.7,REPORTED
604679,road_hazard,"{""hazard"": true, ""kind"": ""unpaved""}",2026-08-15T06:02:43+00:00,0.7,REPORTED
582236,road_hazard,"{""hazard"": true, ""kind"": ""unpaved""}",2026-08-15T06:02:43+00:00,0.7,REPORTED
582473,road_hazard,"{""hazard"": true, ""kind"": ""unpaved""}",2026-08-15T06:02:43+00:00,0.7,REPORTED
583594,road_hazard,"{""hazard"": true, ""kind"": ""unpaved""}",2026-08-15T06:02:43+00:00,0.7,REPORTED
589812,blocked_sidewalk,"{""blocked"": true}",2026-08-15T06:02:43+00:00,0.7,REPORTED
588919,road_hazard,"{""hazard"": true, ""kind"": ""unpaved""}",2026-08-15T06:02:43+00:00,0.7,REPORTED
576946,road_hazard,"{""hazard"": true, ""kind"": ""unpaved""}",2026-08-15T06:02:43+00:00,0.7,REPORTED
577016,road_hazard,"{""hazard"": true, ""kind"": ""unpaved""}",2026-08-15T06:02:43+00:00,0.7,REPORTED
598631,road_hazard,"{""hazard"": true, ""kind"": ""unpaved""}",2026-08-15T06:02:43+00:00,0.7,REPORTED
577297,road_hazard,"{""hazard"": true, ""kind"": ""unpaved""}",2026-08-15T06:02:43+00:00,0.7,REPORTED
576683,road_hazard,"{""hazard"": true, ""kind"": ""unpaved""}",2026-08-15T06:02:43+00:00,0.7,REPORTED
576682,road_hazard,"{""hazard"": true, ""kind"": ""unpaved""}",2026-08-15T06:02:43+00:00,0.7,REPORTED
576373,road_hazard,"{""hazard"": true, ""kind"": ""unpaved""}",2026-08-15T06:02:43+00:00,0.7,REPORTED
550619,road_hazard,"{""hazard"": true, ""kind"": ""unpaved""}",2026-08-15T06:02:43+00:00,0.7,REPORTED
576446,road_hazard,"{""hazard"": true, ""kind"": ""unpaved""}",2026-08-15T06:02:43+00:00,0.7,REPORTED
576449,road_hazard,"{""hazard"": true, ""kind"": ""unpaved""}",2026-08-15T06:02:43+00:00,0.7,REPORTED
585141,road_hazard,"{""hazard"": true, ""kind"": ""unpaved""}",2026-08-15T06:02:43+00:00,0.7,REPORTED
585140,road_hazard,"{""hazard"": true, ""kind"": ""unpaved""}",2026-08-15T06:02:43+00:00,0.7,REPORTED
596642,road_hazard,"{""hazard"": true, ""kind"": ""unpaved""}",2026-08-15T06:02:43+00:00,0.7,REPORTED
576296,road_hazard,"{""hazard"": true, ""kind"": ""unpaved""}",2026-08-15T06:02:43+00:00,0.7,REPORTED
532703,road_hazard,"{""hazard"": true, ""kind"": ""unpaved""}",2026-08-15T06:02:43+00:00,0.7,REPORTED
532794,road_hazard,"{""hazard"": true, ""kind"": ""unpaved""}",2026-08-15T06:02:43+00:00,0.7,REPORTED
586572,road_hazard,"{""hazard"": true, ""kind"": ""unpaved""}",2026-08-15T06:02:43+00:00,0.7,REPORTED
586571,road_hazard,"{""hazard"": true, ""kind"": ""unpaved""}",2026-08-15T06:02:43+00:00,0.7,REPORTED
576397,road_hazard,"{""hazard"": true, ""kind"": ""unpaved""}",2026-08-15T06:02:43+00:00,0.7,REPORTED
554167,road_hazard,"{""hazard"": true, ""kind"": ""unpaved""}",2026-08-15T06:02:43+00:00,0.7,REPORTED
554265,road_hazard,"{""hazard"": true, ""kind"": ""unpaved""}",2026-08-15T06:02:43+00:00,0.7,REPORTED
553855,road_hazard,"{""hazard"": true, ""kind"": ""unpaved""}",2026-08-15T06:02:43+00:00,0.7,REPORTED
603777,road_hazard,"{""hazard"": true, ""kind"": ""unpaved""}",2026-08-15T06:02:43+00:00,0.7,REPORTED
579502,road_hazard,"{""hazard"": true, ""kind"": ""unpaved""}",2026-08-15T06:02:43+00:00,0.7,REPORTED
589342,road_hazard,"{""hazard"": true, ""kind"": ""unpaved""}",2026-08-15T06:02:43+00:00,0.7,REPORTED
553170,road_hazard,"{""hazard"": true, ""kind"": ""unpaved""}",2026-08-15T06:02:43+00:00,0.7,REPORTED
553175,road_hazard,"{""hazard"": true, ""kind"": ""unpaved""}",2026-08-15T06:02:43+00:00,0.7,REPORTED
555738,road_hazard,"{""hazard"": true, ""kind"": ""unpaved""}",2026-08-15T06:02:43+00:00,0.7,REPORTED
555710,road_hazard,"{""hazard"": true, ""kind"": ""unpaved""}",2026-08-15T06:02:43+00:00,0.7,REPORTED
603283,road_hazard,"{""hazard"": true, ""kind"": ""unpaved""}",2026-08-15T06:02:43+00:00,0.7,REPORTED
571313,road_hazard,"{""hazard"": true, ""kind"": ""unpaved""}",2026-08-15T06:02:43+00:00,0.7,REPORTED
603134,road_hazard,"{""hazard"": true, ""kind"": ""unpaved""}",2026-08-15T06:02:43+00:00,0.7,REPORTED
571279,road_hazard,"{""hazard"": true, ""kind"": ""unpaved""}",2026-08-15T06:02:43+00:00,0.7,REPORTED
554874,road_hazard,"{""hazard"": true, ""kind"": ""unpaved""}",2026-08-15T06:02:43+00:00,0.7,REPORTED
581056,road_hazard,"{""hazard"": true, ""kind"": ""unpaved""}",2026-08-15T06:02:43+00:00,0.7,REPORTED
486948,road_hazard,"{""hazard"": true, ""kind"": ""unpaved""}",2026-08-15T06:02:43+00:00,0.7,REPORTED
563282,road_hazard,"{""hazard"": true, ""kind"": ""unpaved""}",2026-08-15T06:02:43+00:00,0.7,REPORTED
488458,road_hazard,"{""hazard"": true, ""kind"": ""unpaved""}",2026-08-15T06:02:43+00:00,0.7,REPORTED
594595,road_hazard,"{""hazard"": true, ""kind"": ""unpaved""}",2026-08-15T06:02:43+00:00,0.7,REPORTED
553711,blocked_sidewalk,"{""blocked"": true}",2026-08-15T06:02:43+00:00,0.7,REPORTED
553707,blocked_sidewalk,"{""blocked"": true}",2026-08-15T06:02:43+00:00,0.7,REPORTED
555673,road_hazard,"{""hazard"": true, ""kind"": ""unpaved""}",2026-08-15T06:02:43+00:00,0.7,REPORTED
555713,road_hazard,"{""hazard"": true, ""kind"": ""unpaved""}",2026-08-15T06:02:43+00:00,0.7,REPORTED
555674,road_hazard,"{""hazard"": true, ""kind"": ""unpaved""}",2026-08-15T06:02:43+00:00,0.7,REPORTED
555696,road_hazard,"{""hazard"": true, ""kind"": ""unpaved""}",2026-08-15T06:02:43+00:00,0.7,REPORTED
555845,road_hazard,"{""hazard"": true, ""kind"": ""unpaved""}",2026-08-15T06:02:43+00:00,0.7,REPORTED
555791,road_hazard,"{""hazard"": true, ""kind"": ""unpaved""}",2026-08-15T06:02:43+00:00,0.7,REPORTED
555790,road_hazard,"{""hazard"": true, ""kind"": ""unpaved""}",2026-08-15T06:02:43+00:00,0.7,REPORTED
555788,road_hazard,"{""hazard"": true, ""kind"": ""unpaved""}",2026-08-15T06:02:43+00:00,0.7,REPORTED
477675,road_hazard,"{""hazard"": true, ""kind"": ""unpaved""}",2026-08-15T06:02:43+00:00,0.7,REPORTED
555941,road_hazard,"{""hazard"": true, ""kind"": ""unpaved""}",2026-08-15T06:02:43+00:00,0.7,REPORTED
664855,road_hazard,"{""hazard"": true, ""kind"": ""unpaved""}",2026-08-15T06:02:43+00:00,0.7,REPORTED
664851,road_hazard,"{""hazard"": true, ""kind"": ""unpaved""}",2026-08-15T06:02:43+00:00,0.7,REPORTED
664850,road_hazard,"{""hazard"": true, ""kind"": ""unpaved""}",2026-08-15T06:02:43+00:00,0.7,REPORTED
664852,road_hazard,"{""hazard"": true, ""kind"": ""unpaved""}",2026-08-15T06:02:43+00:00,0.7,REPORTED
432545,road_hazard,"{""hazard"": true, ""kind"": ""unpaved""}",2026-08-15T06:02:43+00:00,0.7,REPORTED
432537,road_hazard,"{""hazard"": true, ""kind"": ""unpaved""}",2026-08-15T06:02:43+00:00,0.7,REPORTED
553308,road_hazard,"{""hazard"": true, ""kind"": ""unpaved""}",2026-08-15T06:02:43+00:00,0.7,REPORTED
553307,road_hazard,"{""hazard"": true, ""kind"": ""unpaved""}",2026-08-15T06:02:43+00:00,0.7,REPORTED
657314,road_hazard,"{""hazard"": true, ""kind"": ""unpaved""}",2026-08-15T06:02:43+00:00,0.7,REPORTED
657543,road_hazard,"{""hazard"": true, ""kind"": ""unpaved""}",2026-08-15T06:02:43+00:00,0.7,REPORTED
362232,blocked_sidewalk,"{""blocked"": true}",2026-08-15T06:02:43+00:00,0.7,REPORTED
361789,blocked_sidewalk,"{""blocked"": true}",2026-08-15T06:02:43+00:00,0.7,REPORTED
514685,blocked_sidewalk,"{""blocked"": true}",2026-08-15T06:02:43+00:00,0.7,REPORTED
503425,road_hazard,"{""hazard"": true, ""kind"": ""unpaved""}",2026-08-15T06:02:43+00:00,0.7,REPORTED
503427,road_hazard,"{""hazard"": true, ""kind"": ""unpaved""}",2026-08-15T06:02:43+00:00,0.7,REPORTED
503426,road_hazard,"{""hazard"": true, ""kind"": ""unpaved""}",2026-08-15T06:02:43+00:00,0.7,REPORTED
542962,blocked_sidewalk,"{""blocked"": true}",2026-08-15T06:02:43+00:00,0.7,REPORTED
496530,poor_lighting,"{""poor"": true}",2026-08-15T06:02:43+00:00,0.7,REPORTED
505835,road_hazard,"{""hazard"": true, ""kind"": ""unpaved""}",2026-08-15T06:02:43+00:00,0.7,REPORTED
507108,road_hazard,"{""hazard"": true, ""kind"": ""unpaved""}",2026-08-15T06:02:43+00:00,0.7,REPORTED
506041,road_hazard,"{""hazard"": true, ""kind"": ""unpaved""}",2026-08-15T06:02:43+00:00,0.7,REPORTED
457129,poor_lighting,"{""poor"": true}",2026-08-15T06:02:43+00:00,0.7,REPORTED
429303,road_hazard,"{""hazard"": true, ""kind"": ""unpaved""}",2026-08-15T06:02:43+00:00,0.7,REPORTED
510211,road_hazard,"{""hazard"": true, ""kind"": ""unpaved""}",2026-08-15T06:02:43+00:00,0.7,REPORTED
510212,road_hazard,"{""hazard"": true, ""kind"": ""unpaved""}",2026-08-15T06:02:43+00:00,0.7,REPORTED
510213,road_hazard,"{""hazard"": true, ""kind"": ""unpaved""}",2026-08-15T06:02:43+00:00,0.7,REPORTED
510214,road_hazard,"{""hazard"": true, ""kind"": ""unpaved""}",2026-08-15T06:02:43+00:00,0.7,REPORTED
510199,road_hazard,"{""hazard"": true, ""kind"": ""unpaved""}",2026-08-15T06:02:43+00:00,0.7,REPORTED
510202,road_hazard,"{""hazard"": true, ""kind"": ""unpaved""}",2026-08-15T06:02:43+00:00,0.7,REPORTED
510201,road_hazard,"{""hazard"": true, ""kind"": ""unpaved""}",2026-08-15T06:02:43+00:00,0.7,REPORTED
510200,road_hazard,"{""hazard"": true, ""kind"": ""unpaved""}",2026-08-15T06:02:43+00:00,0.7,REPORTED
510248,road_hazard,"{""hazard"": true, ""kind"": ""unpaved""}",2026-08-15T06:02:43+00:00,0.7,REPORTED
416465,road_hazard,"{""hazard"": true, ""kind"": ""unpaved""}",2026-08-15T06:02:43+00:00,0.7,REPORTED
510634,blocked_sidewalk,"{""blocked"": true}",2026-08-15T06:02:43+00:00,0.7,REPORTED
510636,blocked_sidewalk,"{""blocked"": true}",2026-08-15T06:02:43+00:00,0.7,REPORTED
510643,blocked_sidewalk,"{""blocked"": true}",2026-08-15T06:02:43+00:00,0.7,REPORTED
510633,blocked_sidewalk,"{""blocked"": true}",2026-08-15T06:02:43+00:00,0.7,REPORTED
416375,road_hazard,"{""hazard"": true, ""kind"": ""unpaved""}",2026-08-15T06:02:43+00:00,0.7,REPORTED
445402,blocked_sidewalk,"{""blocked"": true}",2026-08-15T06:02:43+00:00,0.7,REPORTED
445399,blocked_sidewalk,"{""blocked"": true}",2026-08-15T06:02:43+00:00,0.7,REPORTED
445403,blocked_sidewalk,"{""blocked"": true}",2026-08-15T06:02:43+00:00,0.7,REPORTED
455995,road_hazard,"{""hazard"": true, ""kind"": ""ground""}",2026-08-15T06:02:43+00:00,0.7,REPORTED
455993,road_hazard,"{""hazard"": true, ""kind"": ""ground""}",2026-08-15T06:02:43+00:00,0.7,REPORTED
533745,road_hazard,"{""hazard"": true, ""kind"": ""unpaved""}",2026-08-15T06:02:43+00:00,0.7,REPORTED
533744,road_hazard,"{""hazard"": true, ""kind"": ""unpaved""}",2026-08-15T06:02:43+00:00,0.7,REPORTED
533753,road_hazard,"{""hazard"": true, ""kind"": ""unpaved""}",2026-08-15T06:02:43+00:00,0.7,REPORTED
498057,road_hazard,"{""hazard"": true, ""kind"": ""dirt""}",2026-08-15T06:02:43+00:00,0.7,REPORTED
375764,road_hazard,"{""hazard"": true, ""kind"": ""unpaved""}",2026-08-15T06:02:43+00:00,0.7,REPORTED
498030,road_hazard,"{""hazard"": true, ""kind"": ""dirt""}",2026-08-15T06:02:43+00:00,0.7,REPORTED
498032,road_hazard,"{""hazard"": true, ""kind"": ""dirt""}",2026-08-15T06:02:43+00:00,0.7,REPORTED
498031,road_hazard,"{""hazard"": true, ""kind"": ""dirt""}",2026-08-15T06:02:43+00:00,0.7,REPORTED
498132,road_hazard,"{""hazard"": true, ""kind"": ""dirt""}",2026-08-15T06:02:43+00:00,0.7,REPORTED
498133,road_hazard,"{""hazard"": true, ""kind"": ""dirt""}",2026-08-15T06:02:43+00:00,0.7,REPORTED
497823,road_hazard,"{""hazard"": true, ""kind"": ""dirt""}",2026-08-15T06:02:43+00:00,0.7,REPORTED
497824,road_hazard,"{""hazard"": true, ""kind"": ""dirt""}",2026-08-15T06:02:43+00:00,0.7,REPORTED
374670,blocked_sidewalk,"{""blocked"": true}",2026-08-15T06:02:43+00:00,0.7,REPORTED
374350,blocked_sidewalk,"{""blocked"": true}",2026-08-15T06:02:43+00:00,0.7,REPORTED
374672,blocked_sidewalk,"{""blocked"": true}",2026-08-15T06:02:43+00:00,0.7,REPORTED
374349,blocked_sidewalk,"{""blocked"": true}",2026-08-15T06:02:43+00:00,0.7,REPORTED
461385,poor_lighting,"{""poor"": true}",2026-08-15T06:02:43+00:00,0.7,REPORTED
465879,poor_lighting,"{""poor"": true}",2026-08-15T06:02:43+00:00,0.7,REPORTED
465786,poor_lighting,"{""poor"": true}",2026-08-15T06:02:43+00:00,0.7,REPORTED
465718,poor_lighting,"{""poor"": true}",2026-08-15T06:02:43+00:00,0.7,REPORTED
375184,blocked_sidewalk,"{""blocked"": true}",2026-08-15T06:02:43+00:00,0.7,REPORTED
375183,blocked_sidewalk,"{""blocked"": true}",2026-08-15T06:02:43+00:00,0.7,REPORTED
375201,blocked_sidewalk,"{""blocked"": true}",2026-08-15T06:02:43+00:00,0.7,REPORTED
375202,blocked_sidewalk,"{""blocked"": true}",2026-08-15T06:02:43+00:00,0.7,REPORTED
459251,blocked_sidewalk,"{""blocked"": true}",2026-08-15T06:02:43+00:00,0.7,REPORTED
374744,blocked_sidewalk,"{""blocked"": true}",2026-08-15T06:02:43+00:00,0.7,REPORTED
374699,blocked_sidewalk,"{""blocked"": true}",2026-08-15T06:02:43+00:00,0.7,REPORTED
375210,blocked_sidewalk,"{""blocked"": true}",2026-08-15T06:02:43+00:00,0.7,REPORTED
375209,blocked_sidewalk,"{""blocked"": true}",2026-08-15T06:02:43+00:00,0.7,REPORTED
465703,poor_lighting,"{""poor"": true}",2026-08-15T06:02:43+00:00,0.7,REPORTED
359569,blocked_sidewalk,"{""blocked"": true}",2026-08-15T06:02:43+00:00,0.7,REPORTED
359568,blocked_sidewalk,"{""blocked"": true}",2026-08-15T06:02:43+00:00,0.7,REPORTED
359751,blocked_sidewalk,"{""blocked"": true}",2026-08-15T06:02:43+00:00,0.7,REPORTED
359750,blocked_sidewalk,"{""blocked"": true}",2026-08-15T06:02:43+00:00,0.7,REPORTED
363108,blocked_sidewalk,"{""blocked"": true}",2026-08-15T06:02:43+00:00,0.7,REPORTED
362781,blocked_sidewalk,"{""blocked"": true}",2026-08-15T06:02:43+00:00,0.7,REPORTED
363140,blocked_sidewalk,"{""blocked"": true}",2026-08-15T06:02:43+00:00,0.7,REPORTED
362281,blocked_sidewalk,"{""blocked"": true}",2026-08-15T06:02:43+00:00,0.7,REPORTED
362280,blocked_sidewalk,"{""blocked"": true}",2026-08-15T06:02:43+00:00,0.7,REPORTED
362122,blocked_sidewalk,"{""blocked"": true}",2026-08-15T06:02:43+00:00,0.7,REPORTED
362037,blocked_sidewalk,"{""blocked"": true}",2026-08-15T06:02:43+00:00,0.7,REPORTED
360030,blocked_sidewalk,"{""blocked"": true}",2026-08-15T06:02:43+00:00,0.7,REPORTED
362776,blocked_sidewalk,"{""blocked"": true}",2026-08-15T06:02:43+00:00,0.7,REPORTED
465809,poor_lighting,"{""poor"": true}",2026-08-15T06:02:43+00:00,0.7,REPORTED
359618,blocked_sidewalk,"{""blocked"": true}",2026-08-15T06:02:43+00:00,0.7,REPORTED
359617,blocked_sidewalk,"{""blocked"": true}",2026-08-15T06:02:43+00:00,0.7,REPORTED
358091,blocked_sidewalk,"{""blocked"": true}",2026-08-15T06:02:43+00:00,0.7,REPORTED
358090,blocked_sidewalk,"{""blocked"": true}",2026-08-15T06:02:43+00:00,0.7,REPORTED
360013,blocked_sidewalk,"{""blocked"": true}",2026-08-15T06:02:43+00:00,0.7,REPORTED
360018,blocked_sidewalk,"{""blocked"": true}",2026-08-15T06:02:43+00:00,0.7,REPORTED
362081,blocked_sidewalk,"{""blocked"": true}",2026-08-15T06:02:43+00:00,0.7,REPORTED
362089,blocked_sidewalk,"{""blocked"": true}",2026-08-15T06:02:43+00:00,0.7,REPORTED
362082,blocked_sidewalk,"{""blocked"": true}",2026-08-15T06:02:43+00:00,0.7,REPORTED
362088,blocked_sidewalk,"{""blocked"": true}",2026-08-15T06:02:43+00:00,0.7,REPORTED
374370,blocked_sidewalk,"{""blocked"": true}",2026-08-15T06:02:43+00:00,0.7,REPORTED
374501,blocked_sidewalk,"{""blocked"": true}",2026-08-15T06:02:43+00:00,0.7,REPORTED
374366,blocked_sidewalk,"{""blocked"": true}",2026-08-15T06:02:43+00:00,0.7,REPORTED
374500,blocked_sidewalk,"{""blocked"": true}",2026-08-15T06:02:43+00:00,0.7,REPORTED
450268,road_hazard,"{""hazard"": true, ""kind"": ""sand""}",2026-08-15T06:02:43+00:00,0.7,REPORTED
409804,blocked_sidewalk,"{""blocked"": true}",2026-08-15T06:02:43+00:00,0.7,REPORTED
658175,road_hazard,"{""hazard"": true, ""kind"": ""unpaved""}",2026-08-15T06:02:43+00:00,0.7,REPORTED
480666,road_hazard,"{""hazard"": true, ""kind"": ""unpaved""}",2026-08-15T06:02:43+00:00,0.7,REPORTED
485826,road_hazard,"{""hazard"": true, ""kind"": ""unpaved""}",2026-08-15T06:02:43+00:00,0.7,REPORTED
598602,road_hazard,"{""hazard"": true, ""kind"": ""unpaved""}",2026-08-15T06:02:43+00:00,0.7,REPORTED
598595,road_hazard,"{""hazard"": true, ""kind"": ""unpaved""}",2026-08-15T06:02:43+00:00,0.7,REPORTED
598601,road_hazard,"{""hazard"": true, ""kind"": ""unpaved""}",2026-08-15T06:02:43+00:00,0.7,REPORTED
480708,road_hazard,"{""hazard"": true, ""kind"": ""unpaved""}",2026-08-15T06:02:43+00:00,0.7,REPORTED
593333,road_hazard,"{""hazard"": true, ""kind"": ""sand""}",2026-08-15T06:02:43+00:00,0.7,REPORTED
593314,road_hazard,"{""hazard"": true, ""kind"": ""dirt""}",2026-08-15T06:02:43+00:00,0.7,REPORTED
593315,road_hazard,"{""hazard"": true, ""kind"": ""dirt""}",2026-08-15T06:02:43+00:00,0.7,REPORTED
593317,road_hazard,"{""hazard"": true, ""kind"": ""dirt""}",2026-08-15T06:02:43+00:00,0.7,REPORTED
593316,road_hazard,"{""hazard"": true, ""kind"": ""dirt""}",2026-08-15T06:02:43+00:00,0.7,REPORTED
592792,road_hazard,"{""hazard"": true, ""kind"": ""dirt""}",2026-08-15T06:02:43+00:00,0.7,REPORTED
667851,road_hazard,"{""hazard"": true, ""kind"": ""unpaved""}",2026-08-15T06:02:43+00:00,0.7,REPORTED
669336,road_hazard,"{""hazard"": true, ""kind"": ""unpaved""}",2026-08-15T06:02:43+00:00,0.7,REPORTED
456844,poor_lighting,"{""poor"": true}",2026-08-15T06:02:43+00:00,0.7,REPORTED
456785,poor_lighting,"{""poor"": true}",2026-08-15T06:02:43+00:00,0.7,REPORTED
456846,poor_lighting,"{""poor"": true}",2026-08-15T06:02:43+00:00,0.7,REPORTED
566158,blocked_sidewalk,"{""blocked"": true}",2026-08-15T06:02:43+00:00,0.7,REPORTED
553539,blocked_sidewalk,"{""blocked"": true}",2026-08-15T06:02:43+00:00,0.7,REPORTED
553441,blocked_sidewalk,"{""blocked"": true}",2026-08-15T06:02:43+00:00,0.7,REPORTED
553440,blocked_sidewalk,"{""blocked"": true}",2026-08-15T06:02:43+00:00,0.7,REPORTED
381156,poor_lighting,"{""poor"": true}",2026-08-15T06:02:43+00:00,0.7,REPORTED
468604,road_hazard,"{""hazard"": true, ""kind"": ""unpaved""}",2026-08-15T06:02:43+00:00,0.7,REPORTED
470983,road_hazard,"{""hazard"": true, ""kind"": ""sand""}",2026-08-15T06:02:43+00:00,0.7,REPORTED
483210,road_hazard,"{""hazard"": true, ""kind"": ""unpaved""}",2026-08-15T06:02:43+00:00,0.7,REPORTED
580822,road_hazard,"{""hazard"": true, ""kind"": ""unpaved""}",2026-08-15T06:02:43+00:00,0.7,REPORTED
369698,road_hazard,"{""hazard"": true, ""kind"": ""unpaved""}",2026-08-15T06:02:43+00:00,0.7,REPORTED
665664,road_hazard,"{""hazard"": true, ""kind"": ""unpaved""}",2026-08-15T06:02:43+00:00,0.7,REPORTED
511663,poor_lighting,"{""poor"": true}",2026-08-15T06:02:43+00:00,0.7,REPORTED
511667,poor_lighting,"{""poor"": true}",2026-08-15T06:02:43+00:00,0.7,REPORTED
511678,poor_lighting,"{""poor"": true}",2026-08-15T06:02:43+00:00,0.7,REPORTED
511643,poor_lighting,"{""poor"": true}",2026-08-15T06:02:43+00:00,0.7,REPORTED
511668,poor_lighting,"{""poor"": true}",2026-08-15T06:02:43+00:00,0.7,REPORTED
511669,poor_lighting,"{""poor"": true}",2026-08-15T06:02:43+00:00,0.7,REPORTED
511659,poor_lighting,"{""poor"": true}",2026-08-15T06:02:43+00:00,0.7,REPORTED
511662,poor_lighting,"{""poor"": true}",2026-08-15T06:02:43+00:00,0.7,REPORTED
511672,poor_lighting,"{""poor"": true}",2026-08-15T06:02:43+00:00,0.7,REPORTED
511671,poor_lighting,"{""poor"": true}",2026-08-15T06:02:43+00:00,0.7,REPORTED
511642,poor_lighting,"{""poor"": true}",2026-08-15T06:02:43+00:00,0.7,REPORTED
511679,poor_lighting,"{""poor"": true}",2026-08-15T06:02:43+00:00,0.7,REPORTED
511677,poor_lighting,"{""poor"": true}",2026-08-15T06:02:43+00:00,0.7,REPORTED
511676,poor_lighting,"{""poor"": true}",2026-08-15T06:02:43+00:00,0.7,REPORTED
476785,road_hazard,"{""hazard"": true, ""kind"": ""dirt""}",2026-08-15T06:02:43+00:00,0.7,REPORTED
476782,road_hazard,"{""hazard"": true, ""kind"": ""dirt""}",2026-08-15T06:02:43+00:00,0.7,REPORTED
514684,blocked_sidewalk,"{""blocked"": true}",2026-08-15T06:02:43+00:00,0.7,REPORTED
579793,blocked_sidewalk,"{""blocked"": true}",2026-08-15T06:02:43+00:00,0.7,REPORTED
579792,blocked_sidewalk,"{""blocked"": true}",2026-08-15T06:02:43+00:00,0.7,REPORTED
579581,blocked_sidewalk,"{""blocked"": true}",2026-08-15T06:02:43+00:00,0.7,REPORTED
581435,blocked_sidewalk,"{""blocked"": true}",2026-08-15T06:02:43+00:00,0.7,REPORTED
565007,blocked_sidewalk,"{""blocked"": true}",2026-08-15T06:02:43+00:00,0.7,REPORTED
565008,blocked_sidewalk,"{""blocked"": true}",2026-08-15T06:02:43+00:00,0.7,REPORTED
564707,blocked_sidewalk,"{""blocked"": true}",2026-08-15T06:02:43+00:00,0.7,REPORTED
564708,blocked_sidewalk,"{""blocked"": true}",2026-08-15T06:02:43+00:00,0.7,REPORTED
483305,road_hazard,"{""hazard"": true, ""kind"": ""unpaved""}",2026-08-15T06:02:43+00:00,0.7,REPORTED
565491,road_hazard,"{""hazard"": true, ""kind"": ""ground""}",2026-08-15T06:02:43+00:00,0.7,REPORTED
490344,road_hazard,"{""hazard"": true, ""kind"": ""ground""}",2026-08-15T06:02:43+00:00,0.7,REPORTED
382316,road_hazard,"{""hazard"": true, ""kind"": ""gravel""}",2026-08-15T06:02:43+00:00,0.7,REPORTED
493225,road_hazard,"{""hazard"": true, ""kind"": ""ground""}",2026-08-15T06:02:43+00:00,0.7,REPORTED
493224,road_hazard,"{""hazard"": true, ""kind"": ""ground""}",2026-08-15T06:02:43+00:00,0.7,REPORTED
493227,road_hazard,"{""hazard"": true, ""kind"": ""ground""}",2026-08-15T06:02:43+00:00,0.7,REPORTED
493223,road_hazard,"{""hazard"": true, ""kind"": ""ground""}",2026-08-15T06:02:43+00:00,0.7,REPORTED
453146,road_hazard,"{""hazard"": true, ""kind"": ""sand""}",2026-08-15T06:02:43+00:00,0.7,REPORTED
453153,road_hazard,"{""hazard"": true, ""kind"": ""sand""}",2026-08-15T06:02:43+00:00,0.7,REPORTED
453157,road_hazard,"{""hazard"": true, ""kind"": ""sand""}",2026-08-15T06:02:43+00:00,0.7,REPORTED
453147,road_hazard,"{""hazard"": true, ""kind"": ""sand""}",2026-08-15T06:02:43+00:00,0.7,REPORTED
453152,road_hazard,"{""hazard"": true, ""kind"": ""sand""}",2026-08-15T06:02:43+00:00,0.7,REPORTED
602399,road_hazard,"{""hazard"": true, ""kind"": ""unpaved""}",2026-08-15T06:02:43+00:00,0.7,REPORTED
483372,road_hazard,"{""hazard"": true, ""kind"": ""unpaved""}",2026-08-15T06:02:43+00:00,0.7,REPORTED
553003,road_hazard,"{""hazard"": true, ""kind"": ""ground""}",2026-08-15T06:02:43+00:00,0.7,REPORTED
553005,road_hazard,"{""hazard"": true, ""kind"": ""ground""}",2026-08-15T06:02:43+00:00,0.7,REPORTED
381089,road_hazard,"{""hazard"": true, ""kind"": ""dirt""}",2026-08-15T06:02:43+00:00,0.7,REPORTED
496029,road_hazard,"{""hazard"": true, ""kind"": ""ground""}",2026-08-15T06:02:43+00:00,0.7,REPORTED
496027,road_hazard,"{""hazard"": true, ""kind"": ""ground""}",2026-08-15T06:02:43+00:00,0.7,REPORTED
496028,road_hazard,"{""hazard"": true, ""kind"": ""ground""}",2026-08-15T06:02:43+00:00,0.7,REPORTED
579578,blocked_sidewalk,"{""blocked"": true}",2026-08-15T06:02:43+00:00,0.7,REPORTED
394373,road_hazard,"{""hazard"": true, ""kind"": ""unpaved""}",2026-08-15T06:02:43+00:00,0.7,REPORTED
558144,road_hazard,"{""hazard"": true, ""kind"": ""unpaved""}",2026-08-15T06:02:43+00:00,0.7,REPORTED
431800,road_hazard,"{""hazard"": true, ""kind"": ""unpaved""}",2026-08-15T06:02:43+00:00,0.7,REPORTED
426260,road_hazard,"{""hazard"": true, ""kind"": ""unpaved""}",2026-08-15T06:02:43+00:00,0.7,REPORTED
553651,road_hazard,"{""hazard"": true, ""kind"": ""unpaved""}",2026-08-15T06:02:43+00:00,0.7,REPORTED
487788,road_hazard,"{""hazard"": true, ""kind"": ""unpaved""}",2026-08-15T06:02:43+00:00,0.7,REPORTED
419305,road_hazard,"{""hazard"": true, ""kind"": ""unpaved""}",2026-08-15T06:02:43+00:00,0.7,REPORTED
394166,road_hazard,"{""hazard"": true, ""kind"": ""unpaved""}",2026-08-15T06:02:43+00:00,0.7,REPORTED
596236,road_hazard,"{""hazard"": true, ""kind"": ""unpaved""}",2026-08-15T06:02:43+00:00,0.7,REPORTED
505231,road_hazard,"{""hazard"": true, ""kind"": ""unpaved""}",2026-08-15T06:02:43+00:00,0.7,REPORTED
505214,road_hazard,"{""hazard"": true, ""kind"": ""unpaved""}",2026-08-15T06:02:43+00:00,0.7,REPORTED
505215,road_hazard,"{""hazard"": true, ""kind"": ""unpaved""}",2026-08-15T06:02:43+00:00,0.7,REPORTED
505222,road_hazard,"{""hazard"": true, ""kind"": ""unpaved""}",2026-08-15T06:02:43+00:00,0.7,REPORTED
416102,road_hazard,"{""hazard"": true, ""kind"": ""unpaved""}",2026-08-15T06:02:43+00:00,0.7,REPORTED
416096,road_hazard,"{""hazard"": true, ""kind"": ""unpaved""}",2026-08-15T06:02:43+00:00,0.7,REPORTED
433746,road_hazard,"{""hazard"": true, ""kind"": ""unpaved""}",2026-08-15T06:02:43+00:00,0.7,REPORTED
513475,road_hazard,"{""hazard"": true, ""kind"": ""unpaved""}",2026-08-15T06:02:43+00:00,0.7,REPORTED
448433,road_hazard,"{""hazard"": true, ""kind"": ""unpaved""}",2026-08-15T06:02:43+00:00,0.7,REPORTED
448441,road_hazard,"{""hazard"": true, ""kind"": ""unpaved""}",2026-08-15T06:02:43+00:00,0.7,REPORTED
664714,road_hazard,"{""hazard"": true, ""kind"": ""unpaved""}",2026-08-15T06:02:43+00:00,0.7,REPORTED
664721,road_hazard,"{""hazard"": true, ""kind"": ""unpaved""}",2026-08-15T06:02:43+00:00,0.7,REPORTED
664720,road_hazard,"{""hazard"": true, ""kind"": ""unpaved""}",2026-08-15T06:02:43+00:00,0.7,REPORTED
549300,road_hazard,"{""hazard"": true, ""kind"": ""unpaved""}",2026-08-15T06:02:43+00:00,0.7,REPORTED
417464,road_hazard,"{""hazard"": true, ""kind"": ""unpaved""}",2026-08-15T06:02:43+00:00,0.7,REPORTED
597133,road_hazard,"{""hazard"": true, ""kind"": ""unpaved""}",2026-08-15T06:02:43+00:00,0.7,REPORTED
371912,road_hazard,"{""hazard"": true, ""kind"": ""unpaved""}",2026-08-15T06:02:43+00:00,0.7,REPORTED
381155,poor_lighting,"{""poor"": true}",2026-08-15T06:02:43+00:00,0.7,REPORTED
432612,road_hazard,"{""hazard"": true, ""kind"": ""unpaved""}",2026-08-15T06:02:43+00:00,0.7,REPORTED
432613,road_hazard,"{""hazard"": true, ""kind"": ""unpaved""}",2026-08-15T06:02:43+00:00,0.7,REPORTED
432513,road_hazard,"{""hazard"": true, ""kind"": ""unpaved""}",2026-08-15T06:02:43+00:00,0.7,REPORTED
554666,road_hazard,"{""hazard"": true, ""kind"": ""unpaved""}",2026-08-15T06:02:43+00:00,0.7,REPORTED
374321,road_hazard,"{""hazard"": true, ""kind"": ""unpaved""}",2026-08-15T06:02:43+00:00,0.7,REPORTED
374320,road_hazard,"{""hazard"": true, ""kind"": ""unpaved""}",2026-08-15T06:02:43+00:00,0.7,REPORTED
598597,road_hazard,"{""hazard"": true, ""kind"": ""unpaved""}",2026-08-15T06:02:43+00:00,0.7,REPORTED
556008,road_hazard,"{""hazard"": true, ""kind"": ""unpaved""}",2026-08-15T06:02:43+00:00,0.7,REPORTED
564464,blocked_sidewalk,"{""blocked"": true}",2026-08-15T06:02:43+00:00,0.7,REPORTED
564645,road_hazard,"{""hazard"": true, ""kind"": ""unpaved""}",2026-08-15T06:02:43+00:00,0.7,REPORTED
432191,road_hazard,"{""hazard"": true, ""kind"": ""unpaved""}",2026-08-15T06:02:43+00:00,0.7,REPORTED
588829,road_hazard,"{""hazard"": true, ""kind"": ""unpaved""}",2026-08-15T06:02:43+00:00,0.7,REPORTED
586914,road_hazard,"{""hazard"": true, ""kind"": ""unpaved""}",2026-08-15T06:02:43+00:00,0.7,REPORTED
429581,road_hazard,"{""hazard"": true, ""kind"": ""unpaved""}",2026-08-15T06:02:43+00:00,0.7,REPORTED
429915,road_hazard,"{""hazard"": true, ""kind"": ""unpaved""}",2026-08-15T06:02:43+00:00,0.7,REPORTED
547874,road_hazard,"{""hazard"": true, ""kind"": ""unpaved""}",2026-08-15T06:02:43+00:00,0.7,REPORTED
547919,road_hazard,"{""hazard"": true, ""kind"": ""unpaved""}",2026-08-15T06:02:43+00:00,0.7,REPORTED
547869,road_hazard,"{""hazard"": true, ""kind"": ""unpaved""}",2026-08-15T06:02:43+00:00,0.7,REPORTED
547870,road_hazard,"{""hazard"": true, ""kind"": ""unpaved""}",2026-08-15T06:02:43+00:00,0.7,REPORTED
431630,road_hazard,"{""hazard"": true, ""kind"": ""unpaved""}",2026-08-15T06:02:43+00:00,0.7,REPORTED
482408,road_hazard,"{""hazard"": true, ""kind"": ""unpaved""}",2026-08-15T06:02:43+00:00,0.7,REPORTED
415205,road_hazard,"{""hazard"": true, ""kind"": ""unpaved""}",2026-08-15T06:02:43+00:00,0.7,REPORTED
512941,road_hazard,"{""hazard"": true, ""kind"": ""dirt""}",2026-08-15T06:02:43+00:00,0.7,REPORTED
513042,road_hazard,"{""hazard"": true, ""kind"": ""dirt""}",2026-08-15T06:02:43+00:00,0.7,REPORTED
576327,road_hazard,"{""hazard"": true, ""kind"": ""unpaved""}",2026-08-15T06:02:43+00:00,0.7,REPORTED
552560,road_hazard,"{""hazard"": true, ""kind"": ""unpaved""}",2026-08-15T06:02:43+00:00,0.7,REPORTED
552543,road_hazard,"{""hazard"": true, ""kind"": ""unpaved""}",2026-08-15T06:02:43+00:00,0.7,REPORTED
602117,road_hazard,"{""hazard"": true, ""kind"": ""unpaved""}",2026-08-15T06:02:43+00:00,0.7,REPORTED
362079,blocked_sidewalk,"{""blocked"": true}",2026-08-15T06:02:43+00:00,0.7,REPORTED
487989,road_hazard,"{""hazard"": true, ""kind"": ""unpaved""}",2026-08-15T06:02:43+00:00,0.7,REPORTED
488018,road_hazard,"{""hazard"": true, ""kind"": ""unpaved""}",2026-08-15T06:02:43+00:00,0.7,REPORTED
487560,road_hazard,"{""hazard"": true, ""kind"": ""unpaved""}",2026-08-15T06:02:43+00:00,0.7,REPORTED
487490,road_hazard,"{""hazard"": true, ""kind"": ""unpaved""}",2026-08-15T06:02:43+00:00,0.7,REPORTED
542877,road_hazard,"{""hazard"": true, ""kind"": ""unpaved""}",2026-08-15T06:02:43+00:00,0.7,REPORTED
467271,blocked_sidewalk,"{""blocked"": true}",2026-08-15T06:02:43+00:00,0.7,REPORTED
494347,blocked_sidewalk,"{""blocked"": true}",2026-08-15T06:02:43+00:00,0.7,REPORTED
495692,blocked_sidewalk,"{""blocked"": true}",2026-08-15T06:02:43+00:00,0.7,REPORTED
664479,road_hazard,"{""hazard"": true, ""kind"": ""unpaved""}",2026-08-15T06:02:43+00:00,0.7,REPORTED
432274,road_hazard,"{""hazard"": true, ""kind"": ""unpaved""}",2026-08-15T06:02:43+00:00,0.7,REPORTED
374704,blocked_sidewalk,"{""blocked"": true}",2026-08-15T06:02:43+00:00,0.7,REPORTED
374753,blocked_sidewalk,"{""blocked"": true}",2026-08-15T06:02:43+00:00,0.7,REPORTED
464362,blocked_sidewalk,"{""blocked"": true}",2026-08-15T06:02:43+00:00,0.7,REPORTED
551753,road_hazard,"{""hazard"": true, ""kind"": ""unpaved""}",2026-08-15T06:02:43+00:00,0.7,REPORTED
543276,road_hazard,"{""hazard"": true, ""kind"": ""unpaved""}",2026-08-15T06:02:43+00:00,0.7,REPORTED
543511,road_hazard,"{""hazard"": true, ""kind"": ""unpaved""}",2026-08-15T06:02:43+00:00,0.7,REPORTED
484294,blocked_sidewalk,"{""blocked"": true}",2026-08-15T06:02:43+00:00,0.7,REPORTED
493430,blocked_sidewalk,"{""blocked"": true}",2026-08-15T06:02:43+00:00,0.7,REPORTED
507377,blocked_sidewalk,"{""blocked"": true}",2026-08-15T06:02:43+00:00,0.7,REPORTED
507315,blocked_sidewalk,"{""blocked"": true}",2026-08-15T06:02:43+00:00,0.7,REPORTED
507316,blocked_sidewalk,"{""blocked"": true}",2026-08-15T06:02:43+00:00,0.7,REPORTED
566016,blocked_sidewalk,"{""blocked"": true}",2026-08-15T06:02:43+00:00,0.7,REPORTED
566012,blocked_sidewalk,"{""blocked"": true}",2026-08-15T06:02:43+00:00,0.7,REPORTED
504112,blocked_sidewalk,"{""blocked"": true}",2026-08-15T06:02:43+00:00,0.7,REPORTED
504116,blocked_sidewalk,"{""blocked"": true}",2026-08-15T06:02:43+00:00,0.7,REPORTED
465749,poor_lighting,"{""poor"": true}",2026-08-15T06:02:43+00:00,0.7,REPORTED
542306,blocked_sidewalk,"{""blocked"": true}",2026-08-15T06:02:43+00:00,0.7,REPORTED
542143,blocked_sidewalk,"{""blocked"": true}",2026-08-15T06:02:43+00:00,0.7,REPORTED
542130,blocked_sidewalk,"{""blocked"": true}",2026-08-15T06:02:43+00:00,0.7,REPORTED
542128,blocked_sidewalk,"{""blocked"": true}",2026-08-15T06:02:43+00:00,0.7,REPORTED
542123,blocked_sidewalk,"{""blocked"": true}",2026-08-15T06:02:43+00:00,0.7,REPORTED
542281,blocked_sidewalk,"{""blocked"": true}",2026-08-15T06:02:43+00:00,0.7,REPORTED
542282,blocked_sidewalk,"{""blocked"": true}",2026-08-15T06:02:43+00:00,0.7,REPORTED
542329,blocked_sidewalk,"{""blocked"": true}",2026-08-15T06:02:43+00:00,0.7,REPORTED
542788,blocked_sidewalk,"{""blocked"": true}",2026-08-15T06:02:43+00:00,0.7,REPORTED
542780,blocked_sidewalk,"{""blocked"": true}",2026-08-15T06:02:43+00:00,0.7,REPORTED
542122,blocked_sidewalk,"{""blocked"": true}",2026-08-15T06:02:43+00:00,0.7,REPORTED
542124,blocked_sidewalk,"{""blocked"": true}",2026-08-15T06:02:43+00:00,0.7,REPORTED
558009,blocked_sidewalk,"{""blocked"": true}",2026-08-15T06:02:43+00:00,0.7,REPORTED
558008,blocked_sidewalk,"{""blocked"": true}",2026-08-15T06:02:43+00:00,0.7,REPORTED
542119,blocked_sidewalk,"{""blocked"": true}",2026-08-15T06:02:43+00:00,0.7,REPORTED
552044,blocked_sidewalk,"{""blocked"": true}",2026-08-15T06:02:43+00:00,0.7,REPORTED
552050,blocked_sidewalk,"{""blocked"": true}",2026-08-15T06:02:43+00:00,0.7,REPORTED
552178,blocked_sidewalk,"{""blocked"": true}",2026-08-15T06:02:43+00:00,0.7,REPORTED
552172,blocked_sidewalk,"{""blocked"": true}",2026-08-15T06:02:43+00:00,0.7,REPORTED
552042,blocked_sidewalk,"{""blocked"": true}",2026-08-15T06:02:43+00:00,0.7,REPORTED
557909,blocked_sidewalk,"{""blocked"": true}",2026-08-15T06:02:43+00:00,0.7,REPORTED
557914,blocked_sidewalk,"{""blocked"": true}",2026-08-15T06:02:43+00:00,0.7,REPORTED
553572,blocked_sidewalk,"{""blocked"": true}",2026-08-15T06:02:43+00:00,0.7,REPORTED
553564,blocked_sidewalk,"{""blocked"": true}",2026-08-15T06:02:43+00:00,0.7,REPORTED
553570,blocked_sidewalk,"{""blocked"": true}",2026-08-15T06:02:43+00:00,0.7,REPORTED
553583,blocked_sidewalk,"{""blocked"": true}",2026-08-15T06:02:43+00:00,0.7,REPORTED
553581,blocked_sidewalk,"{""blocked"": true}",2026-08-15T06:02:43+00:00,0.7,REPORTED
554349,blocked_sidewalk,"{""blocked"": true}",2026-08-15T06:02:43+00:00,0.7,REPORTED
554366,blocked_sidewalk,"{""blocked"": true}",2026-08-15T06:02:43+00:00,0.7,REPORTED
554397,blocked_sidewalk,"{""blocked"": true}",2026-08-15T06:02:43+00:00,0.7,REPORTED
553569,blocked_sidewalk,"{""blocked"": true}",2026-08-15T06:02:43+00:00,0.7,REPORTED
553582,blocked_sidewalk,"{""blocked"": true}",2026-08-15T06:02:43+00:00,0.7,REPORTED
553585,blocked_sidewalk,"{""blocked"": true}",2026-08-15T06:02:43+00:00,0.7,REPORTED
553566,blocked_sidewalk,"{""blocked"": true}",2026-08-15T06:02:43+00:00,0.7,REPORTED
553424,blocked_sidewalk,"{""blocked"": true}",2026-08-15T06:02:43+00:00,0.7,REPORTED
553406,blocked_sidewalk,"{""blocked"": true}",2026-08-15T06:02:43+00:00,0.7,REPORTED
553408,blocked_sidewalk,"{""blocked"": true}",2026-08-15T06:02:43+00:00,0.7,REPORTED
565158,blocked_sidewalk,"{""blocked"": true}",2026-08-15T06:02:43+00:00,0.7,REPORTED
565044,blocked_sidewalk,"{""blocked"": true}",2026-08-15T06:02:43+00:00,0.7,REPORTED
565049,blocked_sidewalk,"{""blocked"": true}",2026-08-15T06:02:43+00:00,0.7,REPORTED
565045,blocked_sidewalk,"{""blocked"": true}",2026-08-15T06:02:43+00:00,0.7,REPORTED
565157,blocked_sidewalk,"{""blocked"": true}",2026-08-15T06:02:43+00:00,0.7,REPORTED
565191,blocked_sidewalk,"{""blocked"": true}",2026-08-15T06:02:43+00:00,0.7,REPORTED
565190,blocked_sidewalk,"{""blocked"": true}",2026-08-15T06:02:43+00:00,0.7,REPORTED
553306,blocked_sidewalk,"{""blocked"": true}",2026-08-15T06:02:43+00:00,0.7,REPORTED
553381,blocked_sidewalk,"{""blocked"": true}",2026-08-15T06:02:43+00:00,0.7,REPORTED
565233,blocked_sidewalk,"{""blocked"": true}",2026-08-15T06:02:43+00:00,0.7,REPORTED
512834,poor_lighting,"{""poor"": true}",2026-08-15T06:02:43+00:00,0.7,REPORTED
512385,road_hazard,"{""hazard"": true, ""kind"": ""dirt""}",2026-08-15T06:02:43+00:00,0.7,REPORTED
513021,road_hazard,"{""hazard"": true, ""kind"": ""dirt""}",2026-08-15T06:02:43+00:00,0.7,REPORTED
512382,road_hazard,"{""hazard"": true, ""kind"": ""dirt""}",2026-08-15T06:02:43+00:00,0.7,REPORTED
512372,poor_lighting,"{""poor"": true}",2026-08-15T06:02:43+00:00,0.7,REPORTED
512372,road_hazard,"{""hazard"": true, ""kind"": ""dirt""}",2026-08-15T06:02:43+00:00,0.7,REPORTED
512365,road_hazard,"{""hazard"": true, ""kind"": ""dirt""}",2026-08-15T06:02:43+00:00,0.7,REPORTED
513024,poor_lighting,"{""poor"": true}",2026-08-15T06:02:43+00:00,0.7,REPORTED
513024,road_hazard,"{""hazard"": true, ""kind"": ""dirt""}",2026-08-15T06:02:43+00:00,0.7,REPORTED
512383,road_hazard,"{""hazard"": true, ""kind"": ""dirt""}",2026-08-15T06:02:43+00:00,0.7,REPORTED
512366,poor_lighting,"{""poor"": true}",2026-08-15T06:02:43+00:00,0.7,REPORTED
512366,road_hazard,"{""hazard"": true, ""kind"": ""dirt""}",2026-08-15T06:02:43+00:00,0.7,REPORTED
513019,poor_lighting,"{""poor"": true}",2026-08-15T06:02:43+00:00,0.7,REPORTED
513019,road_hazard,"{""hazard"": true, ""kind"": ""dirt""}",2026-08-15T06:02:43+00:00,0.7,REPORTED
512367,road_hazard,"{""hazard"": true, ""kind"": ""dirt""}",2026-08-15T06:02:43+00:00,0.7,REPORTED
512384,road_hazard,"{""hazard"": true, ""kind"": ""dirt""}",2026-08-15T06:02:43+00:00,0.7,REPORTED
512381,poor_lighting,"{""poor"": true}",2026-08-15T06:02:43+00:00,0.7,REPORTED
512381,road_hazard,"{""hazard"": true, ""kind"": ""dirt""}",2026-08-15T06:02:43+00:00,0.7,REPORTED
512378,poor_lighting,"{""poor"": true}",2026-08-15T06:02:43+00:00,0.7,REPORTED
513415,road_hazard,"{""hazard"": true, ""kind"": ""dirt""}",2026-08-15T06:02:43+00:00,0.7,REPORTED
513414,road_hazard,"{""hazard"": true, ""kind"": ""dirt""}",2026-08-15T06:02:43+00:00,0.7,REPORTED
513423,road_hazard,"{""hazard"": true, ""kind"": ""dirt""}",2026-08-15T06:02:43+00:00,0.7,REPORTED
513424,road_hazard,"{""hazard"": true, ""kind"": ""dirt""}",2026-08-15T06:02:43+00:00,0.7,REPORTED
513426,road_hazard,"{""hazard"": true, ""kind"": ""dirt""}",2026-08-15T06:02:43+00:00,0.7,REPORTED
513425,road_hazard,"{""hazard"": true, ""kind"": ""dirt""}",2026-08-15T06:02:43+00:00,0.7,REPORTED
490644,road_hazard,"{""hazard"": true, ""kind"": ""unpaved""}",2026-08-15T06:02:43+00:00,0.7,REPORTED
606710,road_hazard,"{""hazard"": true, ""kind"": ""unpaved""}",2026-08-15T06:02:43+00:00,0.7,REPORTED
607481,road_hazard,"{""hazard"": true, ""kind"": ""unpaved""}",2026-08-15T06:02:43+00:00,0.7,REPORTED
607480,road_hazard,"{""hazard"": true, ""kind"": ""unpaved""}",2026-08-15T06:02:43+00:00,0.7,REPORTED
533042,road_hazard,"{""hazard"": true, ""kind"": ""unpaved""}",2026-08-15T06:02:43+00:00,0.7,REPORTED
533040,road_hazard,"{""hazard"": true, ""kind"": ""unpaved""}",2026-08-15T06:02:43+00:00,0.7,REPORTED
468092,blocked_sidewalk,"{""blocked"": true}",2026-08-15T06:02:43+00:00,0.7,REPORTED
589104,road_hazard,"{""hazard"": true, ""kind"": ""unpaved""}",2026-08-15T06:02:43+00:00,0.7,REPORTED
450193,road_hazard,"{""hazard"": true, ""kind"": ""unpaved""}",2026-08-15T06:02:43+00:00,0.7,REPORTED
592480,blocked_sidewalk,"{""blocked"": true}",2026-08-15T06:02:43+00:00,0.7,REPORTED
493445,blocked_sidewalk,"{""blocked"": true}",2026-08-15T06:02:43+00:00,0.7,REPORTED
493477,blocked_sidewalk,"{""blocked"": true}",2026-08-15T06:02:43+00:00,0.7,REPORTED
487772,road_hazard,"{""hazard"": true, ""kind"": ""unpaved""}",2026-08-15T06:02:43+00:00,0.7,REPORTED
556464,road_hazard,"{""hazard"": true, ""kind"": ""unpaved""}",2026-08-15T06:02:43+00:00,0.7,REPORTED
556465,road_hazard,"{""hazard"": true, ""kind"": ""unpaved""}",2026-08-15T06:02:43+00:00,0.7,REPORTED
556466,road_hazard,"{""hazard"": true, ""kind"": ""unpaved""}",2026-08-15T06:02:43+00:00,0.7,REPORTED
556463,road_hazard,"{""hazard"": true, ""kind"": ""unpaved""}",2026-08-15T06:02:43+00:00,0.7,REPORTED
603308,road_hazard,"{""hazard"": true, ""kind"": ""unpaved""}",2026-08-15T06:02:43+00:00,0.7,REPORTED
468021,blocked_sidewalk,"{""blocked"": true}",2026-08-15T06:02:43+00:00,0.7,REPORTED
565558,road_hazard,"{""hazard"": true, ""kind"": ""unpaved""}",2026-08-15T06:02:43+00:00,0.7,REPORTED
459673,blocked_sidewalk,"{""blocked"": true}",2026-08-15T06:02:43+00:00,0.7,REPORTED
459674,blocked_sidewalk,"{""blocked"": true}",2026-08-15T06:02:43+00:00,0.7,REPORTED
469570,road_hazard,"{""hazard"": true, ""kind"": ""sand""}",2026-08-15T06:02:43+00:00,0.7,REPORTED
375055,blocked_sidewalk,"{""blocked"": true}",2026-08-15T06:02:43+00:00,0.7,REPORTED
451189,blocked_sidewalk,"{""blocked"": true}",2026-08-15T06:02:43+00:00,0.7,REPORTED
495985,road_hazard,"{""hazard"": true, ""kind"": ""mud""}",2026-08-15T06:02:43+00:00,0.7,REPORTED
495938,road_hazard,"{""hazard"": true, ""kind"": ""unpaved""}",2026-08-15T06:02:43+00:00,0.7,REPORTED
495988,poor_lighting,"{""poor"": true}",2026-08-15T06:02:43+00:00,0.7,REPORTED
495988,road_hazard,"{""hazard"": true, ""kind"": ""dirt""}",2026-08-15T06:02:43+00:00,0.7,REPORTED
495928,road_hazard,"{""hazard"": true, ""kind"": ""unpaved""}",2026-08-15T06:02:43+00:00,0.7,REPORTED
495927,road_hazard,"{""hazard"": true, ""kind"": ""mud""}",2026-08-15T06:02:43+00:00,0.7,REPORTED
495925,poor_lighting,"{""poor"": true}",2026-08-15T06:02:43+00:00,0.7,REPORTED
495925,road_hazard,"{""hazard"": true, ""kind"": ""dirt""}",2026-08-15T06:02:43+00:00,0.7,REPORTED
495926,road_hazard,"{""hazard"": true, ""kind"": ""unpaved""}",2026-08-15T06:02:43+00:00,0.7,REPORTED
468954,road_hazard,"{""hazard"": true, ""kind"": ""unpaved""}",2026-08-15T06:02:43+00:00,0.7,REPORTED
479531,road_hazard,"{""hazard"": true, ""kind"": ""unpaved""}",2026-08-15T06:02:43+00:00,0.7,REPORTED
479546,road_hazard,"{""hazard"": true, ""kind"": ""unpaved""}",2026-08-15T06:02:43+00:00,0.7,REPORTED
479545,road_hazard,"{""hazard"": true, ""kind"": ""unpaved""}",2026-08-15T06:02:43+00:00,0.7,REPORTED
479523,road_hazard,"{""hazard"": true, ""kind"": ""unpaved""}",2026-08-15T06:02:43+00:00,0.7,REPORTED
479547,road_hazard,"{""hazard"": true, ""kind"": ""unpaved""}",2026-08-15T06:02:43+00:00,0.7,REPORTED
479522,road_hazard,"{""hazard"": true, ""kind"": ""unpaved""}",2026-08-15T06:02:43+00:00,0.7,REPORTED
479528,road_hazard,"{""hazard"": true, ""kind"": ""unpaved""}",2026-08-15T06:02:43+00:00,0.7,REPORTED
479527,road_hazard,"{""hazard"": true, ""kind"": ""unpaved""}",2026-08-15T06:02:43+00:00,0.7,REPORTED
479525,road_hazard,"{""hazard"": true, ""kind"": ""unpaved""}",2026-08-15T06:02:43+00:00,0.7,REPORTED
479535,road_hazard,"{""hazard"": true, ""kind"": ""unpaved""}",2026-08-15T06:02:43+00:00,0.7,REPORTED
479510,road_hazard,"{""hazard"": true, ""kind"": ""unpaved""}",2026-08-15T06:02:43+00:00,0.7,REPORTED
479526,road_hazard,"{""hazard"": true, ""kind"": ""unpaved""}",2026-08-15T06:02:43+00:00,0.7,REPORTED
479532,road_hazard,"{""hazard"": true, ""kind"": ""unpaved""}",2026-08-15T06:02:43+00:00,0.7,REPORTED
479533,road_hazard,"{""hazard"": true, ""kind"": ""unpaved""}",2026-08-15T06:02:43+00:00,0.7,REPORTED
479597,road_hazard,"{""hazard"": true, ""kind"": ""unpaved""}",2026-08-15T06:02:43+00:00,0.7,REPORTED
466872,blocked_sidewalk,"{""blocked"": true}",2026-08-15T06:02:43+00:00,0.7,REPORTED
466871,blocked_sidewalk,"{""blocked"": true}",2026-08-15T06:02:43+00:00,0.7,REPORTED
466885,blocked_sidewalk,"{""blocked"": true}",2026-08-15T06:02:43+00:00,0.7,REPORTED
464238,blocked_sidewalk,"{""blocked"": true}",2026-08-15T06:02:43+00:00,0.7,REPORTED
579624,blocked_sidewalk,"{""blocked"": true}",2026-08-15T06:02:43+00:00,0.7,REPORTED
579623,blocked_sidewalk,"{""blocked"": true}",2026-08-15T06:02:43+00:00,0.7,REPORTED
580011,road_hazard,"{""hazard"": true, ""kind"": ""unpaved""}",2026-08-15T06:02:43+00:00,0.7,REPORTED
468230,blocked_sidewalk,"{""blocked"": true}",2026-08-15T06:02:43+00:00,0.7,REPORTED
450152,road_hazard,"{""hazard"": true, ""kind"": ""unpaved""}",2026-08-15T06:02:43+00:00,0.7,REPORTED
450183,road_hazard,"{""hazard"": true, ""kind"": ""unpaved""}",2026-08-15T06:02:43+00:00,0.7,REPORTED
450184,road_hazard,"{""hazard"": true, ""kind"": ""unpaved""}",2026-08-15T06:02:43+00:00,0.7,REPORTED
450182,road_hazard,"{""hazard"": true, ""kind"": ""unpaved""}",2026-08-15T06:02:43+00:00,0.7,REPORTED
450180,road_hazard,"{""hazard"": true, ""kind"": ""unpaved""}",2026-08-15T06:02:43+00:00,0.7,REPORTED
450136,road_hazard,"{""hazard"": true, ""kind"": ""unpaved""}",2026-08-15T06:02:43+00:00,0.7,REPORTED
487565,road_hazard,"{""hazard"": true, ""kind"": ""unpaved""}",2026-08-15T06:02:43+00:00,0.7,REPORTED
605543,road_hazard,"{""hazard"": true, ""kind"": ""unpaved""}",2026-08-15T06:02:43+00:00,0.7,REPORTED
579580,blocked_sidewalk,"{""blocked"": true}",2026-08-15T06:02:43+00:00,0.7,REPORTED
603577,road_hazard,"{""hazard"": true, ""kind"": ""unpaved""}",2026-08-15T06:02:43+00:00,0.7,REPORTED
450326,road_hazard,"{""hazard"": true, ""kind"": ""sand""}",2026-08-15T06:02:43+00:00,0.7,REPORTED
471031,road_hazard,"{""hazard"": true, ""kind"": ""unpaved""}",2026-08-15T06:02:43+00:00,0.7,REPORTED
505668,poor_lighting,"{""poor"": true}",2026-08-15T06:02:43+00:00,0.7,REPORTED
469166,road_hazard,"{""hazard"": true, ""kind"": ""unpaved""}",2026-08-15T06:02:43+00:00,0.7,REPORTED
515639,road_hazard,"{""hazard"": true, ""kind"": ""unpaved""}",2026-08-15T06:02:43+00:00,0.7,REPORTED
450190,road_hazard,"{""hazard"": true, ""kind"": ""unpaved""}",2026-08-15T06:02:43+00:00,0.7,REPORTED
381153,poor_lighting,"{""poor"": true}",2026-08-15T06:02:43+00:00,0.7,REPORTED
464237,road_hazard,"{""hazard"": true, ""kind"": ""ground""}",2026-08-15T06:02:43+00:00,0.7,REPORTED
592210,blocked_sidewalk,"{""blocked"": true}",2026-08-15T06:02:43+00:00,0.7,REPORTED
495931,poor_lighting,"{""poor"": true}",2026-08-15T06:02:43+00:00,0.7,REPORTED
495931,road_hazard,"{""hazard"": true, ""kind"": ""dirt""}",2026-08-15T06:02:43+00:00,0.7,REPORTED
510252,road_hazard,"{""hazard"": true, ""kind"": ""ground""}",2026-08-15T06:02:43+00:00,0.7,REPORTED
579636,road_hazard,"{""hazard"": true, ""kind"": ""unpaved""}",2026-08-15T06:02:43+00:00,0.7,REPORTED
579635,road_hazard,"{""hazard"": true, ""kind"": ""unpaved""}",2026-08-15T06:02:43+00:00,0.7,REPORTED
514233,poor_lighting,"{""poor"": true}",2026-08-15T06:02:43+00:00,0.7,REPORTED
495529,road_hazard,"{""hazard"": true, ""kind"": ""dirt""}",2026-08-15T06:02:43+00:00,0.7,REPORTED
495526,road_hazard,"{""hazard"": true, ""kind"": ""dirt""}",2026-08-15T06:02:43+00:00,0.7,REPORTED
400714,blocked_sidewalk,"{""blocked"": true}",2026-08-15T06:02:43+00:00,0.7,REPORTED
470501,road_hazard,"{""hazard"": true, ""kind"": ""unpaved""}",2026-08-15T06:02:43+00:00,0.7,REPORTED
597135,road_hazard,"{""hazard"": true, ""kind"": ""unpaved""}",2026-08-15T06:02:43+00:00,0.7,REPORTED
361971,blocked_sidewalk,"{""blocked"": true}",2026-08-15T06:02:43+00:00,0.7,REPORTED
464191,blocked_sidewalk,"{""blocked"": true}",2026-08-15T06:02:43+00:00,0.7,REPORTED
514265,poor_lighting,"{""poor"": true}",2026-08-15T06:02:43+00:00,0.7,REPORTED
416586,road_hazard,"{""hazard"": true, ""kind"": ""unpaved""}",2026-08-15T06:02:43+00:00,0.7,REPORTED
416589,road_hazard,"{""hazard"": true, ""kind"": ""unpaved""}",2026-08-15T06:02:43+00:00,0.7,REPORTED
451188,blocked_sidewalk,"{""blocked"": true}",2026-08-15T06:02:43+00:00,0.7,REPORTED
483993,blocked_sidewalk,"{""blocked"": true}",2026-08-15T06:02:43+00:00,0.7,REPORTED
592443,blocked_sidewalk,"{""blocked"": true}",2026-08-15T06:02:43+00:00,0.7,REPORTED
514249,poor_lighting,"{""poor"": true}",2026-08-15T06:02:43+00:00,0.7,REPORTED
493429,blocked_sidewalk,"{""blocked"": true}",2026-08-15T06:02:43+00:00,0.7,REPORTED
594054,blocked_sidewalk,"{""blocked"": true}",2026-08-15T06:02:43+00:00,0.7,REPORTED
592971,blocked_sidewalk,"{""blocked"": true}",2026-08-15T06:02:43+00:00,0.7,REPORTED
592947,blocked_sidewalk,"{""blocked"": true}",2026-08-15T06:02:43+00:00,0.7,REPORTED
590242,road_hazard,"{""hazard"": true, ""kind"": ""mud""}",2026-08-15T06:02:43+00:00,0.7,REPORTED
590205,blocked_sidewalk,"{""blocked"": true}",2026-08-15T06:02:43+00:00,0.7,REPORTED
583863,road_hazard,"{""hazard"": true, ""kind"": ""unpaved""}",2026-08-15T06:02:43+00:00,0.7,REPORTED
618796,road_hazard,"{""hazard"": true, ""kind"": ""unpaved""}",2026-08-15T06:02:43+00:00,0.7,REPORTED
618797,road_hazard,"{""hazard"": true, ""kind"": ""unpaved""}",2026-08-15T06:02:43+00:00,0.7,REPORTED
602428,road_hazard,"{""hazard"": true, ""kind"": ""unpaved""}",2026-08-15T06:02:43+00:00,0.7,REPORTED
602426,road_hazard,"{""hazard"": true, ""kind"": ""unpaved""}",2026-08-15T06:02:43+00:00,0.7,REPORTED
593553,road_hazard,"{""hazard"": true, ""kind"": ""unpaved""}",2026-08-15T06:02:43+00:00,0.7,REPORTED
460717,poor_lighting,"{""poor"": true}",2026-08-15T06:02:43+00:00,0.7,REPORTED
463960,blocked_sidewalk,"{""blocked"": true}",2026-08-15T06:02:43+00:00,0.7,REPORTED
573087,road_hazard,"{""hazard"": true, ""kind"": ""unpaved""}",2026-08-15T06:02:43+00:00,0.7,REPORTED
573100,road_hazard,"{""hazard"": true, ""kind"": ""unpaved""}",2026-08-15T06:02:43+00:00,0.7,REPORTED
415519,road_hazard,"{""hazard"": true, ""kind"": ""unpaved""}",2026-08-15T06:02:43+00:00,0.7,REPORTED
415518,road_hazard,"{""hazard"": true, ""kind"": ""unpaved""}",2026-08-15T06:02:43+00:00,0.7,REPORTED
463975,blocked_sidewalk,"{""blocked"": true}",2026-08-15T06:02:43+00:00,0.7,REPORTED
418954,road_hazard,"{""hazard"": true, ""kind"": ""unpaved""}",2026-08-15T06:02:43+00:00,0.7,REPORTED
541270,road_hazard,"{""hazard"": true, ""kind"": ""unpaved""}",2026-08-15T06:02:43+00:00,0.7,REPORTED
541245,road_hazard,"{""hazard"": true, ""kind"": ""unpaved""}",2026-08-15T06:02:43+00:00,0.7,REPORTED
541246,road_hazard,"{""hazard"": true, ""kind"": ""unpaved""}",2026-08-15T06:02:43+00:00,0.7,REPORTED
560293,road_hazard,"{""hazard"": true, ""kind"": ""ground""}",2026-08-15T06:02:43+00:00,0.7,REPORTED
604206,road_hazard,"{""hazard"": true, ""kind"": ""unpaved""}",2026-08-15T06:02:43+00:00,0.7,REPORTED
450441,road_hazard,"{""hazard"": true, ""kind"": ""dirt""}",2026-08-15T06:02:43+00:00,0.7,REPORTED
450415,road_hazard,"{""hazard"": true, ""kind"": ""dirt""}",2026-08-15T06:02:43+00:00,0.7,REPORTED
415033,road_hazard,"{""hazard"": true, ""kind"": ""unpaved""}",2026-08-15T06:02:43+00:00,0.7,REPORTED
415112,road_hazard,"{""hazard"": true, ""kind"": ""unpaved""}",2026-08-15T06:02:43+00:00,0.7,REPORTED
541878,road_hazard,"{""hazard"": true, ""kind"": ""unpaved""}",2026-08-15T06:02:43+00:00,0.7,REPORTED
541880,road_hazard,"{""hazard"": true, ""kind"": ""unpaved""}",2026-08-15T06:02:43+00:00,0.7,REPORTED
541804,road_hazard,"{""hazard"": true, ""kind"": ""unpaved""}",2026-08-15T06:02:43+00:00,0.7,REPORTED
541805,road_hazard,"{""hazard"": true, ""kind"": ""unpaved""}",2026-08-15T06:02:43+00:00,0.7,REPORTED
589352,road_hazard,"{""hazard"": true, ""kind"": ""unpaved""}",2026-08-15T06:02:43+00:00,0.7,REPORTED
402276,blocked_sidewalk,"{""blocked"": true}",2026-08-15T06:02:43+00:00,0.7,REPORTED
408588,road_hazard,"{""hazard"": true, ""kind"": ""unpaved""}",2026-08-15T06:02:43+00:00,0.7,REPORTED
408587,poor_lighting,"{""poor"": true}",2026-08-15T06:02:43+00:00,0.7,REPORTED
380896,road_hazard,"{""hazard"": true, ""kind"": ""dirt""}",2026-08-15T06:02:43+00:00,0.7,REPORTED
380897,road_hazard,"{""hazard"": true, ""kind"": ""dirt""}",2026-08-15T06:02:43+00:00,0.7,REPORTED
408589,road_hazard,"{""hazard"": true, ""kind"": ""unpaved""}",2026-08-15T06:02:43+00:00,0.7,REPORTED
408594,road_hazard,"{""hazard"": true, ""kind"": ""unpaved""}",2026-08-15T06:02:43+00:00,0.7,REPORTED
510935,poor_lighting,"{""poor"": true}",2026-08-15T06:02:43+00:00,0.7,REPORTED
604793,road_hazard,"{""hazard"": true, ""kind"": ""unpaved""}",2026-08-15T06:02:43+00:00,0.7,REPORTED
412189,poor_lighting,"{""poor"": true}",2026-08-15T06:02:43+00:00,0.7,REPORTED
460716,poor_lighting,"{""poor"": true}",2026-08-15T06:02:43+00:00,0.7,REPORTED
460720,poor_lighting,"{""poor"": true}",2026-08-15T06:02:43+00:00,0.7,REPORTED
460722,poor_lighting,"{""poor"": true}",2026-08-15T06:02:43+00:00,0.7,REPORTED
460718,poor_lighting,"{""poor"": true}",2026-08-15T06:02:43+00:00,0.7,REPORTED
550618,road_hazard,"{""hazard"": true, ""kind"": ""dirt""}",2026-08-15T06:02:43+00:00,0.7,REPORTED
576401,road_hazard,"{""hazard"": true, ""kind"": ""unpaved""}",2026-08-15T06:02:43+00:00,0.7,REPORTED
490532,blocked_sidewalk,"{""blocked"": true}",2026-08-15T06:02:43+00:00,0.7,REPORTED
532775,road_hazard,"{""hazard"": true, ""kind"": ""unpaved""}",2026-08-15T06:02:43+00:00,0.7,REPORTED
480704,road_hazard,"{""hazard"": true, ""kind"": ""unpaved""}",2026-08-15T06:02:43+00:00,0.7,REPORTED
589591,road_hazard,"{""hazard"": true, ""kind"": ""unpaved""}",2026-08-15T06:02:43+00:00,0.7,REPORTED
460693,blocked_sidewalk,"{""blocked"": true}",2026-08-15T06:02:43+00:00,0.7,REPORTED
462895,blocked_sidewalk,"{""blocked"": true}",2026-08-15T06:02:43+00:00,0.7,REPORTED
462896,blocked_sidewalk,"{""blocked"": true}",2026-08-15T06:02:43+00:00,0.7,REPORTED
460692,blocked_sidewalk,"{""blocked"": true}",2026-08-15T06:02:43+00:00,0.7,REPORTED
501303,road_hazard,"{""hazard"": true, ""kind"": ""mud""}",2026-08-15T06:02:43+00:00,0.7,REPORTED
486753,road_hazard,"{""hazard"": true, ""kind"": ""unpaved""}",2026-08-15T06:02:43+00:00,0.7,REPORTED
400962,road_hazard,"{""hazard"": true, ""kind"": ""unpaved""}",2026-08-15T06:02:43+00:00,0.7,REPORTED
401011,road_hazard,"{""hazard"": true, ""kind"": ""unpaved""}",2026-08-15T06:02:43+00:00,0.7,REPORTED
365185,road_hazard,"{""hazard"": true, ""kind"": ""unpaved""}",2026-08-15T06:02:43+00:00,0.7,REPORTED
397750,poor_lighting,"{""poor"": true}",2026-08-15T06:02:43+00:00,0.7,REPORTED
397750,road_hazard,"{""hazard"": true, ""kind"": ""ground""}",2026-08-15T06:02:43+00:00,0.7,REPORTED
397755,poor_lighting,"{""poor"": true}",2026-08-15T06:02:43+00:00,0.7,REPORTED
397755,road_hazard,"{""hazard"": true, ""kind"": ""ground""}",2026-08-15T06:02:43+00:00,0.7,REPORTED
397758,poor_lighting,"{""poor"": true}",2026-08-15T06:02:43+00:00,0.7,REPORTED
397758,road_hazard,"{""hazard"": true, ""kind"": ""ground""}",2026-08-15T06:02:43+00:00,0.7,REPORTED
397757,poor_lighting,"{""poor"": true}",2026-08-15T06:02:43+00:00,0.7,REPORTED
397757,road_hazard,"{""hazard"": true, ""kind"": ""ground""}",2026-08-15T06:02:43+00:00,0.7,REPORTED
397752,poor_lighting,"{""poor"": true}",2026-08-15T06:02:43+00:00,0.7,REPORTED
397752,road_hazard,"{""hazard"": true, ""kind"": ""ground""}",2026-08-15T06:02:43+00:00,0.7,REPORTED
397753,poor_lighting,"{""poor"": true}",2026-08-15T06:02:43+00:00,0.7,REPORTED
397753,road_hazard,"{""hazard"": true, ""kind"": ""ground""}",2026-08-15T06:02:43+00:00,0.7,REPORTED
397756,poor_lighting,"{""poor"": true}",2026-08-15T06:02:43+00:00,0.7,REPORTED
397756,road_hazard,"{""hazard"": true, ""kind"": ""ground""}",2026-08-15T06:02:43+00:00,0.7,REPORTED
397759,poor_lighting,"{""poor"": true}",2026-08-15T06:02:43+00:00,0.7,REPORTED
397759,road_hazard,"{""hazard"": true, ""kind"": ""ground""}",2026-08-15T06:02:43+00:00,0.7,REPORTED
397754,poor_lighting,"{""poor"": true}",2026-08-15T06:02:43+00:00,0.7,REPORTED
397754,road_hazard,"{""hazard"": true, ""kind"": ""ground""}",2026-08-15T06:02:43+00:00,0.7,REPORTED
397764,poor_lighting,"{""poor"": true}",2026-08-15T06:02:43+00:00,0.7,REPORTED
397764,road_hazard,"{""hazard"": true, ""kind"": ""ground""}",2026-08-15T06:02:43+00:00,0.7,REPORTED
401002,road_hazard,"{""hazard"": true, ""kind"": ""ground""}",2026-08-15T06:02:43+00:00,0.7,REPORTED
400949,blocked_sidewalk,"{""blocked"": true}",2026-08-15T06:02:43+00:00,0.7,REPORTED
380010,poor_lighting,"{""poor"": true}",2026-08-15T06:02:43+00:00,0.7,REPORTED
380011,poor_lighting,"{""poor"": true}",2026-08-15T06:02:43+00:00,0.7,REPORTED
380017,poor_lighting,"{""poor"": true}",2026-08-15T06:02:43+00:00,0.7,REPORTED
380029,poor_lighting,"{""poor"": true}",2026-08-15T06:02:43+00:00,0.7,REPORTED
464985,blocked_sidewalk,"{""blocked"": true}",2026-08-15T06:02:43+00:00,0.7,REPORTED
509980,road_hazard,"{""hazard"": true, ""kind"": ""unpaved""}",2026-08-15T06:02:43+00:00,0.7,REPORTED
464501,road_hazard,"{""hazard"": true, ""kind"": ""dirt""}",2026-08-15T06:02:43+00:00,0.7,REPORTED
464504,road_hazard,"{""hazard"": true, ""kind"": ""dirt""}",2026-08-15T06:02:43+00:00,0.7,REPORTED
464502,road_hazard,"{""hazard"": true, ""kind"": ""dirt""}",2026-08-15T06:02:43+00:00,0.7,REPORTED
680784,road_hazard,"{""hazard"": true, ""kind"": ""unpaved""}",2026-08-15T06:02:43+00:00,0.7,REPORTED
464451,road_hazard,"{""hazard"": true, ""kind"": ""dirt""}",2026-08-15T06:02:43+00:00,0.7,REPORTED
464503,road_hazard,"{""hazard"": true, ""kind"": ""dirt""}",2026-08-15T06:02:43+00:00,0.7,REPORTED
598374,road_hazard,"{""hazard"": true, ""kind"": ""unpaved""}",2026-08-15T06:02:43+00:00,0.7,REPORTED
487781,road_hazard,"{""hazard"": true, ""kind"": ""unpaved""}",2026-08-15T06:02:43+00:00,0.7,REPORTED
399648,road_hazard,"{""hazard"": true, ""kind"": ""unpaved""}",2026-08-15T06:02:43+00:00,0.7,REPORTED
583142,road_hazard,"{""hazard"": true, ""kind"": ""unpaved""}",2026-08-15T06:02:43+00:00,0.7,REPORTED
